quality_set,tree_id,response,predictor,model_type,dropped_taxon,term,estimate,p_value,lambda,n_taxa,reason,source_path,variant_group,note,n_tips,is_rooted,is_ultrametric,tree_height,total_branch_length,rf_distance_vs_reference,fdr_p_value
main_dataset,working_tree,abs_winding_angle_deg,n_turns_abs,tree_variant,NA,NA,NA,NA,NA,NA,"No valid PGLS fit for lambda in [0, 1].",data/phylogeny/P01_Trees/01_primary_tree_grafen.tre,working,Topology-based Grafen primary working tree; branch lengths are not interpreted as divergence times.,15,TRUE,TRUE,1.00000000018,7.50000000015000,0,NA
main_dataset,working_tree,abs_winding_angle_deg,start_end_dist,tree_variant,NA,start_end_dist,6.37436651288029e+02,2.54428553766260e-04,1.000000000000000,14,NA,data/phylogeny/P01_Trees/01_primary_tree_grafen.tre,working,Topology-based Grafen primary working tree; branch lengths are not interpreted as divergence times.,15,TRUE,TRUE,1.00000000018,7.50000000015000,0,9.54107076623476e-04
main_dataset,working_tree,abs_winding_angle_deg,axial_span,tree_variant,NA,axial_span,9.16373592337256e+02,5.54289022407821e-04,0.850825839229913,14,NA,data/phylogeny/P01_Trees/01_primary_tree_grafen.tre,working,Topology-based Grafen primary working tree; branch lengths are not interpreted as divergence times.,15,TRUE,TRUE,1.00000000018,7.50000000015000,0,2.14074593297885e-03
main_dataset,working_tree,abs_winding_angle_deg,axial_pitch_360,tree_variant,NA,axial_pitch_360,6.89534933476099e+02,6.13798479609815e-02,0.852273896126306,14,NA,data/phylogeny/P01_Trees/01_primary_tree_grafen.tre,working,Topology-based Grafen primary working tree; branch lengths are not interpreted as divergence times.,15,TRUE,TRUE,1.00000000018,7.50000000015000,0,1.54535527917392e-01
main_dataset,working_tree,abs_winding_angle_deg,fit_radius,tree_variant,NA,fit_radius,1.25952335196397e+03,1.34781923890352e-01,0.717007690977094,14,NA,data/phylogeny/P01_Trees/01_primary_tree_grafen.tre,working,Topology-based Grafen primary working tree; branch lengths are not interpreted as divergence times.,15,TRUE,TRUE,1.00000000018,7.50000000015000,0,1.66610138650948e-01
main_dataset,working_tree,n_turns_abs,start_end_dist,tree_variant,NA,start_end_dist,1.77065736468897e+00,2.54428553766259e-04,1.000000000000000,14,NA,data/phylogeny/P01_Trees/01_primary_tree_grafen.tre,working,Topology-based Grafen primary working tree; branch lengths are not interpreted as divergence times.,15,TRUE,TRUE,1.00000000018,7.50000000015000,0,9.54107076623470e-04
main_dataset,working_tree,n_turns_abs,axial_span,tree_variant,NA,axial_span,2.54548220093394e+00,5.54289022401180e-04,0.850825839234036,14,NA,data/phylogeny/P01_Trees/01_primary_tree_grafen.tre,working,Topology-based Grafen primary working tree; branch lengths are not interpreted as divergence times.,15,TRUE,TRUE,1.00000000018,7.50000000015000,0,2.14074593297885e-03
main_dataset,working_tree,n_turns_abs,axial_pitch_360,tree_variant,NA,axial_pitch_360,1.91537481520248e+00,6.13798479623933e-02,0.852273896119420,14,NA,data/phylogeny/P01_Trees/01_primary_tree_grafen.tre,working,Topology-based Grafen primary working tree; branch lengths are not interpreted as divergence times.,15,TRUE,TRUE,1.00000000018,7.50000000015000,0,1.54535527917392e-01
main_dataset,working_tree,n_turns_abs,fit_radius,tree_variant,NA,fit_radius,3.49867598687018e+00,1.34781915664482e-01,0.717007646969650,14,NA,data/phylogeny/P01_Trees/01_primary_tree_grafen.tre,working,Topology-based Grafen primary working tree; branch lengths are not interpreted as divergence times.,15,TRUE,TRUE,1.00000000018,7.50000000015000,0,1.66610138650948e-01
main_dataset,working_tree,start_end_dist,axial_span,tree_variant,NA,axial_span,3.95242133513769e-01,1.20167638238216e-01,0.000000000000000,14,NA,data/phylogeny/P01_Trees/01_primary_tree_grafen.tre,working,Topology-based Grafen primary working tree; branch lengths are not interpreted as divergence times.,15,TRUE,TRUE,1.00000000018,7.50000000015000,0,1.20167638238216e-01
main_dataset,working_tree,start_end_dist,axial_pitch_360,tree_variant,NA,axial_pitch_360,3.53474373641914e-01,2.26146542588670e-01,0.000000000000000,14,NA,data/phylogeny/P01_Trees/01_primary_tree_grafen.tre,working,Topology-based Grafen primary working tree; branch lengths are not interpreted as divergence times.,15,TRUE,TRUE,1.00000000018,7.50000000015000,0,2.26146542588670e-01
main_dataset,working_tree,start_end_dist,fit_radius,tree_variant,NA,fit_radius,3.32326237619997e-01,5.42510542183829e-01,0.000000000000000,14,NA,data/phylogeny/P01_Trees/01_primary_tree_grafen.tre,working,Topology-based Grafen primary working tree; branch lengths are not interpreted as divergence times.,15,TRUE,TRUE,1.00000000018,7.50000000015000,0,5.42510542183829e-01
main_dataset,working_tree,axial_span,axial_pitch_360,tree_variant,NA,axial_pitch_360,9.99611170480130e-01,4.55110034703145e-05,0.758075752807859,14,NA,data/phylogeny/P01_Trees/01_primary_tree_grafen.tre,working,Topology-based Grafen primary working tree; branch lengths are not interpreted as divergence times.,15,TRUE,TRUE,1.00000000018,7.50000000015000,0,8.34061910189751e-05
main_dataset,working_tree,axial_span,fit_radius,tree_variant,NA,fit_radius,1.38267883071092e+00,8.30679662249798e-03,0.000000000000000,14,NA,data/phylogeny/P01_Trees/01_primary_tree_grafen.tre,working,Topology-based Grafen primary working tree; branch lengths are not interpreted as divergence times.,15,TRUE,TRUE,1.00000000018,7.50000000015000,0,1.66682091063473e-02
main_dataset,working_tree,axial_pitch_360,fit_radius,tree_variant,NA,fit_radius,1.17364597462222e+00,1.30949969976269e-02,0.000000000000000,14,NA,data/phylogeny/P01_Trees/01_primary_tree_grafen.tre,working,Topology-based Grafen primary working tree; branch lengths are not interpreted as divergence times.,15,TRUE,TRUE,1.00000000018,7.50000000015000,0,1.96424954964404e-02
main_dataset,working_tree,PC1,abs_winding_angle_deg,tree_variant,NA,abs_winding_angle_deg,-4.03742949570842e-04,6.45104647717931e-02,1.000000000000000,14,NA,data/phylogeny/P01_Trees/01_primary_tree_grafen.tre,working,Topology-based Grafen primary working tree; branch lengths are not interpreted as divergence times.,15,TRUE,TRUE,1.00000000018,7.50000000015000,0,8.09137208817031e-02
main_dataset,working_tree,PC1,n_turns_abs,tree_variant,NA,n_turns_abs,-1.45347461845503e-01,6.45104647717931e-02,1.000000000000000,14,NA,data/phylogeny/P01_Trees/01_primary_tree_grafen.tre,working,Topology-based Grafen primary working tree; branch lengths are not interpreted as divergence times.,15,TRUE,TRUE,1.00000000018,7.50000000015000,0,8.09137208817030e-02
main_dataset,working_tree,PC1,start_end_dist,tree_variant,NA,start_end_dist,-2.32570434606931e-01,1.81295367983381e-01,1.000000000000000,14,NA,data/phylogeny/P01_Trees/01_primary_tree_grafen.tre,working,Topology-based Grafen primary working tree; branch lengths are not interpreted as divergence times.,15,TRUE,TRUE,1.00000000018,7.50000000015000,0,3.72430995769113e-01
main_dataset,working_tree,PC1,axial_span,tree_variant,NA,axial_span,-4.72603091221556e-01,3.87613845505988e-02,1.000000000000000,14,NA,data/phylogeny/P01_Trees/01_primary_tree_grafen.tre,working,Topology-based Grafen primary working tree; branch lengths are not interpreted as divergence times.,15,TRUE,TRUE,1.00000000018,7.50000000015000,0,6.05417052814707e-02
main_dataset,working_tree,PC1,axial_pitch_360,tree_variant,NA,axial_pitch_360,-5.50782263083377e-01,6.86789802620151e-02,1.000000000000000,14,NA,data/phylogeny/P01_Trees/01_primary_tree_grafen.tre,working,Topology-based Grafen primary working tree; branch lengths are not interpreted as divergence times.,15,TRUE,TRUE,1.00000000018,7.50000000015000,0,2.50928081100377e-01
main_dataset,working_tree,PC1,fit_radius,tree_variant,NA,fit_radius,-2.30633088193523e+00,7.60127283962864e-03,0.994678699663899,14,NA,data/phylogeny/P01_Trees/01_primary_tree_grafen.tre,working,Topology-based Grafen primary working tree; branch lengths are not interpreted as divergence times.,15,TRUE,TRUE,1.00000000018,7.50000000015000,0,8.14422089960212e-03
main_dataset,working_tree,PC2,abs_winding_angle_deg,tree_variant,NA,abs_winding_angle_deg,9.44513546113735e-05,6.44810426532738e-01,1.000000000000000,14,NA,data/phylogeny/P01_Trees/01_primary_tree_grafen.tre,working,Topology-based Grafen primary working tree; branch lengths are not interpreted as divergence times.,15,TRUE,TRUE,1.00000000018,7.50000000015000,0,9.84394372448375e-01
main_dataset,working_tree,PC2,n_turns_abs,tree_variant,NA,n_turns_abs,3.40024876600945e-02,6.44810426532737e-01,1.000000000000000,14,NA,data/phylogeny/P01_Trees/01_primary_tree_grafen.tre,working,Topology-based Grafen primary working tree; branch lengths are not interpreted as divergence times.,15,TRUE,TRUE,1.00000000018,7.50000000015000,0,9.84394372448375e-01
main_dataset,working_tree,PC2,start_end_dist,tree_variant,NA,start_end_dist,6.30801209888807e-02,6.89526866389726e-01,1.000000000000000,14,NA,data/phylogeny/P01_Trees/01_primary_tree_grafen.tre,working,Topology-based Grafen primary working tree; branch lengths are not interpreted as divergence times.,15,TRUE,TRUE,1.00000000018,7.50000000015000,0,9.50507841866303e-01
main_dataset,working_tree,PC2,axial_span,tree_variant,NA,axial_span,7.03430400054208e-02,7.47902696335179e-01,1.000000000000000,14,NA,data/phylogeny/P01_Trees/01_primary_tree_grafen.tre,working,Topology-based Grafen primary working tree; branch lengths are not interpreted as divergence times.,15,TRUE,TRUE,1.00000000018,7.50000000015000,0,9.64685569296379e-01
main_dataset,working_tree,PC2,axial_pitch_360,tree_variant,NA,axial_pitch_360,4.78395851612118e-02,8.66397631038643e-01,1.000000000000000,14,NA,data/phylogeny/P01_Trees/01_primary_tree_grafen.tre,working,Topology-based Grafen primary working tree; branch lengths are not interpreted as divergence times.,15,TRUE,TRUE,1.00000000018,7.50000000015000,0,9.74450361544908e-01
main_dataset,working_tree,PC2,fit_radius,tree_variant,NA,fit_radius,1.39535297927262e+00,9.19206245773285e-02,1.000000000000000,14,NA,data/phylogeny/P01_Trees/01_primary_tree_grafen.tre,working,Topology-based Grafen primary working tree; branch lengths are not interpreted as divergence times.,15,TRUE,TRUE,1.00000000018,7.50000000015000,0,1.53201040962214e-01
main_dataset,working_tree,PC3,abs_winding_angle_deg,tree_variant,NA,abs_winding_angle_deg,5.12634446490029e-05,8.13327721703506e-01,0.000000000000000,14,NA,data/phylogeny/P01_Trees/01_primary_tree_grafen.tre,working,Topology-based Grafen primary working tree; branch lengths are not interpreted as divergence times.,15,TRUE,TRUE,1.00000000018,7.50000000015000,0,8.13327721703506e-01
main_dataset,working_tree,PC3,n_turns_abs,tree_variant,NA,n_turns_abs,1.84548400736411e-02,8.13327721703505e-01,0.000000000000000,14,NA,data/phylogeny/P01_Trees/01_primary_tree_grafen.tre,working,Topology-based Grafen primary working tree; branch lengths are not interpreted as divergence times.,15,TRUE,TRUE,1.00000000018,7.50000000015000,0,8.13327721703505e-01
main_dataset,working_tree,PC3,start_end_dist,tree_variant,NA,start_end_dist,1.94037704257456e-01,5.78975816720575e-01,0.000000000000000,14,NA,data/phylogeny/P01_Trees/01_primary_tree_grafen.tre,working,Topology-based Grafen primary working tree; branch lengths are not interpreted as divergence times.,15,TRUE,TRUE,1.00000000018,7.50000000015000,0,5.78975816720575e-01
main_dataset,working_tree,PC3,axial_span,tree_variant,NA,axial_span,1.05205433330503e+00,4.17215146160931e-04,1.000000000000000,14,NA,data/phylogeny/P01_Trees/01_primary_tree_grafen.tre,working,Topology-based Grafen primary working tree; branch lengths are not interpreted as divergence times.,15,TRUE,TRUE,1.00000000018,7.50000000015000,0,1.56455679810349e-03
main_dataset,working_tree,PC3,axial_pitch_360,tree_variant,NA,axial_pitch_360,-1.59966639497537e-01,6.55439578562797e-01,0.000000000000000,14,NA,data/phylogeny/P01_Trees/01_primary_tree_grafen.tre,working,Topology-based Grafen primary working tree; branch lengths are not interpreted as divergence times.,15,TRUE,TRUE,1.00000000018,7.50000000015000,0,6.55439578562797e-01
main_dataset,working_tree,PC3,fit_radius,tree_variant,NA,fit_radius,-3.97244007393194e-01,5.42193805305297e-01,0.000000000000000,14,NA,data/phylogeny/P01_Trees/01_primary_tree_grafen.tre,working,Topology-based Grafen primary working tree; branch lengths are not interpreted as divergence times.,15,TRUE,TRUE,1.00000000018,7.50000000015000,0,5.42193805305297e-01
main_dataset,working_tree,PC4,abs_winding_angle_deg,tree_variant,NA,abs_winding_angle_deg,-3.63605134627463e-04,5.40188059701693e-02,0.977780002827346,14,NA,data/phylogeny/P01_Trees/01_primary_tree_grafen.tre,working,Topology-based Grafen primary working tree; branch lengths are not interpreted as divergence times.,15,TRUE,TRUE,1.00000000018,7.50000000015000,0,2.60189212921098e-01
main_dataset,working_tree,PC4,n_turns_abs,tree_variant,NA,n_turns_abs,-1.30897848465887e-01,5.40188059701694e-02,0.977780002827346,14,NA,data/phylogeny/P01_Trees/01_primary_tree_grafen.tre,working,Topology-based Grafen primary working tree; branch lengths are not interpreted as divergence times.,15,TRUE,TRUE,1.00000000018,7.50000000015000,0,2.60189212920981e-01
main_dataset,working_tree,PC4,start_end_dist,tree_variant,NA,start_end_dist,-3.02489369610715e-01,5.38328880763145e-02,0.954057642597149,14,NA,data/phylogeny/P01_Trees/01_primary_tree_grafen.tre,working,Topology-based Grafen primary working tree; branch lengths are not interpreted as divergence times.,15,TRUE,TRUE,1.00000000018,7.50000000015000,0,1.65510230268828e-01
main_dataset,working_tree,PC4,axial_span,tree_variant,NA,axial_span,-4.84692872026905e-01,8.38092864190538e-03,1.000000000000000,14,NA,data/phylogeny/P01_Trees/01_primary_tree_grafen.tre,working,Topology-based Grafen primary working tree; branch lengths are not interpreted as divergence times.,15,TRUE,TRUE,1.00000000018,7.50000000015000,0,3.14284824071452e-02
main_dataset,working_tree,PC4,axial_pitch_360,tree_variant,NA,axial_pitch_360,-6.09394609287013e-01,1.47855496071571e-02,0.957009844803901,14,NA,data/phylogeny/P01_Trees/01_primary_tree_grafen.tre,working,Topology-based Grafen primary working tree; branch lengths are not interpreted as divergence times.,15,TRUE,TRUE,1.00000000018,7.50000000015000,0,2.90635764344261e-02
main_dataset,working_tree,PC4,fit_radius,tree_variant,NA,fit_radius,-8.36754464683091e-01,2.03471468495632e-01,0.793383176022449,14,NA,data/phylogeny/P01_Trees/01_primary_tree_grafen.tre,working,Topology-based Grafen primary working tree; branch lengths are not interpreted as divergence times.,15,TRUE,TRUE,1.00000000018,7.50000000015000,0,2.43074010160132e-01
main_dataset,working_tree,PC5,abs_winding_angle_deg,tree_variant,NA,abs_winding_angle_deg,-1.00473056765956e-04,2.94343322634805e-01,0.000000000000000,14,NA,data/phylogeny/P01_Trees/01_primary_tree_grafen.tre,working,Topology-based Grafen primary working tree; branch lengths are not interpreted as divergence times.,15,TRUE,TRUE,1.00000000018,7.50000000015000,0,2.94343322634805e-01
main_dataset,working_tree,PC5,n_turns_abs,tree_variant,NA,n_turns_abs,-3.61703004357442e-02,2.94343322634806e-01,0.000000000000000,14,NA,data/phylogeny/P01_Trees/01_primary_tree_grafen.tre,working,Topology-based Grafen primary working tree; branch lengths are not interpreted as divergence times.,15,TRUE,TRUE,1.00000000018,7.50000000015000,0,2.94343322634806e-01
main_dataset,working_tree,PC5,start_end_dist,tree_variant,NA,start_end_dist,-1.87152980271037e-02,9.06232197614004e-01,0.000000000000000,14,NA,data/phylogeny/P01_Trees/01_primary_tree_grafen.tre,working,Topology-based Grafen primary working tree; branch lengths are not interpreted as divergence times.,15,TRUE,TRUE,1.00000000018,7.50000000015000,0,9.06232197614004e-01
main_dataset,working_tree,PC5,axial_span,tree_variant,NA,axial_span,-1.94258084403611e-01,1.60554419488106e-01,0.000000000000000,14,NA,data/phylogeny/P01_Trees/01_primary_tree_grafen.tre,working,Topology-based Grafen primary working tree; branch lengths are not interpreted as divergence times.,15,TRUE,TRUE,1.00000000018,7.50000000015000,0,2.23505957546674e-01
main_dataset,working_tree,PC5,axial_pitch_360,tree_variant,NA,axial_pitch_360,-1.53814492920692e-01,3.34223478261969e-01,0.000000000000000,14,NA,data/phylogeny/P01_Trees/01_primary_tree_grafen.tre,working,Topology-based Grafen primary working tree; branch lengths are not interpreted as divergence times.,15,TRUE,TRUE,1.00000000018,7.50000000015000,0,4.45788981183297e-01
main_dataset,working_tree,PC5,fit_radius,tree_variant,NA,fit_radius,2.02669001659855e-02,9.45521787097248e-01,0.000000000000000,14,NA,data/phylogeny/P01_Trees/01_primary_tree_grafen.tre,working,Topology-based Grafen primary working tree; branch lengths are not interpreted as divergence times.,15,TRUE,TRUE,1.00000000018,7.50000000015000,0,9.45521787097248e-01
main_dataset,working_tree,PC1,centroid_size,tree_variant,NA,centroid_size,-5.09741951798180e-04,1.60162333687827e-01,1.000000000000000,15,NA,data/phylogeny/P01_Trees/01_primary_tree_grafen.tre,working,Topology-based Grafen primary working tree; branch lengths are not interpreted as divergence times.,15,TRUE,TRUE,1.00000000018,7.50000000015000,0,3.67609725688491e-01
main_dataset,working_tree,PC2,centroid_size,tree_variant,NA,centroid_size,-3.88496012094892e-04,2.26393866638383e-01,1.000000000000000,15,NA,data/phylogeny/P01_Trees/01_primary_tree_grafen.tre,working,Topology-based Grafen primary working tree; branch lengths are not interpreted as divergence times.,15,TRUE,TRUE,1.00000000018,7.50000000015000,0,2.67595058853304e-01
main_dataset,working_tree,PC3,centroid_size,tree_variant,NA,centroid_size,-2.88692192196022e-04,4.35250983214173e-01,0.000000000000000,15,NA,data/phylogeny/P01_Trees/01_primary_tree_grafen.tre,working,Topology-based Grafen primary working tree; branch lengths are not interpreted as divergence times.,15,TRUE,TRUE,1.00000000018,7.50000000015000,0,6.43402515467955e-01
main_dataset,working_tree,PC4,centroid_size,tree_variant,NA,centroid_size,-2.65741858457318e-04,4.38606381515829e-01,0.771651296848686,15,NA,data/phylogeny/P01_Trees/01_primary_tree_grafen.tre,working,Topology-based Grafen primary working tree; branch lengths are not interpreted as divergence times.,15,TRUE,TRUE,1.00000000018,7.50000000015000,0,7.31549360025590e-01
main_dataset,working_tree,PC5,centroid_size,tree_variant,NA,centroid_size,-2.77565127176383e-04,1.47887811802473e-01,0.000000000000000,15,NA,data/phylogeny/P01_Trees/01_primary_tree_grafen.tre,working,Topology-based Grafen primary working tree; branch lengths are not interpreted as divergence times.,15,TRUE,TRUE,1.00000000018,7.50000000015000,0,1.47887811802473e-01
main_dataset,working_tree,abs_winding_angle_deg,centroid_size,tree_variant,NA,centroid_size,7.17708612322090e-01,1.36585532376710e-01,0.631607544070992,14,NA,data/phylogeny/P01_Trees/01_primary_tree_grafen.tre,working,Topology-based Grafen primary working tree; branch lengths are not interpreted as divergence times.,15,TRUE,TRUE,1.00000000018,7.50000000015000,0,2.29025088645026e-01
main_dataset,working_tree,n_turns_abs,centroid_size,tree_variant,NA,centroid_size,1.99363503452825e-03,1.36585532322282e-01,0.631607543922737,14,NA,data/phylogeny/P01_Trees/01_primary_tree_grafen.tre,working,Topology-based Grafen primary working tree; branch lengths are not interpreted as divergence times.,15,TRUE,TRUE,1.00000000018,7.50000000015000,0,2.29025088645026e-01
main_dataset,working_tree,start_end_dist,centroid_size,tree_variant,NA,centroid_size,3.00272932671928e-04,3.79439002287201e-01,0.000000000000000,14,NA,data/phylogeny/P01_Trees/01_primary_tree_grafen.tre,working,Topology-based Grafen primary working tree; branch lengths are not interpreted as divergence times.,15,TRUE,TRUE,1.00000000018,7.50000000015000,0,5.69158503430801e-01
main_dataset,working_tree,axial_span,centroid_size,tree_variant,NA,centroid_size,6.68040968758398e-04,5.94518708989673e-02,0.000000000000000,14,NA,data/phylogeny/P01_Trees/01_primary_tree_grafen.tre,working,Topology-based Grafen primary working tree; branch lengths are not interpreted as divergence times.,15,TRUE,TRUE,1.00000000018,7.50000000015000,0,9.90864514982789e-02
main_dataset,working_tree,axial_pitch_360,centroid_size,tree_variant,NA,centroid_size,6.66180508762028e-04,4.54804777231152e-02,0.858818559264920,14,NA,data/phylogeny/P01_Trees/01_primary_tree_grafen.tre,working,Topology-based Grafen primary working tree; branch lengths are not interpreted as divergence times.,15,TRUE,TRUE,1.00000000018,7.50000000015000,0,7.85243986804377e-02
main_dataset,working_tree,fit_radius,centroid_size,tree_variant,NA,centroid_size,-3.79963002903874e-06,9.73612691442931e-01,1.000000000000000,14,NA,data/phylogeny/P01_Trees/01_primary_tree_grafen.tre,working,Topology-based Grafen primary working tree; branch lengths are not interpreted as divergence times.,15,TRUE,TRUE,1.00000000018,7.50000000015000,0,9.91539891225603e-01
main_dataset,ml_unrooted,abs_winding_angle_deg,n_turns_abs,tree_variant,NA,NA,NA,NA,NA,NA,"No valid PGLS fit for lambda in [0, 1].",data/phylogeny/P01_Trees/curc_fig1.treefile,existing_file,Imported from phylogeny workflow outputs.,14,TRUE,FALSE,0.41142785540,2.09131592840000,NA,NA
main_dataset,ml_unrooted,abs_winding_angle_deg,start_end_dist,tree_variant,NA,start_end_dist,5.96735671401054e+02,6.53722926884346e-02,1.000000000000000,13,NA,data/phylogeny/P01_Trees/curc_fig1.treefile,existing_file,Imported from phylogeny workflow outputs.,14,TRUE,FALSE,0.41142785540,2.09131592840000,NA,6.53722926884348e-02
main_dataset,ml_unrooted,abs_winding_angle_deg,axial_span,tree_variant,NA,axial_span,9.80765801670257e+02,2.14074593297884e-03,1.000000000000000,13,NA,data/phylogeny/P01_Trees/curc_fig1.treefile,existing_file,Imported from phylogeny workflow outputs.,14,TRUE,FALSE,0.41142785540,2.09131592840000,NA,2.14074593297885e-03
main_dataset,ml_unrooted,abs_winding_angle_deg,axial_pitch_360,tree_variant,NA,axial_pitch_360,5.70743649121506e+02,1.48401660657922e-01,1.000000000000000,13,NA,data/phylogeny/P01_Trees/curc_fig1.treefile,existing_file,Imported from phylogeny workflow outputs.,14,TRUE,FALSE,0.41142785540,2.09131592840000,NA,1.54535527917392e-01
main_dataset,ml_unrooted,abs_winding_angle_deg,fit_radius,tree_variant,NA,fit_radius,1.49336767806486e+03,6.92897548036829e-02,1.000000000000000,13,NA,data/phylogeny/P01_Trees/curc_fig1.treefile,existing_file,Imported from phylogeny workflow outputs.,14,TRUE,FALSE,0.41142785540,2.09131592840000,NA,1.66610138650948e-01
main_dataset,ml_unrooted,n_turns_abs,start_end_dist,tree_variant,NA,start_end_dist,1.65759908722515e+00,6.53722926884346e-02,1.000000000000000,13,NA,data/phylogeny/P01_Trees/curc_fig1.treefile,existing_file,Imported from phylogeny workflow outputs.,14,TRUE,FALSE,0.41142785540,2.09131592840000,NA,6.53722926884347e-02
main_dataset,ml_unrooted,n_turns_abs,axial_span,tree_variant,NA,axial_span,2.72434944908405e+00,2.14074593297884e-03,1.000000000000000,13,NA,data/phylogeny/P01_Trees/curc_fig1.treefile,existing_file,Imported from phylogeny workflow outputs.,14,TRUE,FALSE,0.41142785540,2.09131592840000,NA,2.14074593297885e-03
main_dataset,ml_unrooted,n_turns_abs,axial_pitch_360,tree_variant,NA,axial_pitch_360,1.58539902533752e+00,1.48401660657922e-01,1.000000000000000,13,NA,data/phylogeny/P01_Trees/curc_fig1.treefile,existing_file,Imported from phylogeny workflow outputs.,14,TRUE,FALSE,0.41142785540,2.09131592840000,NA,1.54535527917392e-01
main_dataset,ml_unrooted,n_turns_abs,fit_radius,tree_variant,NA,fit_radius,4.14824355018017e+00,6.92897548036828e-02,1.000000000000000,13,NA,data/phylogeny/P01_Trees/curc_fig1.treefile,existing_file,Imported from phylogeny workflow outputs.,14,TRUE,FALSE,0.41142785540,2.09131592840000,NA,1.66610138650948e-01
main_dataset,ml_unrooted,start_end_dist,axial_span,tree_variant,NA,axial_span,4.82537981677637e-01,5.02595562547431e-02,0.000000000000000,13,NA,data/phylogeny/P01_Trees/curc_fig1.treefile,existing_file,Imported from phylogeny workflow outputs.,14,TRUE,FALSE,0.41142785540,2.09131592840000,NA,1.20167638238216e-01
main_dataset,ml_unrooted,start_end_dist,axial_pitch_360,tree_variant,NA,axial_pitch_360,4.64625605337369e-01,1.05613457803363e-01,0.000000000000000,13,NA,data/phylogeny/P01_Trees/curc_fig1.treefile,existing_file,Imported from phylogeny workflow outputs.,14,TRUE,FALSE,0.41142785540,2.09131592840000,NA,2.26146542588670e-01
main_dataset,ml_unrooted,start_end_dist,fit_radius,tree_variant,NA,fit_radius,7.40846011981030e-01,1.97701953173835e-01,0.000000000000000,13,NA,data/phylogeny/P01_Trees/curc_fig1.treefile,existing_file,Imported from phylogeny workflow outputs.,14,TRUE,FALSE,0.41142785540,2.09131592840000,NA,5.42510542183829e-01
main_dataset,ml_unrooted,axial_span,axial_pitch_360,tree_variant,NA,axial_pitch_360,9.07753847042059e-01,1.55686109612223e-04,1.000000000000000,13,NA,data/phylogeny/P01_Trees/curc_fig1.treefile,existing_file,Imported from phylogeny workflow outputs.,14,TRUE,FALSE,0.41142785540,2.09131592840000,NA,1.66806546013096e-04
main_dataset,ml_unrooted,axial_span,fit_radius,tree_variant,NA,fit_radius,1.36113271380440e+00,2.90219229045763e-02,1.000000000000000,13,NA,data/phylogeny/P01_Trees/curc_fig1.treefile,existing_file,Imported from phylogeny workflow outputs.,14,TRUE,FALSE,0.41142785540,2.09131592840000,NA,2.90219229045763e-02
main_dataset,ml_unrooted,axial_pitch_360,fit_radius,tree_variant,NA,fit_radius,1.26862234487680e+00,3.27668621567086e-02,1.000000000000000,13,NA,data/phylogeny/P01_Trees/curc_fig1.treefile,existing_file,Imported from phylogeny workflow outputs.,14,TRUE,FALSE,0.41142785540,2.09131592840000,NA,3.27670436039251e-02
main_dataset,ml_unrooted,PC1,abs_winding_angle_deg,tree_variant,NA,abs_winding_angle_deg,-6.82648504221435e-04,6.17823331182749e-02,1.000000000000000,13,NA,data/phylogeny/P01_Trees/curc_fig1.treefile,existing_file,Imported from phylogeny workflow outputs.,14,TRUE,FALSE,0.41142785540,2.09131592840000,NA,8.09137208817031e-02
main_dataset,ml_unrooted,PC1,n_turns_abs,tree_variant,NA,n_turns_abs,-2.45753461519716e-01,6.17823331182748e-02,1.000000000000000,13,NA,data/phylogeny/P01_Trees/curc_fig1.treefile,existing_file,Imported from phylogeny workflow outputs.,14,TRUE,FALSE,0.41142785540,2.09131592840000,NA,8.09137208817030e-02
main_dataset,ml_unrooted,PC1,start_end_dist,tree_variant,NA,start_end_dist,-5.41475439071838e-01,2.12360819327971e-01,1.000000000000000,13,NA,data/phylogeny/P01_Trees/curc_fig1.treefile,existing_file,Imported from phylogeny workflow outputs.,14,TRUE,FALSE,0.41142785540,2.09131592840000,NA,3.72430995769113e-01
main_dataset,ml_unrooted,PC1,axial_span,tree_variant,NA,axial_span,-8.86412524016876e-01,5.65055915960393e-02,1.000000000000000,13,NA,data/phylogeny/P01_Trees/curc_fig1.treefile,existing_file,Imported from phylogeny workflow outputs.,14,TRUE,FALSE,0.41142785540,2.09131592840000,NA,6.05417052814707e-02
main_dataset,ml_unrooted,PC1,axial_pitch_360,tree_variant,NA,axial_pitch_360,-6.11371486612953e-01,2.35807614403535e-01,1.000000000000000,13,NA,data/phylogeny/P01_Trees/curc_fig1.treefile,existing_file,Imported from phylogeny workflow outputs.,14,TRUE,FALSE,0.41142785540,2.09131592840000,NA,2.50928081100377e-01
main_dataset,ml_unrooted,PC1,fit_radius,tree_variant,NA,fit_radius,-2.98242773939942e+00,8.74174731670320e-04,1.000000000000000,13,NA,data/phylogeny/P01_Trees/curc_fig1.treefile,existing_file,Imported from phylogeny workflow outputs.,14,TRUE,FALSE,0.41142785540,2.09131592840000,NA,4.03031007349687e-03
main_dataset,ml_unrooted,PC2,abs_winding_angle_deg,tree_variant,NA,abs_winding_angle_deg,3.67250463753634e-05,8.94275029971070e-01,1.000000000000000,13,NA,data/phylogeny/P01_Trees/curc_fig1.treefile,existing_file,Imported from phylogeny workflow outputs.,14,TRUE,FALSE,0.41142785540,2.09131592840000,NA,9.84394372448375e-01
main_dataset,ml_unrooted,PC2,n_turns_abs,tree_variant,NA,n_turns_abs,1.32210166951308e-02,8.94275029971070e-01,1.000000000000000,13,NA,data/phylogeny/P01_Trees/curc_fig1.treefile,existing_file,Imported from phylogeny workflow outputs.,14,TRUE,FALSE,0.41142785540,2.09131592840000,NA,9.84394372448375e-01
main_dataset,ml_unrooted,PC2,start_end_dist,tree_variant,NA,start_end_dist,2.44391143852502e-01,4.29788058222512e-01,1.000000000000000,13,NA,data/phylogeny/P01_Trees/curc_fig1.treefile,existing_file,Imported from phylogeny workflow outputs.,14,TRUE,FALSE,0.41142785540,2.09131592840000,NA,9.50507841866303e-01
main_dataset,ml_unrooted,PC2,axial_span,tree_variant,NA,axial_span,3.94170624661380e-02,9.11005826009800e-01,1.000000000000000,13,NA,data/phylogeny/P01_Trees/curc_fig1.treefile,existing_file,Imported from phylogeny workflow outputs.,14,TRUE,FALSE,0.41142785540,2.09131592840000,NA,9.64685569296379e-01
main_dataset,ml_unrooted,PC2,axial_pitch_360,tree_variant,NA,axial_pitch_360,-1.19086267475304e-02,9.74450361544908e-01,1.000000000000000,13,NA,data/phylogeny/P01_Trees/curc_fig1.treefile,existing_file,Imported from phylogeny workflow outputs.,14,TRUE,FALSE,0.41142785540,2.09131592840000,NA,9.74450361544908e-01
main_dataset,ml_unrooted,PC2,fit_radius,tree_variant,NA,fit_radius,1.10491836496143e+00,1.44328554009793e-01,1.000000000000000,13,NA,data/phylogeny/P01_Trees/curc_fig1.treefile,existing_file,Imported from phylogeny workflow outputs.,14,TRUE,FALSE,0.41142785540,2.09131592840000,NA,1.80039674188863e-01
main_dataset,ml_unrooted,PC3,abs_winding_angle_deg,tree_variant,NA,abs_winding_angle_deg,6.20413586252112e-05,7.73947644698807e-01,0.000000000000000,13,NA,data/phylogeny/P01_Trees/curc_fig1.treefile,existing_file,Imported from phylogeny workflow outputs.,14,TRUE,FALSE,0.41142785540,2.09131592840000,NA,8.13327721703506e-01
main_dataset,ml_unrooted,PC3,n_turns_abs,tree_variant,NA,n_turns_abs,2.23348891050761e-02,7.73947644698807e-01,0.000000000000000,13,NA,data/phylogeny/P01_Trees/curc_fig1.treefile,existing_file,Imported from phylogeny workflow outputs.,14,TRUE,FALSE,0.41142785540,2.09131592840000,NA,8.13327721703505e-01
main_dataset,ml_unrooted,PC3,start_end_dist,tree_variant,NA,start_end_dist,4.49267281131472e-01,1.61783062862006e-01,1.000000000000000,13,NA,data/phylogeny/P01_Trees/curc_fig1.treefile,existing_file,Imported from phylogeny workflow outputs.,14,TRUE,FALSE,0.41142785540,2.09131592840000,NA,5.78975816720575e-01
main_dataset,ml_unrooted,PC3,axial_span,tree_variant,NA,axial_span,3.15662485320032e-01,3.95048353415549e-01,1.000000000000000,13,NA,data/phylogeny/P01_Trees/curc_fig1.treefile,existing_file,Imported from phylogeny workflow outputs.,14,TRUE,FALSE,0.41142785540,2.09131592840000,NA,4.55826929452973e-01
main_dataset,ml_unrooted,PC3,axial_pitch_360,tree_variant,NA,axial_pitch_360,-2.66625781500291e-01,4.64219358181762e-01,0.000000000000000,13,NA,data/phylogeny/P01_Trees/curc_fig1.treefile,existing_file,Imported from phylogeny workflow outputs.,14,TRUE,FALSE,0.41142785540,2.09131592840000,NA,6.55439578562797e-01
main_dataset,ml_unrooted,PC3,fit_radius,tree_variant,NA,fit_radius,-8.47861832582706e-01,2.24518057839087e-01,0.000000000000000,13,NA,data/phylogeny/P01_Trees/curc_fig1.treefile,existing_file,Imported from phylogeny workflow outputs.,14,TRUE,FALSE,0.41142785540,2.09131592840000,NA,5.42193805305297e-01
main_dataset,ml_unrooted,PC4,abs_winding_angle_deg,tree_variant,NA,abs_winding_angle_deg,-1.08401991689824e-04,5.54873609964312e-01,0.000000000000000,13,NA,data/phylogeny/P01_Trees/curc_fig1.treefile,existing_file,Imported from phylogeny workflow outputs.,14,TRUE,FALSE,0.41142785540,2.09131592840000,NA,5.54873609964312e-01
main_dataset,ml_unrooted,PC4,n_turns_abs,tree_variant,NA,n_turns_abs,-3.90247170083367e-02,5.54873609964311e-01,0.000000000000000,13,NA,data/phylogeny/P01_Trees/curc_fig1.treefile,existing_file,Imported from phylogeny workflow outputs.,14,TRUE,FALSE,0.41142785540,2.09131592840000,NA,5.54873609964312e-01
main_dataset,ml_unrooted,PC4,start_end_dist,tree_variant,NA,start_end_dist,-4.22515824942706e-01,1.65510230268828e-01,0.000000000000000,13,NA,data/phylogeny/P01_Trees/curc_fig1.treefile,existing_file,Imported from phylogeny workflow outputs.,14,TRUE,FALSE,0.41142785540,2.09131592840000,NA,1.65510230268828e-01
main_dataset,ml_unrooted,PC4,axial_span,tree_variant,NA,axial_span,-5.34149472680191e-01,7.87314898828757e-02,0.990636142291778,13,NA,data/phylogeny/P01_Trees/curc_fig1.treefile,existing_file,Imported from phylogeny workflow outputs.,14,TRUE,FALSE,0.41142785540,2.09131592840000,NA,7.87326842833912e-02
main_dataset,ml_unrooted,PC4,axial_pitch_360,tree_variant,NA,axial_pitch_360,-5.84668232706259e-01,4.13472766316046e-02,0.000000000000000,13,NA,data/phylogeny/P01_Trees/curc_fig1.treefile,existing_file,Imported from phylogeny workflow outputs.,14,TRUE,FALSE,0.41142785540,2.09131592840000,NA,4.13472766316046e-02
main_dataset,ml_unrooted,PC4,fit_radius,tree_variant,NA,fit_radius,-7.21771929984903e-01,2.26869076149456e-01,0.000000000000000,13,NA,data/phylogeny/P01_Trees/curc_fig1.treefile,existing_file,Imported from phylogeny workflow outputs.,14,TRUE,FALSE,0.41142785540,2.09131592840000,NA,2.43074010160132e-01
main_dataset,ml_unrooted,PC5,abs_winding_angle_deg,tree_variant,NA,abs_winding_angle_deg,-1.04636538383028e-04,2.79134572954019e-01,0.000000000000000,13,NA,data/phylogeny/P01_Trees/curc_fig1.treefile,existing_file,Imported from phylogeny workflow outputs.,14,TRUE,FALSE,0.41142785540,2.09131592840000,NA,2.94343322634805e-01
main_dataset,ml_unrooted,PC5,n_turns_abs,tree_variant,NA,n_turns_abs,-3.76691538178900e-02,2.79134572954020e-01,0.000000000000000,13,NA,data/phylogeny/P01_Trees/curc_fig1.treefile,existing_file,Imported from phylogeny workflow outputs.,14,TRUE,FALSE,0.41142785540,2.09131592840000,NA,2.94343322634806e-01
main_dataset,ml_unrooted,PC5,start_end_dist,tree_variant,NA,start_end_dist,-7.44900271988639e-02,6.62043314675455e-01,0.000000000000000,13,NA,data/phylogeny/P01_Trees/curc_fig1.treefile,existing_file,Imported from phylogeny workflow outputs.,14,TRUE,FALSE,0.41142785540,2.09131592840000,NA,9.06232197614004e-01
main_dataset,ml_unrooted,PC5,axial_span,tree_variant,NA,axial_span,-1.75757200856280e-01,2.23505957546674e-01,0.000000000000000,13,NA,data/phylogeny/P01_Trees/curc_fig1.treefile,existing_file,Imported from phylogeny workflow outputs.,14,TRUE,FALSE,0.41142785540,2.09131592840000,NA,2.23505957546674e-01
main_dataset,ml_unrooted,PC5,axial_pitch_360,tree_variant,NA,axial_pitch_360,-1.27431453224293e-01,4.45788981183296e-01,0.000000000000000,13,NA,data/phylogeny/P01_Trees/curc_fig1.treefile,existing_file,Imported from phylogeny workflow outputs.,14,TRUE,FALSE,0.41142785540,2.09131592840000,NA,4.45788981183297e-01
main_dataset,ml_unrooted,PC5,fit_radius,tree_variant,NA,fit_radius,1.58670920944136e-01,6.30834247281711e-01,0.000000000000000,13,NA,data/phylogeny/P01_Trees/curc_fig1.treefile,existing_file,Imported from phylogeny workflow outputs.,14,TRUE,FALSE,0.41142785540,2.09131592840000,NA,9.45521787097248e-01
main_dataset,ml_unrooted,PC1,centroid_size,tree_variant,NA,centroid_size,-5.77800416675035e-04,3.67609725688491e-01,1.000000000000000,14,NA,data/phylogeny/P01_Trees/curc_fig1.treefile,existing_file,Imported from phylogeny workflow outputs.,14,TRUE,FALSE,0.41142785540,2.09131592840000,NA,3.67609725688491e-01
main_dataset,ml_unrooted,PC2,centroid_size,tree_variant,NA,centroid_size,-8.58261769697220e-04,4.72889628633749e-02,1.000000000000000,14,NA,data/phylogeny/P01_Trees/curc_fig1.treefile,existing_file,Imported from phylogeny workflow outputs.,14,TRUE,FALSE,0.41142785540,2.09131592840000,NA,6.44849493591476e-02
main_dataset,ml_unrooted,PC3,centroid_size,tree_variant,NA,centroid_size,-1.83520409916332e-04,6.43402515467955e-01,0.000000000000000,14,NA,data/phylogeny/P01_Trees/curc_fig1.treefile,existing_file,Imported from phylogeny workflow outputs.,14,TRUE,FALSE,0.41142785540,2.09131592840000,NA,6.43402515467955e-01
main_dataset,ml_unrooted,PC4,centroid_size,tree_variant,NA,centroid_size,-5.40385567244957e-05,8.71994498873690e-01,0.000000000000000,14,NA,data/phylogeny/P01_Trees/curc_fig1.treefile,existing_file,Imported from phylogeny workflow outputs.,14,TRUE,FALSE,0.41142785540,2.09131592840000,NA,8.71994498873690e-01
main_dataset,ml_unrooted,PC5,centroid_size,tree_variant,NA,centroid_size,-3.80917869916068e-04,5.48840823054162e-02,0.000000000000000,14,NA,data/phylogeny/P01_Trees/curc_fig1.treefile,existing_file,Imported from phylogeny workflow outputs.,14,TRUE,FALSE,0.41142785540,2.09131592840000,NA,1.47887811802473e-01
main_dataset,ml_unrooted,abs_winding_angle_deg,centroid_size,tree_variant,NA,centroid_size,7.00877647616433e-01,1.81226328512160e-01,1.000000000000000,13,NA,data/phylogeny/P01_Trees/curc_fig1.treefile,existing_file,Imported from phylogeny workflow outputs.,14,TRUE,FALSE,0.41142785540,2.09131592840000,NA,2.29025088645026e-01
main_dataset,ml_unrooted,n_turns_abs,centroid_size,tree_variant,NA,centroid_size,1.94688235449009e-03,1.81226328512160e-01,1.000000000000000,13,NA,data/phylogeny/P01_Trees/curc_fig1.treefile,existing_file,Imported from phylogeny workflow outputs.,14,TRUE,FALSE,0.41142785540,2.09131592840000,NA,2.29025088645026e-01
main_dataset,ml_unrooted,start_end_dist,centroid_size,tree_variant,NA,centroid_size,1.63094627691310e-04,6.61131270257194e-01,0.000000000000000,13,NA,data/phylogeny/P01_Trees/curc_fig1.treefile,existing_file,Imported from phylogeny workflow outputs.,14,TRUE,FALSE,0.41142785540,2.09131592840000,NA,6.61131270257194e-01
main_dataset,ml_unrooted,axial_span,centroid_size,tree_variant,NA,centroid_size,8.02240415213978e-04,3.87953070204019e-02,1.000000000000000,13,NA,data/phylogeny/P01_Trees/curc_fig1.treefile,existing_file,Imported from phylogeny workflow outputs.,14,TRUE,FALSE,0.41142785540,2.09131592840000,NA,9.90864514982789e-02
main_dataset,ml_unrooted,axial_pitch_360,centroid_size,tree_variant,NA,centroid_size,7.98769880354882e-04,2.81480986197080e-02,1.000000000000000,13,NA,data/phylogeny/P01_Trees/curc_fig1.treefile,existing_file,Imported from phylogeny workflow outputs.,14,TRUE,FALSE,0.41142785540,2.09131592840000,NA,7.85243986804377e-02
main_dataset,ml_unrooted,fit_radius,centroid_size,tree_variant,NA,centroid_size,1.11221282273772e-04,5.54927365403058e-01,1.000000000000000,13,NA,data/phylogeny/P01_Trees/curc_fig1.treefile,existing_file,Imported from phylogeny workflow outputs.,14,TRUE,FALSE,0.41142785540,2.09131592840000,NA,9.91539891225603e-01
main_dataset,consensus_unrooted,abs_winding_angle_deg,n_turns_abs,tree_variant,NA,NA,NA,NA,NA,NA,"No valid PGLS fit for lambda in [0, 1].",data/phylogeny/P01_Trees/curc_fig1.contree,existing_file,Imported from phylogeny workflow outputs.,14,TRUE,FALSE,0.41143131210,2.09134337310000,NA,NA
main_dataset,consensus_unrooted,abs_winding_angle_deg,start_end_dist,tree_variant,NA,start_end_dist,5.96735919455373e+02,6.53718373873931e-02,1.000000000000000,13,NA,data/phylogeny/P01_Trees/curc_fig1.contree,existing_file,Imported from phylogeny workflow outputs.,14,TRUE,FALSE,0.41143131210,2.09134337310000,NA,6.53722926884348e-02
main_dataset,consensus_unrooted,abs_winding_angle_deg,axial_span,tree_variant,NA,axial_span,9.80766605151686e+02,2.14069274236023e-03,1.000000000000000,13,NA,data/phylogeny/P01_Trees/curc_fig1.contree,existing_file,Imported from phylogeny workflow outputs.,14,TRUE,FALSE,0.41143131210,2.09134337310000,NA,2.14074593297885e-03
main_dataset,consensus_unrooted,abs_winding_angle_deg,axial_pitch_360,tree_variant,NA,axial_pitch_360,5.70746749652179e+02,1.48399368021648e-01,1.000000000000000,13,NA,data/phylogeny/P01_Trees/curc_fig1.contree,existing_file,Imported from phylogeny workflow outputs.,14,TRUE,FALSE,0.41143131210,2.09134337310000,NA,1.54535527917392e-01
main_dataset,consensus_unrooted,abs_winding_angle_deg,fit_radius,tree_variant,NA,fit_radius,1.49337154184298e+03,6.92882975840786e-02,1.000000000000000,13,NA,data/phylogeny/P01_Trees/curc_fig1.contree,existing_file,Imported from phylogeny workflow outputs.,14,TRUE,FALSE,0.41143131210,2.09134337310000,NA,1.66610138650948e-01
main_dataset,consensus_unrooted,n_turns_abs,start_end_dist,tree_variant,NA,start_end_dist,1.65759977626493e+00,6.53718373873928e-02,1.000000000000000,13,NA,data/phylogeny/P01_Trees/curc_fig1.contree,existing_file,Imported from phylogeny workflow outputs.,14,TRUE,FALSE,0.41143131210,2.09134337310000,NA,6.53722926884347e-02
main_dataset,consensus_unrooted,n_turns_abs,axial_span,tree_variant,NA,axial_span,2.72435168097690e+00,2.14069274236024e-03,1.000000000000000,13,NA,data/phylogeny/P01_Trees/curc_fig1.contree,existing_file,Imported from phylogeny workflow outputs.,14,TRUE,FALSE,0.41143131210,2.09134337310000,NA,2.14074593297885e-03
main_dataset,consensus_unrooted,n_turns_abs,axial_pitch_360,tree_variant,NA,axial_pitch_360,1.58540763792272e+00,1.48399368021648e-01,1.000000000000000,13,NA,data/phylogeny/P01_Trees/curc_fig1.contree,existing_file,Imported from phylogeny workflow outputs.,14,TRUE,FALSE,0.41143131210,2.09134337310000,NA,1.54535527917392e-01
main_dataset,consensus_unrooted,n_turns_abs,fit_radius,tree_variant,NA,fit_radius,4.14825428289716e+00,6.92882975840786e-02,1.000000000000000,13,NA,data/phylogeny/P01_Trees/curc_fig1.contree,existing_file,Imported from phylogeny workflow outputs.,14,TRUE,FALSE,0.41143131210,2.09134337310000,NA,1.66610138650948e-01
main_dataset,consensus_unrooted,start_end_dist,axial_span,tree_variant,NA,axial_span,4.82537981677637e-01,5.02595562547431e-02,0.000000000000000,13,NA,data/phylogeny/P01_Trees/curc_fig1.contree,existing_file,Imported from phylogeny workflow outputs.,14,TRUE,FALSE,0.41143131210,2.09134337310000,NA,1.20167638238216e-01
main_dataset,consensus_unrooted,start_end_dist,axial_pitch_360,tree_variant,NA,axial_pitch_360,4.64625605337369e-01,1.05613457803363e-01,0.000000000000000,13,NA,data/phylogeny/P01_Trees/curc_fig1.contree,existing_file,Imported from phylogeny workflow outputs.,14,TRUE,FALSE,0.41143131210,2.09134337310000,NA,2.26146542588670e-01
main_dataset,consensus_unrooted,start_end_dist,fit_radius,tree_variant,NA,fit_radius,7.40846011981030e-01,1.97701953173835e-01,0.000000000000000,13,NA,data/phylogeny/P01_Trees/curc_fig1.contree,existing_file,Imported from phylogeny workflow outputs.,14,TRUE,FALSE,0.41143131210,2.09134337310000,NA,5.42510542183829e-01
main_dataset,consensus_unrooted,axial_span,axial_pitch_360,tree_variant,NA,axial_pitch_360,9.07755106500360e-01,1.55684160872550e-04,1.000000000000000,13,NA,data/phylogeny/P01_Trees/curc_fig1.contree,existing_file,Imported from phylogeny workflow outputs.,14,TRUE,FALSE,0.41143131210,2.09134337310000,NA,1.66806546013096e-04
main_dataset,consensus_unrooted,axial_span,fit_radius,tree_variant,NA,fit_radius,1.36113249734557e+00,2.90217125306260e-02,1.000000000000000,13,NA,data/phylogeny/P01_Trees/curc_fig1.contree,existing_file,Imported from phylogeny workflow outputs.,14,TRUE,FALSE,0.41143131210,2.09134337310000,NA,2.90219229045763e-02
main_dataset,consensus_unrooted,axial_pitch_360,fit_radius,tree_variant,NA,fit_radius,1.26861850951738e+00,3.27670436039251e-02,1.000000000000000,13,NA,data/phylogeny/P01_Trees/curc_fig1.contree,existing_file,Imported from phylogeny workflow outputs.,14,TRUE,FALSE,0.41143131210,2.09134337310000,NA,3.27670436039251e-02
main_dataset,consensus_unrooted,PC1,abs_winding_angle_deg,tree_variant,NA,abs_winding_angle_deg,-6.82653186698226e-04,6.17810882312758e-02,1.000000000000000,13,NA,data/phylogeny/P01_Trees/curc_fig1.contree,existing_file,Imported from phylogeny workflow outputs.,14,TRUE,FALSE,0.41143131210,2.09134337310000,NA,8.09137208817031e-02
main_dataset,consensus_unrooted,PC1,n_turns_abs,tree_variant,NA,n_turns_abs,-2.45755147211361e-01,6.17810882312757e-02,1.000000000000000,13,NA,data/phylogeny/P01_Trees/curc_fig1.contree,existing_file,Imported from phylogeny workflow outputs.,14,TRUE,FALSE,0.41143131210,2.09134337310000,NA,8.09137208817030e-02
main_dataset,consensus_unrooted,PC1,start_end_dist,tree_variant,NA,start_end_dist,-5.41477029224275e-01,2.12360267330413e-01,1.000000000000000,13,NA,data/phylogeny/P01_Trees/curc_fig1.contree,existing_file,Imported from phylogeny workflow outputs.,14,TRUE,FALSE,0.41143131210,2.09134337310000,NA,3.72430995769113e-01
main_dataset,consensus_unrooted,PC1,axial_span,tree_variant,NA,axial_span,-8.86416049065827e-01,5.65050553595523e-02,1.000000000000000,13,NA,data/phylogeny/P01_Trees/curc_fig1.contree,existing_file,Imported from phylogeny workflow outputs.,14,TRUE,FALSE,0.41143131210,2.09134337310000,NA,6.05417052814707e-02
main_dataset,consensus_unrooted,PC1,axial_pitch_360,tree_variant,NA,axial_pitch_360,-6.11374954202874e-01,2.35806355900151e-01,1.000000000000000,13,NA,data/phylogeny/P01_Trees/curc_fig1.contree,existing_file,Imported from phylogeny workflow outputs.,14,TRUE,FALSE,0.41143131210,2.09134337310000,NA,2.50928081100377e-01
main_dataset,consensus_unrooted,PC1,fit_radius,tree_variant,NA,fit_radius,-2.98243508641162e+00,8.74147013815267e-04,1.000000000000000,13,NA,data/phylogeny/P01_Trees/curc_fig1.contree,existing_file,Imported from phylogeny workflow outputs.,14,TRUE,FALSE,0.41143131210,2.09134337310000,NA,4.03031007349687e-03
main_dataset,consensus_unrooted,PC2,abs_winding_angle_deg,tree_variant,NA,abs_winding_angle_deg,3.67275655437473e-05,8.94268124910448e-01,1.000000000000000,13,NA,data/phylogeny/P01_Trees/curc_fig1.contree,existing_file,Imported from phylogeny workflow outputs.,14,TRUE,FALSE,0.41143131210,2.09134337310000,NA,9.84394372448375e-01
main_dataset,consensus_unrooted,PC2,n_turns_abs,tree_variant,NA,n_turns_abs,1.32219235957491e-02,8.94268124910447e-01,1.000000000000000,13,NA,data/phylogeny/P01_Trees/curc_fig1.contree,existing_file,Imported from phylogeny workflow outputs.,14,TRUE,FALSE,0.41143131210,2.09134337310000,NA,9.84394372448375e-01
main_dataset,consensus_unrooted,PC2,start_end_dist,tree_variant,NA,start_end_dist,2.44390459871740e-01,4.29790309551898e-01,1.000000000000000,13,NA,data/phylogeny/P01_Trees/curc_fig1.contree,existing_file,Imported from phylogeny workflow outputs.,14,TRUE,FALSE,0.41143131210,2.09134337310000,NA,9.50507841866303e-01
main_dataset,consensus_unrooted,PC2,axial_span,tree_variant,NA,axial_span,3.94182307346271e-02,9.11003400065234e-01,1.000000000000000,13,NA,data/phylogeny/P01_Trees/curc_fig1.contree,existing_file,Imported from phylogeny workflow outputs.,14,TRUE,FALSE,0.41143131210,2.09134337310000,NA,9.64685569296379e-01
main_dataset,consensus_unrooted,PC2,axial_pitch_360,tree_variant,NA,axial_pitch_360,-1.19102414410979e-02,9.74446982133860e-01,1.000000000000000,13,NA,data/phylogeny/P01_Trees/curc_fig1.contree,existing_file,Imported from phylogeny workflow outputs.,14,TRUE,FALSE,0.41143131210,2.09134337310000,NA,9.74450361544908e-01
main_dataset,consensus_unrooted,PC2,fit_radius,tree_variant,NA,fit_radius,1.10491992231660e+00,1.44328411477959e-01,1.000000000000000,13,NA,data/phylogeny/P01_Trees/curc_fig1.contree,existing_file,Imported from phylogeny workflow outputs.,14,TRUE,FALSE,0.41143131210,2.09134337310000,NA,1.80039674188863e-01
main_dataset,consensus_unrooted,PC3,abs_winding_angle_deg,tree_variant,NA,abs_winding_angle_deg,6.20413586252112e-05,7.73947644698807e-01,0.000000000000000,13,NA,data/phylogeny/P01_Trees/curc_fig1.contree,existing_file,Imported from phylogeny workflow outputs.,14,TRUE,FALSE,0.41143131210,2.09134337310000,NA,8.13327721703506e-01
main_dataset,consensus_unrooted,PC3,n_turns_abs,tree_variant,NA,n_turns_abs,2.23348891050761e-02,7.73947644698807e-01,0.000000000000000,13,NA,data/phylogeny/P01_Trees/curc_fig1.contree,existing_file,Imported from phylogeny workflow outputs.,14,TRUE,FALSE,0.41143131210,2.09134337310000,NA,8.13327721703505e-01
main_dataset,consensus_unrooted,PC3,start_end_dist,tree_variant,NA,start_end_dist,4.49266690191489e-01,1.61783087636998e-01,1.000000000000000,13,NA,data/phylogeny/P01_Trees/curc_fig1.contree,existing_file,Imported from phylogeny workflow outputs.,14,TRUE,FALSE,0.41143131210,2.09134337310000,NA,5.78975816720575e-01
main_dataset,consensus_unrooted,PC3,axial_span,tree_variant,NA,axial_span,3.15661130067580e-01,3.95050005525910e-01,1.000000000000000,13,NA,data/phylogeny/P01_Trees/curc_fig1.contree,existing_file,Imported from phylogeny workflow outputs.,14,TRUE,FALSE,0.41143131210,2.09134337310000,NA,4.55826929452973e-01
main_dataset,consensus_unrooted,PC3,axial_pitch_360,tree_variant,NA,axial_pitch_360,-2.66625781500291e-01,4.64219358181762e-01,0.000000000000000,13,NA,data/phylogeny/P01_Trees/curc_fig1.contree,existing_file,Imported from phylogeny workflow outputs.,14,TRUE,FALSE,0.41143131210,2.09134337310000,NA,6.55439578562797e-01
main_dataset,consensus_unrooted,PC3,fit_radius,tree_variant,NA,fit_radius,-8.47861832582706e-01,2.24518057839087e-01,0.000000000000000,13,NA,data/phylogeny/P01_Trees/curc_fig1.contree,existing_file,Imported from phylogeny workflow outputs.,14,TRUE,FALSE,0.41143131210,2.09134337310000,NA,5.42193805305297e-01
main_dataset,consensus_unrooted,PC4,abs_winding_angle_deg,tree_variant,NA,abs_winding_angle_deg,-1.08401991689824e-04,5.54873609964312e-01,0.000000000000000,13,NA,data/phylogeny/P01_Trees/curc_fig1.contree,existing_file,Imported from phylogeny workflow outputs.,14,TRUE,FALSE,0.41143131210,2.09134337310000,NA,5.54873609964312e-01
main_dataset,consensus_unrooted,PC4,n_turns_abs,tree_variant,NA,n_turns_abs,-3.90247170083367e-02,5.54873609964311e-01,0.000000000000000,13,NA,data/phylogeny/P01_Trees/curc_fig1.contree,existing_file,Imported from phylogeny workflow outputs.,14,TRUE,FALSE,0.41143131210,2.09134337310000,NA,5.54873609964312e-01
main_dataset,consensus_unrooted,PC4,start_end_dist,tree_variant,NA,start_end_dist,-4.22515824942706e-01,1.65510230268828e-01,0.000000000000000,13,NA,data/phylogeny/P01_Trees/curc_fig1.contree,existing_file,Imported from phylogeny workflow outputs.,14,TRUE,FALSE,0.41143131210,2.09134337310000,NA,1.65510230268828e-01
main_dataset,consensus_unrooted,PC4,axial_span,tree_variant,NA,axial_span,-5.34146982699107e-01,7.87326842833912e-02,0.990624766890932,13,NA,data/phylogeny/P01_Trees/curc_fig1.contree,existing_file,Imported from phylogeny workflow outputs.,14,TRUE,FALSE,0.41143131210,2.09134337310000,NA,7.87326842833912e-02
main_dataset,consensus_unrooted,PC4,axial_pitch_360,tree_variant,NA,axial_pitch_360,-5.84668232706259e-01,4.13472766316046e-02,0.000000000000000,13,NA,data/phylogeny/P01_Trees/curc_fig1.contree,existing_file,Imported from phylogeny workflow outputs.,14,TRUE,FALSE,0.41143131210,2.09134337310000,NA,4.13472766316046e-02
main_dataset,consensus_unrooted,PC4,fit_radius,tree_variant,NA,fit_radius,-7.21771929984903e-01,2.26869076149456e-01,0.000000000000000,13,NA,data/phylogeny/P01_Trees/curc_fig1.contree,existing_file,Imported from phylogeny workflow outputs.,14,TRUE,FALSE,0.41143131210,2.09134337310000,NA,2.43074010160132e-01
main_dataset,consensus_unrooted,PC5,abs_winding_angle_deg,tree_variant,NA,abs_winding_angle_deg,-1.04636538383028e-04,2.79134572954019e-01,0.000000000000000,13,NA,data/phylogeny/P01_Trees/curc_fig1.contree,existing_file,Imported from phylogeny workflow outputs.,14,TRUE,FALSE,0.41143131210,2.09134337310000,NA,2.94343322634805e-01
main_dataset,consensus_unrooted,PC5,n_turns_abs,tree_variant,NA,n_turns_abs,-3.76691538178900e-02,2.79134572954020e-01,0.000000000000000,13,NA,data/phylogeny/P01_Trees/curc_fig1.contree,existing_file,Imported from phylogeny workflow outputs.,14,TRUE,FALSE,0.41143131210,2.09134337310000,NA,2.94343322634806e-01
main_dataset,consensus_unrooted,PC5,start_end_dist,tree_variant,NA,start_end_dist,-7.44900271988639e-02,6.62043314675455e-01,0.000000000000000,13,NA,data/phylogeny/P01_Trees/curc_fig1.contree,existing_file,Imported from phylogeny workflow outputs.,14,TRUE,FALSE,0.41143131210,2.09134337310000,NA,9.06232197614004e-01
main_dataset,consensus_unrooted,PC5,axial_span,tree_variant,NA,axial_span,-1.75757200856280e-01,2.23505957546674e-01,0.000000000000000,13,NA,data/phylogeny/P01_Trees/curc_fig1.contree,existing_file,Imported from phylogeny workflow outputs.,14,TRUE,FALSE,0.41143131210,2.09134337310000,NA,2.23505957546674e-01
main_dataset,consensus_unrooted,PC5,axial_pitch_360,tree_variant,NA,axial_pitch_360,-1.27431453224293e-01,4.45788981183296e-01,0.000000000000000,13,NA,data/phylogeny/P01_Trees/curc_fig1.contree,existing_file,Imported from phylogeny workflow outputs.,14,TRUE,FALSE,0.41143131210,2.09134337310000,NA,4.45788981183297e-01
main_dataset,consensus_unrooted,PC5,fit_radius,tree_variant,NA,fit_radius,1.58670920944136e-01,6.30834247281711e-01,0.000000000000000,13,NA,data/phylogeny/P01_Trees/curc_fig1.contree,existing_file,Imported from phylogeny workflow outputs.,14,TRUE,FALSE,0.41143131210,2.09134337310000,NA,9.45521787097248e-01
main_dataset,consensus_unrooted,PC1,centroid_size,tree_variant,NA,centroid_size,-5.77803119859962e-04,3.67609047135179e-01,1.000000000000000,14,NA,data/phylogeny/P01_Trees/curc_fig1.contree,existing_file,Imported from phylogeny workflow outputs.,14,TRUE,FALSE,0.41143131210,2.09134337310000,NA,3.67609725688491e-01
main_dataset,consensus_unrooted,PC2,centroid_size,tree_variant,NA,centroid_size,-8.58266930622765e-04,4.72884387937070e-02,1.000000000000000,14,NA,data/phylogeny/P01_Trees/curc_fig1.contree,existing_file,Imported from phylogeny workflow outputs.,14,TRUE,FALSE,0.41143131210,2.09134337310000,NA,6.44849493591476e-02
main_dataset,consensus_unrooted,PC3,centroid_size,tree_variant,NA,centroid_size,-1.83520409916332e-04,6.43402515467955e-01,0.000000000000000,14,NA,data/phylogeny/P01_Trees/curc_fig1.contree,existing_file,Imported from phylogeny workflow outputs.,14,TRUE,FALSE,0.41143131210,2.09134337310000,NA,6.43402515467955e-01
main_dataset,consensus_unrooted,PC4,centroid_size,tree_variant,NA,centroid_size,-5.40385567244957e-05,8.71994498873690e-01,0.000000000000000,14,NA,data/phylogeny/P01_Trees/curc_fig1.contree,existing_file,Imported from phylogeny workflow outputs.,14,TRUE,FALSE,0.41143131210,2.09134337310000,NA,8.71994498873690e-01
main_dataset,consensus_unrooted,PC5,centroid_size,tree_variant,NA,centroid_size,-3.80917869916068e-04,5.48840823054162e-02,0.000000000000000,14,NA,data/phylogeny/P01_Trees/curc_fig1.contree,existing_file,Imported from phylogeny workflow outputs.,14,TRUE,FALSE,0.41143131210,2.09134337310000,NA,1.47887811802473e-01
main_dataset,consensus_unrooted,abs_winding_angle_deg,centroid_size,tree_variant,NA,centroid_size,7.00879396020588e-01,1.81225723110808e-01,1.000000000000000,13,NA,data/phylogeny/P01_Trees/curc_fig1.contree,existing_file,Imported from phylogeny workflow outputs.,14,TRUE,FALSE,0.41143131210,2.09134337310000,NA,2.29025088645026e-01
main_dataset,consensus_unrooted,n_turns_abs,centroid_size,tree_variant,NA,centroid_size,1.94688721116830e-03,1.81225723110809e-01,1.000000000000000,13,NA,data/phylogeny/P01_Trees/curc_fig1.contree,existing_file,Imported from phylogeny workflow outputs.,14,TRUE,FALSE,0.41143131210,2.09134337310000,NA,2.29025088645026e-01
main_dataset,consensus_unrooted,start_end_dist,centroid_size,tree_variant,NA,centroid_size,1.63094627691310e-04,6.61131270257194e-01,0.000000000000000,13,NA,data/phylogeny/P01_Trees/curc_fig1.contree,existing_file,Imported from phylogeny workflow outputs.,14,TRUE,FALSE,0.41143131210,2.09134337310000,NA,6.61131270257194e-01
main_dataset,consensus_unrooted,axial_span,centroid_size,tree_variant,NA,centroid_size,8.02241393910618e-04,3.87954694763763e-02,1.000000000000000,13,NA,data/phylogeny/P01_Trees/curc_fig1.contree,existing_file,Imported from phylogeny workflow outputs.,14,TRUE,FALSE,0.41143131210,2.09134337310000,NA,9.90864514982789e-02
main_dataset,consensus_unrooted,axial_pitch_360,centroid_size,tree_variant,NA,centroid_size,7.98771414399105e-04,2.81478932764317e-02,1.000000000000000,13,NA,data/phylogeny/P01_Trees/curc_fig1.contree,existing_file,Imported from phylogeny workflow outputs.,14,TRUE,FALSE,0.41143131210,2.09134337310000,NA,7.85243986804377e-02
main_dataset,consensus_unrooted,fit_radius,centroid_size,tree_variant,NA,centroid_size,1.11221892963213e-04,5.54926398041468e-01,1.000000000000000,13,NA,data/phylogeny/P01_Trees/curc_fig1.contree,existing_file,Imported from phylogeny workflow outputs.,14,TRUE,FALSE,0.41143131210,2.09134337310000,NA,9.91539891225603e-01
main_dataset,rooted_ml,abs_winding_angle_deg,n_turns_abs,tree_variant,NA,NA,NA,NA,NA,NA,"No valid PGLS fit for lambda in [0, 1].",data/phylogeny/P01_Trees/curc_fig1_rooted.tre,existing_file,Imported from phylogeny workflow outputs.,14,TRUE,FALSE,0.41142785540,2.09131592840000,NA,NA
main_dataset,rooted_ml,abs_winding_angle_deg,start_end_dist,tree_variant,NA,start_end_dist,5.96735671401054e+02,6.53722926884348e-02,1.000000000000000,13,NA,data/phylogeny/P01_Trees/curc_fig1_rooted.tre,existing_file,Imported from phylogeny workflow outputs.,14,TRUE,FALSE,0.41142785540,2.09131592840000,NA,6.53722926884348e-02
main_dataset,rooted_ml,abs_winding_angle_deg,axial_span,tree_variant,NA,axial_span,9.80765801670256e+02,2.14074593297885e-03,1.000000000000000,13,NA,data/phylogeny/P01_Trees/curc_fig1_rooted.tre,existing_file,Imported from phylogeny workflow outputs.,14,TRUE,FALSE,0.41142785540,2.09131592840000,NA,2.14074593297885e-03
main_dataset,rooted_ml,abs_winding_angle_deg,axial_pitch_360,tree_variant,NA,axial_pitch_360,5.70743649121506e+02,1.48401660657922e-01,1.000000000000000,13,NA,data/phylogeny/P01_Trees/curc_fig1_rooted.tre,existing_file,Imported from phylogeny workflow outputs.,14,TRUE,FALSE,0.41142785540,2.09131592840000,NA,1.54535527917392e-01
main_dataset,rooted_ml,abs_winding_angle_deg,fit_radius,tree_variant,NA,fit_radius,1.49336767806486e+03,6.92897548036826e-02,1.000000000000000,13,NA,data/phylogeny/P01_Trees/curc_fig1_rooted.tre,existing_file,Imported from phylogeny workflow outputs.,14,TRUE,FALSE,0.41142785540,2.09131592840000,NA,1.66610138650948e-01
main_dataset,rooted_ml,n_turns_abs,start_end_dist,tree_variant,NA,start_end_dist,1.65759908722515e+00,6.53722926884347e-02,1.000000000000000,13,NA,data/phylogeny/P01_Trees/curc_fig1_rooted.tre,existing_file,Imported from phylogeny workflow outputs.,14,TRUE,FALSE,0.41142785540,2.09131592840000,NA,6.53722926884347e-02
main_dataset,rooted_ml,n_turns_abs,axial_span,tree_variant,NA,axial_span,2.72434944908404e+00,2.14074593297885e-03,1.000000000000000,13,NA,data/phylogeny/P01_Trees/curc_fig1_rooted.tre,existing_file,Imported from phylogeny workflow outputs.,14,TRUE,FALSE,0.41142785540,2.09131592840000,NA,2.14074593297885e-03
main_dataset,rooted_ml,n_turns_abs,axial_pitch_360,tree_variant,NA,axial_pitch_360,1.58539902533752e+00,1.48401660657922e-01,1.000000000000000,13,NA,data/phylogeny/P01_Trees/curc_fig1_rooted.tre,existing_file,Imported from phylogeny workflow outputs.,14,TRUE,FALSE,0.41142785540,2.09131592840000,NA,1.54535527917392e-01
main_dataset,rooted_ml,n_turns_abs,fit_radius,tree_variant,NA,fit_radius,4.14824355018017e+00,6.92897548036825e-02,1.000000000000000,13,NA,data/phylogeny/P01_Trees/curc_fig1_rooted.tre,existing_file,Imported from phylogeny workflow outputs.,14,TRUE,FALSE,0.41142785540,2.09131592840000,NA,1.66610138650948e-01
main_dataset,rooted_ml,start_end_dist,axial_span,tree_variant,NA,axial_span,4.82537981677637e-01,5.02595562547431e-02,0.000000000000000,13,NA,data/phylogeny/P01_Trees/curc_fig1_rooted.tre,existing_file,Imported from phylogeny workflow outputs.,14,TRUE,FALSE,0.41142785540,2.09131592840000,NA,1.20167638238216e-01
main_dataset,rooted_ml,start_end_dist,axial_pitch_360,tree_variant,NA,axial_pitch_360,4.64625605337369e-01,1.05613457803363e-01,0.000000000000000,13,NA,data/phylogeny/P01_Trees/curc_fig1_rooted.tre,existing_file,Imported from phylogeny workflow outputs.,14,TRUE,FALSE,0.41142785540,2.09131592840000,NA,2.26146542588670e-01
main_dataset,rooted_ml,start_end_dist,fit_radius,tree_variant,NA,fit_radius,7.40846011981030e-01,1.97701953173835e-01,0.000000000000000,13,NA,data/phylogeny/P01_Trees/curc_fig1_rooted.tre,existing_file,Imported from phylogeny workflow outputs.,14,TRUE,FALSE,0.41142785540,2.09131592840000,NA,5.42510542183829e-01
main_dataset,rooted_ml,axial_span,axial_pitch_360,tree_variant,NA,axial_pitch_360,9.07753847042060e-01,1.55686109612221e-04,1.000000000000000,13,NA,data/phylogeny/P01_Trees/curc_fig1_rooted.tre,existing_file,Imported from phylogeny workflow outputs.,14,TRUE,FALSE,0.41142785540,2.09131592840000,NA,1.66806546013096e-04
main_dataset,rooted_ml,axial_span,fit_radius,tree_variant,NA,fit_radius,1.36113271380440e+00,2.90219229045762e-02,1.000000000000000,13,NA,data/phylogeny/P01_Trees/curc_fig1_rooted.tre,existing_file,Imported from phylogeny workflow outputs.,14,TRUE,FALSE,0.41142785540,2.09131592840000,NA,2.90219229045763e-02
main_dataset,rooted_ml,axial_pitch_360,fit_radius,tree_variant,NA,fit_radius,1.26862234487680e+00,3.27668621567085e-02,1.000000000000000,13,NA,data/phylogeny/P01_Trees/curc_fig1_rooted.tre,existing_file,Imported from phylogeny workflow outputs.,14,TRUE,FALSE,0.41142785540,2.09131592840000,NA,3.27670436039251e-02
main_dataset,rooted_ml,PC1,abs_winding_angle_deg,tree_variant,NA,abs_winding_angle_deg,-6.82648504221435e-04,6.17823331182749e-02,1.000000000000000,13,NA,data/phylogeny/P01_Trees/curc_fig1_rooted.tre,existing_file,Imported from phylogeny workflow outputs.,14,TRUE,FALSE,0.41142785540,2.09131592840000,NA,8.09137208817031e-02
main_dataset,rooted_ml,PC1,n_turns_abs,tree_variant,NA,n_turns_abs,-2.45753461519716e-01,6.17823331182749e-02,1.000000000000000,13,NA,data/phylogeny/P01_Trees/curc_fig1_rooted.tre,existing_file,Imported from phylogeny workflow outputs.,14,TRUE,FALSE,0.41142785540,2.09131592840000,NA,8.09137208817030e-02
main_dataset,rooted_ml,PC1,start_end_dist,tree_variant,NA,start_end_dist,-5.41475439071837e-01,2.12360819327971e-01,1.000000000000000,13,NA,data/phylogeny/P01_Trees/curc_fig1_rooted.tre,existing_file,Imported from phylogeny workflow outputs.,14,TRUE,FALSE,0.41142785540,2.09131592840000,NA,3.72430995769113e-01
main_dataset,rooted_ml,PC1,axial_span,tree_variant,NA,axial_span,-8.86412524016875e-01,5.65055915960394e-02,1.000000000000000,13,NA,data/phylogeny/P01_Trees/curc_fig1_rooted.tre,existing_file,Imported from phylogeny workflow outputs.,14,TRUE,FALSE,0.41142785540,2.09131592840000,NA,6.05417052814707e-02
main_dataset,rooted_ml,PC1,axial_pitch_360,tree_variant,NA,axial_pitch_360,-6.11371486612954e-01,2.35807614403535e-01,1.000000000000000,13,NA,data/phylogeny/P01_Trees/curc_fig1_rooted.tre,existing_file,Imported from phylogeny workflow outputs.,14,TRUE,FALSE,0.41142785540,2.09131592840000,NA,2.50928081100377e-01
main_dataset,rooted_ml,PC1,fit_radius,tree_variant,NA,fit_radius,-2.98242773939942e+00,8.74174731670313e-04,1.000000000000000,13,NA,data/phylogeny/P01_Trees/curc_fig1_rooted.tre,existing_file,Imported from phylogeny workflow outputs.,14,TRUE,FALSE,0.41142785540,2.09131592840000,NA,4.03031007349687e-03
main_dataset,rooted_ml,PC2,abs_winding_angle_deg,tree_variant,NA,abs_winding_angle_deg,3.67250463753634e-05,8.94275029971070e-01,1.000000000000000,13,NA,data/phylogeny/P01_Trees/curc_fig1_rooted.tre,existing_file,Imported from phylogeny workflow outputs.,14,TRUE,FALSE,0.41142785540,2.09131592840000,NA,9.84394372448375e-01
main_dataset,rooted_ml,PC2,n_turns_abs,tree_variant,NA,n_turns_abs,1.32210166951308e-02,8.94275029971070e-01,1.000000000000000,13,NA,data/phylogeny/P01_Trees/curc_fig1_rooted.tre,existing_file,Imported from phylogeny workflow outputs.,14,TRUE,FALSE,0.41142785540,2.09131592840000,NA,9.84394372448375e-01
main_dataset,rooted_ml,PC2,start_end_dist,tree_variant,NA,start_end_dist,2.44391143852502e-01,4.29788058222512e-01,1.000000000000000,13,NA,data/phylogeny/P01_Trees/curc_fig1_rooted.tre,existing_file,Imported from phylogeny workflow outputs.,14,TRUE,FALSE,0.41142785540,2.09131592840000,NA,9.50507841866303e-01
main_dataset,rooted_ml,PC2,axial_span,tree_variant,NA,axial_span,3.94170624661379e-02,9.11005826009800e-01,1.000000000000000,13,NA,data/phylogeny/P01_Trees/curc_fig1_rooted.tre,existing_file,Imported from phylogeny workflow outputs.,14,TRUE,FALSE,0.41142785540,2.09131592840000,NA,9.64685569296379e-01
main_dataset,rooted_ml,PC2,axial_pitch_360,tree_variant,NA,axial_pitch_360,-1.19086267475306e-02,9.74450361544908e-01,1.000000000000000,13,NA,data/phylogeny/P01_Trees/curc_fig1_rooted.tre,existing_file,Imported from phylogeny workflow outputs.,14,TRUE,FALSE,0.41142785540,2.09131592840000,NA,9.74450361544908e-01
main_dataset,rooted_ml,PC2,fit_radius,tree_variant,NA,fit_radius,1.10491836496143e+00,1.44328554009793e-01,1.000000000000000,13,NA,data/phylogeny/P01_Trees/curc_fig1_rooted.tre,existing_file,Imported from phylogeny workflow outputs.,14,TRUE,FALSE,0.41142785540,2.09131592840000,NA,1.80039674188863e-01
main_dataset,rooted_ml,PC3,abs_winding_angle_deg,tree_variant,NA,abs_winding_angle_deg,6.20413586252111e-05,7.73947644698808e-01,0.000000000000000,13,NA,data/phylogeny/P01_Trees/curc_fig1_rooted.tre,existing_file,Imported from phylogeny workflow outputs.,14,TRUE,FALSE,0.41142785540,2.09131592840000,NA,8.13327721703506e-01
main_dataset,rooted_ml,PC3,n_turns_abs,tree_variant,NA,n_turns_abs,2.23348891050761e-02,7.73947644698807e-01,0.000000000000000,13,NA,data/phylogeny/P01_Trees/curc_fig1_rooted.tre,existing_file,Imported from phylogeny workflow outputs.,14,TRUE,FALSE,0.41142785540,2.09131592840000,NA,8.13327721703505e-01
main_dataset,rooted_ml,PC3,start_end_dist,tree_variant,NA,start_end_dist,4.49267281131472e-01,1.61783062862006e-01,1.000000000000000,13,NA,data/phylogeny/P01_Trees/curc_fig1_rooted.tre,existing_file,Imported from phylogeny workflow outputs.,14,TRUE,FALSE,0.41142785540,2.09131592840000,NA,5.78975816720575e-01
main_dataset,rooted_ml,PC3,axial_span,tree_variant,NA,axial_span,3.15662485320032e-01,3.95048353415550e-01,1.000000000000000,13,NA,data/phylogeny/P01_Trees/curc_fig1_rooted.tre,existing_file,Imported from phylogeny workflow outputs.,14,TRUE,FALSE,0.41142785540,2.09131592840000,NA,4.55826929452973e-01
main_dataset,rooted_ml,PC3,axial_pitch_360,tree_variant,NA,axial_pitch_360,-2.66625781500291e-01,4.64219358181761e-01,0.000000000000000,13,NA,data/phylogeny/P01_Trees/curc_fig1_rooted.tre,existing_file,Imported from phylogeny workflow outputs.,14,TRUE,FALSE,0.41142785540,2.09131592840000,NA,6.55439578562797e-01
main_dataset,rooted_ml,PC3,fit_radius,tree_variant,NA,fit_radius,-8.47861832582706e-01,2.24518057839088e-01,0.000000000000000,13,NA,data/phylogeny/P01_Trees/curc_fig1_rooted.tre,existing_file,Imported from phylogeny workflow outputs.,14,TRUE,FALSE,0.41142785540,2.09131592840000,NA,5.42193805305297e-01
main_dataset,rooted_ml,PC4,abs_winding_angle_deg,tree_variant,NA,abs_winding_angle_deg,-1.08401991689824e-04,5.54873609964311e-01,0.000000000000000,13,NA,data/phylogeny/P01_Trees/curc_fig1_rooted.tre,existing_file,Imported from phylogeny workflow outputs.,14,TRUE,FALSE,0.41142785540,2.09131592840000,NA,5.54873609964312e-01
main_dataset,rooted_ml,PC4,n_turns_abs,tree_variant,NA,n_turns_abs,-3.90247170083366e-02,5.54873609964312e-01,0.000000000000000,13,NA,data/phylogeny/P01_Trees/curc_fig1_rooted.tre,existing_file,Imported from phylogeny workflow outputs.,14,TRUE,FALSE,0.41142785540,2.09131592840000,NA,5.54873609964312e-01
main_dataset,rooted_ml,PC4,start_end_dist,tree_variant,NA,start_end_dist,-4.22515824942706e-01,1.65510230268828e-01,0.000000000000000,13,NA,data/phylogeny/P01_Trees/curc_fig1_rooted.tre,existing_file,Imported from phylogeny workflow outputs.,14,TRUE,FALSE,0.41142785540,2.09131592840000,NA,1.65510230268828e-01
main_dataset,rooted_ml,PC4,axial_span,tree_variant,NA,axial_span,-5.34149472682674e-01,7.87314898826655e-02,0.990636142316615,13,NA,data/phylogeny/P01_Trees/curc_fig1_rooted.tre,existing_file,Imported from phylogeny workflow outputs.,14,TRUE,FALSE,0.41142785540,2.09131592840000,NA,7.87326842833912e-02
main_dataset,rooted_ml,PC4,axial_pitch_360,tree_variant,NA,axial_pitch_360,-5.84668232706259e-01,4.13472766316044e-02,0.000000000000000,13,NA,data/phylogeny/P01_Trees/curc_fig1_rooted.tre,existing_file,Imported from phylogeny workflow outputs.,14,TRUE,FALSE,0.41142785540,2.09131592840000,NA,4.13472766316046e-02
main_dataset,rooted_ml,PC4,fit_radius,tree_variant,NA,fit_radius,-7.21771929984902e-01,2.26869076149456e-01,0.000000000000000,13,NA,data/phylogeny/P01_Trees/curc_fig1_rooted.tre,existing_file,Imported from phylogeny workflow outputs.,14,TRUE,FALSE,0.41142785540,2.09131592840000,NA,2.43074010160132e-01
main_dataset,rooted_ml,PC5,abs_winding_angle_deg,tree_variant,NA,abs_winding_angle_deg,-1.04636538383028e-04,2.79134572954019e-01,0.000000000000000,13,NA,data/phylogeny/P01_Trees/curc_fig1_rooted.tre,existing_file,Imported from phylogeny workflow outputs.,14,TRUE,FALSE,0.41142785540,2.09131592840000,NA,2.94343322634805e-01
main_dataset,rooted_ml,PC5,n_turns_abs,tree_variant,NA,n_turns_abs,-3.76691538178901e-02,2.79134572954019e-01,0.000000000000000,13,NA,data/phylogeny/P01_Trees/curc_fig1_rooted.tre,existing_file,Imported from phylogeny workflow outputs.,14,TRUE,FALSE,0.41142785540,2.09131592840000,NA,2.94343322634806e-01
main_dataset,rooted_ml,PC5,start_end_dist,tree_variant,NA,start_end_dist,-7.44900271988638e-02,6.62043314675455e-01,0.000000000000000,13,NA,data/phylogeny/P01_Trees/curc_fig1_rooted.tre,existing_file,Imported from phylogeny workflow outputs.,14,TRUE,FALSE,0.41142785540,2.09131592840000,NA,9.06232197614004e-01
main_dataset,rooted_ml,PC5,axial_span,tree_variant,NA,axial_span,-1.75757200856280e-01,2.23505957546674e-01,0.000000000000000,13,NA,data/phylogeny/P01_Trees/curc_fig1_rooted.tre,existing_file,Imported from phylogeny workflow outputs.,14,TRUE,FALSE,0.41142785540,2.09131592840000,NA,2.23505957546674e-01
main_dataset,rooted_ml,PC5,axial_pitch_360,tree_variant,NA,axial_pitch_360,-1.27431453224293e-01,4.45788981183297e-01,0.000000000000000,13,NA,data/phylogeny/P01_Trees/curc_fig1_rooted.tre,existing_file,Imported from phylogeny workflow outputs.,14,TRUE,FALSE,0.41142785540,2.09131592840000,NA,4.45788981183297e-01
main_dataset,rooted_ml,PC5,fit_radius,tree_variant,NA,fit_radius,1.58670920944136e-01,6.30834247281710e-01,0.000000000000000,13,NA,data/phylogeny/P01_Trees/curc_fig1_rooted.tre,existing_file,Imported from phylogeny workflow outputs.,14,TRUE,FALSE,0.41142785540,2.09131592840000,NA,9.45521787097248e-01
main_dataset,rooted_ml,PC1,centroid_size,tree_variant,NA,centroid_size,-5.77800416675034e-04,3.67609725688491e-01,1.000000000000000,14,NA,data/phylogeny/P01_Trees/curc_fig1_rooted.tre,existing_file,Imported from phylogeny workflow outputs.,14,TRUE,FALSE,0.41142785540,2.09131592840000,NA,3.67609725688491e-01
main_dataset,rooted_ml,PC2,centroid_size,tree_variant,NA,centroid_size,-8.58261769697220e-04,4.72889628633749e-02,1.000000000000000,14,NA,data/phylogeny/P01_Trees/curc_fig1_rooted.tre,existing_file,Imported from phylogeny workflow outputs.,14,TRUE,FALSE,0.41142785540,2.09131592840000,NA,6.44849493591476e-02
main_dataset,rooted_ml,PC3,centroid_size,tree_variant,NA,centroid_size,-1.83520409916332e-04,6.43402515467955e-01,0.000000000000000,14,NA,data/phylogeny/P01_Trees/curc_fig1_rooted.tre,existing_file,Imported from phylogeny workflow outputs.,14,TRUE,FALSE,0.41142785540,2.09131592840000,NA,6.43402515467955e-01
main_dataset,rooted_ml,PC4,centroid_size,tree_variant,NA,centroid_size,-5.40385567244959e-05,8.71994498873689e-01,0.000000000000000,14,NA,data/phylogeny/P01_Trees/curc_fig1_rooted.tre,existing_file,Imported from phylogeny workflow outputs.,14,TRUE,FALSE,0.41142785540,2.09131592840000,NA,8.71994498873690e-01
main_dataset,rooted_ml,PC5,centroid_size,tree_variant,NA,centroid_size,-3.80917869916068e-04,5.48840823054162e-02,0.000000000000000,14,NA,data/phylogeny/P01_Trees/curc_fig1_rooted.tre,existing_file,Imported from phylogeny workflow outputs.,14,TRUE,FALSE,0.41142785540,2.09131592840000,NA,1.47887811802473e-01
main_dataset,rooted_ml,abs_winding_angle_deg,centroid_size,tree_variant,NA,centroid_size,7.00877647616433e-01,1.81226328512160e-01,1.000000000000000,13,NA,data/phylogeny/P01_Trees/curc_fig1_rooted.tre,existing_file,Imported from phylogeny workflow outputs.,14,TRUE,FALSE,0.41142785540,2.09131592840000,NA,2.29025088645026e-01
main_dataset,rooted_ml,n_turns_abs,centroid_size,tree_variant,NA,centroid_size,1.94688235449009e-03,1.81226328512160e-01,1.000000000000000,13,NA,data/phylogeny/P01_Trees/curc_fig1_rooted.tre,existing_file,Imported from phylogeny workflow outputs.,14,TRUE,FALSE,0.41142785540,2.09131592840000,NA,2.29025088645026e-01
main_dataset,rooted_ml,start_end_dist,centroid_size,tree_variant,NA,centroid_size,1.63094627691310e-04,6.61131270257193e-01,0.000000000000000,13,NA,data/phylogeny/P01_Trees/curc_fig1_rooted.tre,existing_file,Imported from phylogeny workflow outputs.,14,TRUE,FALSE,0.41142785540,2.09131592840000,NA,6.61131270257194e-01
main_dataset,rooted_ml,axial_span,centroid_size,tree_variant,NA,centroid_size,8.02240415213978e-04,3.87953070204018e-02,1.000000000000000,13,NA,data/phylogeny/P01_Trees/curc_fig1_rooted.tre,existing_file,Imported from phylogeny workflow outputs.,14,TRUE,FALSE,0.41142785540,2.09131592840000,NA,9.90864514982789e-02
main_dataset,rooted_ml,axial_pitch_360,centroid_size,tree_variant,NA,centroid_size,7.98769880354881e-04,2.81480986197080e-02,1.000000000000000,13,NA,data/phylogeny/P01_Trees/curc_fig1_rooted.tre,existing_file,Imported from phylogeny workflow outputs.,14,TRUE,FALSE,0.41142785540,2.09131592840000,NA,7.85243986804377e-02
main_dataset,rooted_ml,fit_radius,centroid_size,tree_variant,NA,centroid_size,1.11221282273772e-04,5.54927365403058e-01,1.000000000000000,13,NA,data/phylogeny/P01_Trees/curc_fig1_rooted.tre,existing_file,Imported from phylogeny workflow outputs.,14,TRUE,FALSE,0.41142785540,2.09131592840000,NA,9.91539891225603e-01
main_dataset,ultrametric,abs_winding_angle_deg,n_turns_abs,tree_variant,NA,NA,NA,NA,NA,NA,"No valid PGLS fit for lambda in [0, 1].",data/phylogeny/P01_Trees/curc_fig1_ultrametric.tre,existing_file,Imported from phylogeny workflow outputs.,14,TRUE,FALSE,1.49720520480,10.43444573521000,NA,NA
main_dataset,ultrametric,abs_winding_angle_deg,start_end_dist,tree_variant,NA,start_end_dist,6.29757531774682e+02,6.48679683729949e-02,1.000000000000000,13,NA,data/phylogeny/P01_Trees/curc_fig1_ultrametric.tre,existing_file,Imported from phylogeny workflow outputs.,14,TRUE,FALSE,1.49720520480,10.43444573521000,NA,6.53722926884348e-02
main_dataset,ultrametric,abs_winding_angle_deg,axial_span,tree_variant,NA,axial_span,1.01312901517201e+03,1.37483020578262e-03,1.000000000000000,13,NA,data/phylogeny/P01_Trees/curc_fig1_ultrametric.tre,existing_file,Imported from phylogeny workflow outputs.,14,TRUE,FALSE,1.49720520480,10.43444573521000,NA,2.14074593297885e-03
main_dataset,ultrametric,abs_winding_angle_deg,axial_pitch_360,tree_variant,NA,axial_pitch_360,6.03724222883422e+02,1.29744102935828e-01,1.000000000000000,13,NA,data/phylogeny/P01_Trees/curc_fig1_ultrametric.tre,existing_file,Imported from phylogeny workflow outputs.,14,TRUE,FALSE,1.49720520480,10.43444573521000,NA,1.54535527917392e-01
main_dataset,ultrametric,abs_winding_angle_deg,fit_radius,tree_variant,NA,fit_radius,1.48724448381206e+03,7.90537933022175e-02,1.000000000000000,13,NA,data/phylogeny/P01_Trees/curc_fig1_ultrametric.tre,existing_file,Imported from phylogeny workflow outputs.,14,TRUE,FALSE,1.49720520480,10.43444573521000,NA,1.66610138650948e-01
main_dataset,ultrametric,n_turns_abs,start_end_dist,tree_variant,NA,start_end_dist,1.74932647715190e+00,6.48679683729949e-02,1.000000000000000,13,NA,data/phylogeny/P01_Trees/curc_fig1_ultrametric.tre,existing_file,Imported from phylogeny workflow outputs.,14,TRUE,FALSE,1.49720520480,10.43444573521000,NA,6.53722926884347e-02
main_dataset,ultrametric,n_turns_abs,axial_span,tree_variant,NA,axial_span,2.81424726436670e+00,1.37483020578262e-03,1.000000000000000,13,NA,data/phylogeny/P01_Trees/curc_fig1_ultrametric.tre,existing_file,Imported from phylogeny workflow outputs.,14,TRUE,FALSE,1.49720520480,10.43444573521000,NA,2.14074593297885e-03
main_dataset,ultrametric,n_turns_abs,axial_pitch_360,tree_variant,NA,axial_pitch_360,1.67701173023173e+00,1.29744102935828e-01,1.000000000000000,13,NA,data/phylogeny/P01_Trees/curc_fig1_ultrametric.tre,existing_file,Imported from phylogeny workflow outputs.,14,TRUE,FALSE,1.49720520480,10.43444573521000,NA,1.54535527917392e-01
main_dataset,ultrametric,n_turns_abs,fit_radius,tree_variant,NA,fit_radius,4.13123467725571e+00,7.90537933022175e-02,1.000000000000000,13,NA,data/phylogeny/P01_Trees/curc_fig1_ultrametric.tre,existing_file,Imported from phylogeny workflow outputs.,14,TRUE,FALSE,1.49720520480,10.43444573521000,NA,1.66610138650948e-01
main_dataset,ultrametric,start_end_dist,axial_span,tree_variant,NA,axial_span,4.82537981677637e-01,5.02595562547431e-02,0.000000000000000,13,NA,data/phylogeny/P01_Trees/curc_fig1_ultrametric.tre,existing_file,Imported from phylogeny workflow outputs.,14,TRUE,FALSE,1.49720520480,10.43444573521000,NA,1.20167638238216e-01
main_dataset,ultrametric,start_end_dist,axial_pitch_360,tree_variant,NA,axial_pitch_360,4.64625605337369e-01,1.05613457803363e-01,0.000000000000000,13,NA,data/phylogeny/P01_Trees/curc_fig1_ultrametric.tre,existing_file,Imported from phylogeny workflow outputs.,14,TRUE,FALSE,1.49720520480,10.43444573521000,NA,2.26146542588670e-01
main_dataset,ultrametric,start_end_dist,fit_radius,tree_variant,NA,fit_radius,7.40846011981030e-01,1.97701953173835e-01,0.000000000000000,13,NA,data/phylogeny/P01_Trees/curc_fig1_ultrametric.tre,existing_file,Imported from phylogeny workflow outputs.,14,TRUE,FALSE,1.49720520480,10.43444573521000,NA,5.42510542183829e-01
main_dataset,ultrametric,axial_span,axial_pitch_360,tree_variant,NA,axial_pitch_360,9.10232112400933e-01,1.74320219592510e-04,1.000000000000000,13,NA,data/phylogeny/P01_Trees/curc_fig1_ultrametric.tre,existing_file,Imported from phylogeny workflow outputs.,14,TRUE,FALSE,1.49720520480,10.43444573521000,NA,1.74320219592510e-04
main_dataset,ultrametric,axial_span,fit_radius,tree_variant,NA,fit_radius,1.37129744472669e+00,2.66685110380102e-02,0.775535065731872,13,NA,data/phylogeny/P01_Trees/curc_fig1_ultrametric.tre,existing_file,Imported from phylogeny workflow outputs.,14,TRUE,FALSE,1.49720520480,10.43444573521000,NA,2.90219229045763e-02
main_dataset,ultrametric,axial_pitch_360,fit_radius,tree_variant,NA,fit_radius,1.20637737904330e+00,2.50524323789490e-02,0.000000000000000,13,NA,data/phylogeny/P01_Trees/curc_fig1_ultrametric.tre,existing_file,Imported from phylogeny workflow outputs.,14,TRUE,FALSE,1.49720520480,10.43444573521000,NA,3.13155404736863e-02
main_dataset,ultrametric,PC1,abs_winding_angle_deg,tree_variant,NA,abs_winding_angle_deg,-6.74859617277034e-04,5.73878380499837e-02,1.000000000000000,13,NA,data/phylogeny/P01_Trees/curc_fig1_ultrametric.tre,existing_file,Imported from phylogeny workflow outputs.,14,TRUE,FALSE,1.49720520480,10.43444573521000,NA,8.09137208817031e-02
main_dataset,ultrametric,PC1,n_turns_abs,tree_variant,NA,n_turns_abs,-2.42949462219732e-01,5.73878380499837e-02,1.000000000000000,13,NA,data/phylogeny/P01_Trees/curc_fig1_ultrametric.tre,existing_file,Imported from phylogeny workflow outputs.,14,TRUE,FALSE,1.49720520480,10.43444573521000,NA,8.09137208817030e-02
main_dataset,ultrametric,PC1,start_end_dist,tree_variant,NA,start_end_dist,-5.56192533233591e-01,2.12113688193356e-01,1.000000000000000,13,NA,data/phylogeny/P01_Trees/curc_fig1_ultrametric.tre,existing_file,Imported from phylogeny workflow outputs.,14,TRUE,FALSE,1.49720520480,10.43444573521000,NA,3.72430995769113e-01
main_dataset,ultrametric,PC1,axial_span,tree_variant,NA,axial_span,-8.56133104481383e-01,6.14115211298167e-02,1.000000000000000,13,NA,data/phylogeny/P01_Trees/curc_fig1_ultrametric.tre,existing_file,Imported from phylogeny workflow outputs.,14,TRUE,FALSE,1.49720520480,10.43444573521000,NA,6.14115211298167e-02
main_dataset,ultrametric,PC1,axial_pitch_360,tree_variant,NA,axial_pitch_360,-5.86064216285177e-01,2.50928081100377e-01,1.000000000000000,13,NA,data/phylogeny/P01_Trees/curc_fig1_ultrametric.tre,existing_file,Imported from phylogeny workflow outputs.,14,TRUE,FALSE,1.49720520480,10.43444573521000,NA,2.50928081100377e-01
main_dataset,ultrametric,PC1,fit_radius,tree_variant,NA,fit_radius,-2.94923074117974e+00,1.07474935293250e-03,1.000000000000000,13,NA,data/phylogeny/P01_Trees/curc_fig1_ultrametric.tre,existing_file,Imported from phylogeny workflow outputs.,14,TRUE,FALSE,1.49720520480,10.43444573521000,NA,4.03031007349687e-03
main_dataset,ultrametric,PC2,abs_winding_angle_deg,tree_variant,NA,abs_winding_angle_deg,-2.91670789878868e-05,9.16215402297599e-01,1.000000000000000,13,NA,data/phylogeny/P01_Trees/curc_fig1_ultrametric.tre,existing_file,Imported from phylogeny workflow outputs.,14,TRUE,FALSE,1.49720520480,10.43444573521000,NA,9.84394372448375e-01
main_dataset,ultrametric,PC2,n_turns_abs,tree_variant,NA,n_turns_abs,-1.05001484356393e-02,9.16215402297600e-01,1.000000000000000,13,NA,data/phylogeny/P01_Trees/curc_fig1_ultrametric.tre,existing_file,Imported from phylogeny workflow outputs.,14,TRUE,FALSE,1.49720520480,10.43444573521000,NA,9.84394372448375e-01
main_dataset,ultrametric,PC2,start_end_dist,tree_variant,NA,start_end_dist,2.07531255805398e-01,5.28067115049376e-01,1.000000000000000,13,NA,data/phylogeny/P01_Trees/curc_fig1_ultrametric.tre,existing_file,Imported from phylogeny workflow outputs.,14,TRUE,FALSE,1.49720520480,10.43444573521000,NA,9.50507841866303e-01
main_dataset,ultrametric,PC2,axial_span,tree_variant,NA,axial_span,-1.57838299700675e-02,9.64685569296379e-01,1.000000000000000,13,NA,data/phylogeny/P01_Trees/curc_fig1_ultrametric.tre,existing_file,Imported from phylogeny workflow outputs.,14,TRUE,FALSE,1.49720520480,10.43444573521000,NA,9.64685569296379e-01
main_dataset,ultrametric,PC2,axial_pitch_360,tree_variant,NA,axial_pitch_360,-2.28209384049580e-02,9.51873416129394e-01,1.000000000000000,13,NA,data/phylogeny/P01_Trees/curc_fig1_ultrametric.tre,existing_file,Imported from phylogeny workflow outputs.,14,TRUE,FALSE,1.49720520480,10.43444573521000,NA,9.74450361544908e-01
main_dataset,ultrametric,PC2,fit_radius,tree_variant,NA,fit_radius,1.10383010004711e+00,1.57361663494466e-01,1.000000000000000,13,NA,data/phylogeny/P01_Trees/curc_fig1_ultrametric.tre,existing_file,Imported from phylogeny workflow outputs.,14,TRUE,FALSE,1.49720520480,10.43444573521000,NA,1.80039674188863e-01
main_dataset,ultrametric,PC3,abs_winding_angle_deg,tree_variant,NA,abs_winding_angle_deg,6.20413586252111e-05,7.73947644698808e-01,0.000000000000000,13,NA,data/phylogeny/P01_Trees/curc_fig1_ultrametric.tre,existing_file,Imported from phylogeny workflow outputs.,14,TRUE,FALSE,1.49720520480,10.43444573521000,NA,8.13327721703506e-01
main_dataset,ultrametric,PC3,n_turns_abs,tree_variant,NA,n_turns_abs,2.23348891050761e-02,7.73947644698807e-01,0.000000000000000,13,NA,data/phylogeny/P01_Trees/curc_fig1_ultrametric.tre,existing_file,Imported from phylogeny workflow outputs.,14,TRUE,FALSE,1.49720520480,10.43444573521000,NA,8.13327721703505e-01
main_dataset,ultrametric,PC3,start_end_dist,tree_variant,NA,start_end_dist,3.63894991457370e-01,3.17445618300599e-01,0.000000000000000,13,NA,data/phylogeny/P01_Trees/curc_fig1_ultrametric.tre,existing_file,Imported from phylogeny workflow outputs.,14,TRUE,FALSE,1.49720520480,10.43444573521000,NA,5.78975816720575e-01
main_dataset,ultrametric,PC3,axial_span,tree_variant,NA,axial_span,6.85177136859105e-02,8.33149346881362e-01,0.000000000000000,13,NA,data/phylogeny/P01_Trees/curc_fig1_ultrametric.tre,existing_file,Imported from phylogeny workflow outputs.,14,TRUE,FALSE,1.49720520480,10.43444573521000,NA,8.33149346881362e-01
main_dataset,ultrametric,PC3,axial_pitch_360,tree_variant,NA,axial_pitch_360,-2.66625781500291e-01,4.64219358181761e-01,0.000000000000000,13,NA,data/phylogeny/P01_Trees/curc_fig1_ultrametric.tre,existing_file,Imported from phylogeny workflow outputs.,14,TRUE,FALSE,1.49720520480,10.43444573521000,NA,6.55439578562797e-01
main_dataset,ultrametric,PC3,fit_radius,tree_variant,NA,fit_radius,-8.47861832582706e-01,2.24518057839088e-01,0.000000000000000,13,NA,data/phylogeny/P01_Trees/curc_fig1_ultrametric.tre,existing_file,Imported from phylogeny workflow outputs.,14,TRUE,FALSE,1.49720520480,10.43444573521000,NA,5.42193805305297e-01
main_dataset,ultrametric,PC4,abs_winding_angle_deg,tree_variant,NA,abs_winding_angle_deg,-2.79811672833628e-04,2.29414184404108e-01,1.000000000000000,13,NA,data/phylogeny/P01_Trees/curc_fig1_ultrametric.tre,existing_file,Imported from phylogeny workflow outputs.,14,TRUE,FALSE,1.49720520480,10.43444573521000,NA,2.86767730505135e-01
main_dataset,ultrametric,PC4,n_turns_abs,tree_variant,NA,n_turns_abs,-1.00732202220106e-01,2.29414184404108e-01,1.000000000000000,13,NA,data/phylogeny/P01_Trees/curc_fig1_ultrametric.tre,existing_file,Imported from phylogeny workflow outputs.,14,TRUE,FALSE,1.49720520480,10.43444573521000,NA,2.86767730505135e-01
main_dataset,ultrametric,PC4,start_end_dist,tree_variant,NA,start_end_dist,-4.22515824942706e-01,1.65510230268828e-01,0.000000000000000,13,NA,data/phylogeny/P01_Trees/curc_fig1_ultrametric.tre,existing_file,Imported from phylogeny workflow outputs.,14,TRUE,FALSE,1.49720520480,10.43444573521000,NA,1.65510230268828e-01
main_dataset,ultrametric,PC4,axial_span,tree_variant,NA,axial_span,-5.36534260417632e-01,5.99660787085780e-02,1.000000000000000,13,NA,data/phylogeny/P01_Trees/curc_fig1_ultrametric.tre,existing_file,Imported from phylogeny workflow outputs.,14,TRUE,FALSE,1.49720520480,10.43444573521000,NA,7.49575983857225e-02
main_dataset,ultrametric,PC4,axial_pitch_360,tree_variant,NA,axial_pitch_360,-6.52349189814657e-01,2.60601557479860e-02,1.000000000000000,13,NA,data/phylogeny/P01_Trees/curc_fig1_ultrametric.tre,existing_file,Imported from phylogeny workflow outputs.,14,TRUE,FALSE,1.49720520480,10.43444573521000,NA,3.55365760199809e-02
main_dataset,ultrametric,PC4,fit_radius,tree_variant,NA,fit_radius,-1.02374633114494e+00,1.28377689479225e-01,1.000000000000000,13,NA,data/phylogeny/P01_Trees/curc_fig1_ultrametric.tre,existing_file,Imported from phylogeny workflow outputs.,14,TRUE,FALSE,1.49720520480,10.43444573521000,NA,2.43074010160132e-01
main_dataset,ultrametric,PC5,abs_winding_angle_deg,tree_variant,NA,abs_winding_angle_deg,-1.04636538383028e-04,2.79134572954019e-01,0.000000000000000,13,NA,data/phylogeny/P01_Trees/curc_fig1_ultrametric.tre,existing_file,Imported from phylogeny workflow outputs.,14,TRUE,FALSE,1.49720520480,10.43444573521000,NA,2.94343322634805e-01
main_dataset,ultrametric,PC5,n_turns_abs,tree_variant,NA,n_turns_abs,-3.76691538178901e-02,2.79134572954019e-01,0.000000000000000,13,NA,data/phylogeny/P01_Trees/curc_fig1_ultrametric.tre,existing_file,Imported from phylogeny workflow outputs.,14,TRUE,FALSE,1.49720520480,10.43444573521000,NA,2.94343322634806e-01
main_dataset,ultrametric,PC5,start_end_dist,tree_variant,NA,start_end_dist,-7.44900271988638e-02,6.62043314675455e-01,0.000000000000000,13,NA,data/phylogeny/P01_Trees/curc_fig1_ultrametric.tre,existing_file,Imported from phylogeny workflow outputs.,14,TRUE,FALSE,1.49720520480,10.43444573521000,NA,9.06232197614004e-01
main_dataset,ultrametric,PC5,axial_span,tree_variant,NA,axial_span,-1.75757200856280e-01,2.23505957546674e-01,0.000000000000000,13,NA,data/phylogeny/P01_Trees/curc_fig1_ultrametric.tre,existing_file,Imported from phylogeny workflow outputs.,14,TRUE,FALSE,1.49720520480,10.43444573521000,NA,2.23505957546674e-01
main_dataset,ultrametric,PC5,axial_pitch_360,tree_variant,NA,axial_pitch_360,-1.27431453224293e-01,4.45788981183297e-01,0.000000000000000,13,NA,data/phylogeny/P01_Trees/curc_fig1_ultrametric.tre,existing_file,Imported from phylogeny workflow outputs.,14,TRUE,FALSE,1.49720520480,10.43444573521000,NA,4.45788981183297e-01
main_dataset,ultrametric,PC5,fit_radius,tree_variant,NA,fit_radius,1.58670920944136e-01,6.30834247281710e-01,0.000000000000000,13,NA,data/phylogeny/P01_Trees/curc_fig1_ultrametric.tre,existing_file,Imported from phylogeny workflow outputs.,14,TRUE,FALSE,1.49720520480,10.43444573521000,NA,9.45521787097248e-01
main_dataset,ultrametric,PC1,centroid_size,tree_variant,NA,centroid_size,-6.26377383323198e-04,3.22405036348526e-01,1.000000000000000,14,NA,data/phylogeny/P01_Trees/curc_fig1_ultrametric.tre,existing_file,Imported from phylogeny workflow outputs.,14,TRUE,FALSE,1.49720520480,10.43444573521000,NA,3.67609725688491e-01
main_dataset,ultrametric,PC2,centroid_size,tree_variant,NA,centroid_size,-9.30499772463762e-04,3.32586516802492e-02,1.000000000000000,14,NA,data/phylogeny/P01_Trees/curc_fig1_ultrametric.tre,existing_file,Imported from phylogeny workflow outputs.,14,TRUE,FALSE,1.49720520480,10.43444573521000,NA,6.23599719004672e-02
main_dataset,ultrametric,PC3,centroid_size,tree_variant,NA,centroid_size,-1.83520409916332e-04,6.43402515467955e-01,0.000000000000000,14,NA,data/phylogeny/P01_Trees/curc_fig1_ultrametric.tre,existing_file,Imported from phylogeny workflow outputs.,14,TRUE,FALSE,1.49720520480,10.43444573521000,NA,6.43402515467955e-01
main_dataset,ultrametric,PC4,centroid_size,tree_variant,NA,centroid_size,-3.48762813901271e-04,3.77447221516740e-01,1.000000000000000,14,NA,data/phylogeny/P01_Trees/curc_fig1_ultrametric.tre,existing_file,Imported from phylogeny workflow outputs.,14,TRUE,FALSE,1.49720520480,10.43444573521000,NA,7.31549360025590e-01
main_dataset,ultrametric,PC5,centroid_size,tree_variant,NA,centroid_size,-3.80917869916068e-04,5.48840823054162e-02,0.000000000000000,14,NA,data/phylogeny/P01_Trees/curc_fig1_ultrametric.tre,existing_file,Imported from phylogeny workflow outputs.,14,TRUE,FALSE,1.49720520480,10.43444573521000,NA,1.47887811802473e-01
main_dataset,ultrametric,abs_winding_angle_deg,centroid_size,tree_variant,NA,centroid_size,8.65581832230167e-01,9.99269062623199e-02,1.000000000000000,13,NA,data/phylogeny/P01_Trees/curc_fig1_ultrametric.tre,existing_file,Imported from phylogeny workflow outputs.,14,TRUE,FALSE,1.49720520480,10.43444573521000,NA,2.29025088645026e-01
main_dataset,ultrametric,n_turns_abs,centroid_size,tree_variant,NA,centroid_size,2.40439397841713e-03,9.99269062623200e-02,1.000000000000000,13,NA,data/phylogeny/P01_Trees/curc_fig1_ultrametric.tre,existing_file,Imported from phylogeny workflow outputs.,14,TRUE,FALSE,1.49720520480,10.43444573521000,NA,2.29025088645026e-01
main_dataset,ultrametric,start_end_dist,centroid_size,tree_variant,NA,centroid_size,1.63094627691310e-04,6.61131270257193e-01,0.000000000000000,13,NA,data/phylogeny/P01_Trees/curc_fig1_ultrametric.tre,existing_file,Imported from phylogeny workflow outputs.,14,TRUE,FALSE,1.49720520480,10.43444573521000,NA,6.61131270257194e-01
main_dataset,ultrametric,axial_span,centroid_size,tree_variant,NA,centroid_size,9.33363518998850e-04,1.17442422964691e-02,0.000000000000000,13,NA,data/phylogeny/P01_Trees/curc_fig1_ultrametric.tre,existing_file,Imported from phylogeny workflow outputs.,14,TRUE,FALSE,1.49720520480,10.43444573521000,NA,8.80818172235184e-02
main_dataset,ultrametric,axial_pitch_360,centroid_size,tree_variant,NA,centroid_size,7.96926720183449e-04,3.09101765619759e-02,1.000000000000000,13,NA,data/phylogeny/P01_Trees/curc_fig1_ultrametric.tre,existing_file,Imported from phylogeny workflow outputs.,14,TRUE,FALSE,1.49720520480,10.43444573521000,NA,7.85243986804377e-02
main_dataset,ultrametric,fit_radius,centroid_size,tree_variant,NA,centroid_size,1.17735344249053e-04,5.31601829166570e-01,1.000000000000000,13,NA,data/phylogeny/P01_Trees/curc_fig1_ultrametric.tre,existing_file,Imported from phylogeny workflow outputs.,14,TRUE,FALSE,1.49720520480,10.43444573521000,NA,9.91539891225603e-01
main_dataset,grafen,abs_winding_angle_deg,n_turns_abs,tree_variant,NA,NA,NA,NA,NA,NA,"No valid PGLS fit for lambda in [0, 1].",data/phylogeny/P01_Trees/curc_fig1_grafen.tre,existing_file,Imported from phylogeny workflow outputs.,14,TRUE,FALSE,1.92307692298,4.53846153818000,NA,NA
main_dataset,grafen,abs_winding_angle_deg,start_end_dist,tree_variant,NA,start_end_dist,6.60882797966825e+02,1.44549882264745e-05,1.000000000000000,13,NA,data/phylogeny/P01_Trees/curc_fig1_grafen.tre,existing_file,Imported from phylogeny workflow outputs.,14,TRUE,FALSE,1.92307692298,4.53846153818000,NA,1.08412411698559e-04
main_dataset,grafen,abs_winding_angle_deg,axial_span,tree_variant,NA,axial_span,9.03895591874969e+02,8.20076218719415e-04,0.816107439919058,13,NA,data/phylogeny/P01_Trees/curc_fig1_grafen.tre,existing_file,Imported from phylogeny workflow outputs.,14,TRUE,FALSE,1.92307692298,4.53846153818000,NA,2.14074593297885e-03
main_dataset,grafen,abs_winding_angle_deg,axial_pitch_360,tree_variant,NA,axial_pitch_360,6.92521261155893e+02,5.45038763026297e-02,0.831362855678523,13,NA,data/phylogeny/P01_Trees/curc_fig1_grafen.tre,existing_file,Imported from phylogeny workflow outputs.,14,TRUE,FALSE,1.92307692298,4.53846153818000,NA,1.54535527917392e-01
main_dataset,grafen,abs_winding_angle_deg,fit_radius,tree_variant,NA,fit_radius,1.25871842596332e+03,1.91779735256570e-01,0.713816959925742,13,NA,data/phylogeny/P01_Trees/curc_fig1_grafen.tre,existing_file,Imported from phylogeny workflow outputs.,14,TRUE,FALSE,1.92307692298,4.53846153818000,NA,1.91779735256570e-01
main_dataset,grafen,n_turns_abs,start_end_dist,tree_variant,NA,start_end_dist,1.83578554990785e+00,1.44549882264744e-05,1.000000000000000,13,NA,data/phylogeny/P01_Trees/curc_fig1_grafen.tre,existing_file,Imported from phylogeny workflow outputs.,14,TRUE,FALSE,1.92307692298,4.53846153818000,NA,1.08412411698558e-04
main_dataset,grafen,n_turns_abs,axial_span,tree_variant,NA,axial_span,2.51082108855965e+00,8.20076218760777e-04,0.816107439894675,13,NA,data/phylogeny/P01_Trees/curc_fig1_grafen.tre,existing_file,Imported from phylogeny workflow outputs.,14,TRUE,FALSE,1.92307692298,4.53846153818000,NA,2.14074593297885e-03
main_dataset,grafen,n_turns_abs,axial_pitch_360,tree_variant,NA,axial_pitch_360,1.92367016987710e+00,5.45038763026768e-02,0.831362855678257,13,NA,data/phylogeny/P01_Trees/curc_fig1_grafen.tre,existing_file,Imported from phylogeny workflow outputs.,14,TRUE,FALSE,1.92307692298,4.53846153818000,NA,1.54535527917392e-01
main_dataset,grafen,n_turns_abs,fit_radius,tree_variant,NA,fit_radius,3.49644007209426e+00,1.91779735266796e-01,0.713816959957122,13,NA,data/phylogeny/P01_Trees/curc_fig1_grafen.tre,existing_file,Imported from phylogeny workflow outputs.,14,TRUE,FALSE,1.92307692298,4.53846153818000,NA,1.91779735266796e-01
main_dataset,grafen,start_end_dist,axial_span,tree_variant,NA,axial_span,4.82537981677637e-01,5.02595562547431e-02,0.000000000000000,13,NA,data/phylogeny/P01_Trees/curc_fig1_grafen.tre,existing_file,Imported from phylogeny workflow outputs.,14,TRUE,FALSE,1.92307692298,4.53846153818000,NA,1.20167638238216e-01
main_dataset,grafen,start_end_dist,axial_pitch_360,tree_variant,NA,axial_pitch_360,4.64625605337369e-01,1.05613457803363e-01,0.000000000000000,13,NA,data/phylogeny/P01_Trees/curc_fig1_grafen.tre,existing_file,Imported from phylogeny workflow outputs.,14,TRUE,FALSE,1.92307692298,4.53846153818000,NA,2.26146542588670e-01
main_dataset,grafen,start_end_dist,fit_radius,tree_variant,NA,fit_radius,7.40846011981030e-01,1.97701953173835e-01,0.000000000000000,13,NA,data/phylogeny/P01_Trees/curc_fig1_grafen.tre,existing_file,Imported from phylogeny workflow outputs.,14,TRUE,FALSE,1.92307692298,4.53846153818000,NA,5.42510542183829e-01
main_dataset,grafen,axial_span,axial_pitch_360,tree_variant,NA,axial_pitch_360,9.80025973234218e-01,6.10805684756443e-05,0.753685421442870,13,NA,data/phylogeny/P01_Trees/curc_fig1_grafen.tre,existing_file,Imported from phylogeny workflow outputs.,14,TRUE,FALSE,1.92307692298,4.53846153818000,NA,8.34061910189751e-05
main_dataset,grafen,axial_span,fit_radius,tree_variant,NA,fit_radius,1.46477356588433e+00,1.41436448316252e-02,0.000000000000000,13,NA,data/phylogeny/P01_Trees/curc_fig1_grafen.tre,existing_file,Imported from phylogeny workflow outputs.,14,TRUE,FALSE,1.92307692298,4.53846153818000,NA,1.92867884067616e-02
main_dataset,grafen,axial_pitch_360,fit_radius,tree_variant,NA,fit_radius,1.20637737904330e+00,2.50524323789490e-02,0.000000000000000,13,NA,data/phylogeny/P01_Trees/curc_fig1_grafen.tre,existing_file,Imported from phylogeny workflow outputs.,14,TRUE,FALSE,1.92307692298,4.53846153818000,NA,3.13155404736863e-02
main_dataset,grafen,PC1,abs_winding_angle_deg,tree_variant,NA,abs_winding_angle_deg,-3.22462598024745e-04,8.51390259961352e-02,1.000000000000000,13,NA,data/phylogeny/P01_Trees/curc_fig1_grafen.tre,existing_file,Imported from phylogeny workflow outputs.,14,TRUE,FALSE,1.92307692298,4.53846153818000,NA,8.51390259961352e-02
main_dataset,grafen,PC1,n_turns_abs,tree_variant,NA,n_turns_abs,-1.16086535288908e-01,8.51390259961352e-02,1.000000000000000,13,NA,data/phylogeny/P01_Trees/curc_fig1_grafen.tre,existing_file,Imported from phylogeny workflow outputs.,14,TRUE,FALSE,1.92307692298,4.53846153818000,NA,8.51390259961352e-02
main_dataset,grafen,PC1,start_end_dist,tree_variant,NA,start_end_dist,-2.26717479952163e-01,9.65513654983716e-02,1.000000000000000,13,NA,data/phylogeny/P01_Trees/curc_fig1_grafen.tre,existing_file,Imported from phylogeny workflow outputs.,14,TRUE,FALSE,1.92307692298,4.53846153818000,NA,3.72430995769113e-01
main_dataset,grafen,PC1,axial_span,tree_variant,NA,axial_span,-3.93693116088434e-01,3.78661471191933e-02,1.000000000000000,13,NA,data/phylogeny/P01_Trees/curc_fig1_grafen.tre,existing_file,Imported from phylogeny workflow outputs.,14,TRUE,FALSE,1.92307692298,4.53846153818000,NA,6.05417052814707e-02
main_dataset,grafen,PC1,axial_pitch_360,tree_variant,NA,axial_pitch_360,-5.44763720447070e-01,3.75570270927231e-02,1.000000000000000,13,NA,data/phylogeny/P01_Trees/curc_fig1_grafen.tre,existing_file,Imported from phylogeny workflow outputs.,14,TRUE,FALSE,1.92307692298,4.53846153818000,NA,2.50928081100377e-01
main_dataset,grafen,PC1,fit_radius,tree_variant,NA,fit_radius,-2.43404105552599e+00,1.07993328043132e-02,0.974178351480038,13,NA,data/phylogeny/P01_Trees/curc_fig1_grafen.tre,existing_file,Imported from phylogeny workflow outputs.,14,TRUE,FALSE,1.92307692298,4.53846153818000,NA,1.07993328043132e-02
main_dataset,grafen,PC2,abs_winding_angle_deg,tree_variant,NA,abs_winding_angle_deg,1.04152842004979e-04,5.12895117883775e-01,1.000000000000000,13,NA,data/phylogeny/P01_Trees/curc_fig1_grafen.tre,existing_file,Imported from phylogeny workflow outputs.,14,TRUE,FALSE,1.92307692298,4.53846153818000,NA,9.84394372448375e-01
main_dataset,grafen,PC2,n_turns_abs,tree_variant,NA,n_turns_abs,3.74950231217924e-02,5.12895117883775e-01,1.000000000000000,13,NA,data/phylogeny/P01_Trees/curc_fig1_grafen.tre,existing_file,Imported from phylogeny workflow outputs.,14,TRUE,FALSE,1.92307692298,4.53846153818000,NA,9.84394372448375e-01
main_dataset,grafen,PC2,start_end_dist,tree_variant,NA,start_end_dist,9.28429724937392e-02,4.18612709916194e-01,1.000000000000000,13,NA,data/phylogeny/P01_Trees/curc_fig1_grafen.tre,existing_file,Imported from phylogeny workflow outputs.,14,TRUE,FALSE,1.92307692298,4.53846153818000,NA,9.50507841866303e-01
main_dataset,grafen,PC2,axial_span,tree_variant,NA,axial_span,1.02611828238382e-02,9.51237862798225e-01,1.000000000000000,13,NA,data/phylogeny/P01_Trees/curc_fig1_grafen.tre,existing_file,Imported from phylogeny workflow outputs.,14,TRUE,FALSE,1.92307692298,4.53846153818000,NA,9.64685569296379e-01
main_dataset,grafen,PC2,axial_pitch_360,tree_variant,NA,axial_pitch_360,-3.60155663672583e-02,8.76510606184356e-01,1.000000000000000,13,NA,data/phylogeny/P01_Trees/curc_fig1_grafen.tre,existing_file,Imported from phylogeny workflow outputs.,14,TRUE,FALSE,1.92307692298,4.53846153818000,NA,9.74450361544908e-01
main_dataset,grafen,PC2,fit_radius,tree_variant,NA,fit_radius,8.04654735582298e-01,3.69177563389361e-01,1.000000000000000,13,NA,data/phylogeny/P01_Trees/curc_fig1_grafen.tre,existing_file,Imported from phylogeny workflow outputs.,14,TRUE,FALSE,1.92307692298,4.53846153818000,NA,3.69177563389361e-01
main_dataset,grafen,PC3,abs_winding_angle_deg,tree_variant,NA,abs_winding_angle_deg,6.20413586252111e-05,7.73947644698808e-01,0.000000000000000,13,NA,data/phylogeny/P01_Trees/curc_fig1_grafen.tre,existing_file,Imported from phylogeny workflow outputs.,14,TRUE,FALSE,1.92307692298,4.53846153818000,NA,8.13327721703506e-01
main_dataset,grafen,PC3,n_turns_abs,tree_variant,NA,n_turns_abs,2.23348891050761e-02,7.73947644698807e-01,0.000000000000000,13,NA,data/phylogeny/P01_Trees/curc_fig1_grafen.tre,existing_file,Imported from phylogeny workflow outputs.,14,TRUE,FALSE,1.92307692298,4.53846153818000,NA,8.13327721703505e-01
main_dataset,grafen,PC3,start_end_dist,tree_variant,NA,start_end_dist,6.32740377900149e-01,2.10613351969142e-02,0.816580236250421,13,NA,data/phylogeny/P01_Trees/curc_fig1_grafen.tre,existing_file,Imported from phylogeny workflow outputs.,14,TRUE,FALSE,1.92307692298,4.53846153818000,NA,3.15920027953713e-01
main_dataset,grafen,PC3,axial_span,tree_variant,NA,axial_span,1.13372018278957e+00,1.23691479342664e-04,1.000000000000000,13,NA,data/phylogeny/P01_Trees/curc_fig1_grafen.tre,existing_file,Imported from phylogeny workflow outputs.,14,TRUE,FALSE,1.92307692298,4.53846153818000,NA,9.27686095069980e-04
main_dataset,grafen,PC3,axial_pitch_360,tree_variant,NA,axial_pitch_360,-2.66625781500291e-01,4.64219358181761e-01,0.000000000000000,13,NA,data/phylogeny/P01_Trees/curc_fig1_grafen.tre,existing_file,Imported from phylogeny workflow outputs.,14,TRUE,FALSE,1.92307692298,4.53846153818000,NA,6.55439578562797e-01
main_dataset,grafen,PC3,fit_radius,tree_variant,NA,fit_radius,-8.47861832582706e-01,2.24518057839088e-01,0.000000000000000,13,NA,data/phylogeny/P01_Trees/curc_fig1_grafen.tre,existing_file,Imported from phylogeny workflow outputs.,14,TRUE,FALSE,1.92307692298,4.53846153818000,NA,5.42193805305297e-01
main_dataset,grafen,PC4,abs_winding_angle_deg,tree_variant,NA,abs_winding_angle_deg,-4.06386121444839e-04,6.93837901122927e-02,0.947270829496579,13,NA,data/phylogeny/P01_Trees/curc_fig1_grafen.tre,existing_file,Imported from phylogeny workflow outputs.,14,TRUE,FALSE,1.92307692298,4.53846153818000,NA,2.60189212921098e-01
main_dataset,grafen,PC4,n_turns_abs,tree_variant,NA,n_turns_abs,-1.46299003720144e-01,6.93837901122615e-02,0.947270829496639,13,NA,data/phylogeny/P01_Trees/curc_fig1_grafen.tre,existing_file,Imported from phylogeny workflow outputs.,14,TRUE,FALSE,1.92307692298,4.53846153818000,NA,2.60189212920981e-01
main_dataset,grafen,PC4,start_end_dist,tree_variant,NA,start_end_dist,-4.22515824942706e-01,1.65510230268828e-01,0.000000000000000,13,NA,data/phylogeny/P01_Trees/curc_fig1_grafen.tre,existing_file,Imported from phylogeny workflow outputs.,14,TRUE,FALSE,1.92307692298,4.53846153818000,NA,1.65510230268828e-01
main_dataset,grafen,PC4,axial_span,tree_variant,NA,axial_span,-5.23445923250672e-01,5.69885616980320e-03,1.000000000000000,13,NA,data/phylogeny/P01_Trees/curc_fig1_grafen.tre,existing_file,Imported from phylogeny workflow outputs.,14,TRUE,FALSE,1.92307692298,4.53846153818000,NA,3.14284824071452e-02
main_dataset,grafen,PC4,axial_pitch_360,tree_variant,NA,axial_pitch_360,-7.32133904389860e-01,4.88519287112437e-03,1.000000000000000,13,NA,data/phylogeny/P01_Trees/curc_fig1_grafen.tre,existing_file,Imported from phylogeny workflow outputs.,14,TRUE,FALSE,1.92307692298,4.53846153818000,NA,2.90635764344261e-02
main_dataset,grafen,PC4,fit_radius,tree_variant,NA,fit_radius,-1.34524892683512e+00,9.27478551914551e-02,0.734206249722298,13,NA,data/phylogeny/P01_Trees/curc_fig1_grafen.tre,existing_file,Imported from phylogeny workflow outputs.,14,TRUE,FALSE,1.92307692298,4.53846153818000,NA,2.43074010160132e-01
main_dataset,grafen,PC5,abs_winding_angle_deg,tree_variant,NA,abs_winding_angle_deg,-1.04636538383028e-04,2.79134572954019e-01,0.000000000000000,13,NA,data/phylogeny/P01_Trees/curc_fig1_grafen.tre,existing_file,Imported from phylogeny workflow outputs.,14,TRUE,FALSE,1.92307692298,4.53846153818000,NA,2.94343322634805e-01
main_dataset,grafen,PC5,n_turns_abs,tree_variant,NA,n_turns_abs,-3.76691538178901e-02,2.79134572954019e-01,0.000000000000000,13,NA,data/phylogeny/P01_Trees/curc_fig1_grafen.tre,existing_file,Imported from phylogeny workflow outputs.,14,TRUE,FALSE,1.92307692298,4.53846153818000,NA,2.94343322634806e-01
main_dataset,grafen,PC5,start_end_dist,tree_variant,NA,start_end_dist,-7.44900271988638e-02,6.62043314675455e-01,0.000000000000000,13,NA,data/phylogeny/P01_Trees/curc_fig1_grafen.tre,existing_file,Imported from phylogeny workflow outputs.,14,TRUE,FALSE,1.92307692298,4.53846153818000,NA,9.06232197614004e-01
main_dataset,grafen,PC5,axial_span,tree_variant,NA,axial_span,-1.75757200856280e-01,2.23505957546674e-01,0.000000000000000,13,NA,data/phylogeny/P01_Trees/curc_fig1_grafen.tre,existing_file,Imported from phylogeny workflow outputs.,14,TRUE,FALSE,1.92307692298,4.53846153818000,NA,2.23505957546674e-01
main_dataset,grafen,PC5,axial_pitch_360,tree_variant,NA,axial_pitch_360,-1.27431453224293e-01,4.45788981183297e-01,0.000000000000000,13,NA,data/phylogeny/P01_Trees/curc_fig1_grafen.tre,existing_file,Imported from phylogeny workflow outputs.,14,TRUE,FALSE,1.92307692298,4.53846153818000,NA,4.45788981183297e-01
main_dataset,grafen,PC5,fit_radius,tree_variant,NA,fit_radius,1.58670920944136e-01,6.30834247281710e-01,0.000000000000000,13,NA,data/phylogeny/P01_Trees/curc_fig1_grafen.tre,existing_file,Imported from phylogeny workflow outputs.,14,TRUE,FALSE,1.92307692298,4.53846153818000,NA,9.45521787097248e-01
main_dataset,grafen,PC1,centroid_size,tree_variant,NA,centroid_size,-6.95219253799145e-04,5.62931459351745e-02,1.000000000000000,14,NA,data/phylogeny/P01_Trees/curc_fig1_grafen.tre,existing_file,Imported from phylogeny workflow outputs.,14,TRUE,FALSE,1.92307692298,4.53846153818000,NA,3.67609725688491e-01
main_dataset,grafen,PC2,centroid_size,tree_variant,NA,centroid_size,-3.58184003988355e-04,2.60362750014549e-01,0.991444642854922,14,NA,data/phylogeny/P01_Trees/curc_fig1_grafen.tre,existing_file,Imported from phylogeny workflow outputs.,14,TRUE,FALSE,1.92307692298,4.53846153818000,NA,2.78960089301303e-01
main_dataset,grafen,PC3,centroid_size,tree_variant,NA,centroid_size,-1.83520409916332e-04,6.43402515467955e-01,0.000000000000000,14,NA,data/phylogeny/P01_Trees/curc_fig1_grafen.tre,existing_file,Imported from phylogeny workflow outputs.,14,TRUE,FALSE,1.92307692298,4.53846153818000,NA,6.43402515467955e-01
main_dataset,grafen,PC4,centroid_size,tree_variant,NA,centroid_size,-5.40385567244959e-05,8.71994498873689e-01,0.000000000000000,14,NA,data/phylogeny/P01_Trees/curc_fig1_grafen.tre,existing_file,Imported from phylogeny workflow outputs.,14,TRUE,FALSE,1.92307692298,4.53846153818000,NA,8.71994498873690e-01
main_dataset,grafen,PC5,centroid_size,tree_variant,NA,centroid_size,-3.80917869916068e-04,5.48840823054162e-02,0.000000000000000,14,NA,data/phylogeny/P01_Trees/curc_fig1_grafen.tre,existing_file,Imported from phylogeny workflow outputs.,14,TRUE,FALSE,1.92307692298,4.53846153818000,NA,1.47887811802473e-01
main_dataset,grafen,abs_winding_angle_deg,centroid_size,tree_variant,NA,centroid_size,8.00967451679868e-01,1.11657136993046e-01,0.639098582264689,13,NA,data/phylogeny/P01_Trees/curc_fig1_grafen.tre,existing_file,Imported from phylogeny workflow outputs.,14,TRUE,FALSE,1.92307692298,4.53846153818000,NA,2.29025088645026e-01
main_dataset,grafen,n_turns_abs,centroid_size,tree_variant,NA,centroid_size,2.22490958830138e-03,1.11657136948778e-01,0.639098582132161,13,NA,data/phylogeny/P01_Trees/curc_fig1_grafen.tre,existing_file,Imported from phylogeny workflow outputs.,14,TRUE,FALSE,1.92307692298,4.53846153818000,NA,2.29025088645026e-01
main_dataset,grafen,start_end_dist,centroid_size,tree_variant,NA,centroid_size,1.63094627691310e-04,6.61131270257193e-01,0.000000000000000,13,NA,data/phylogeny/P01_Trees/curc_fig1_grafen.tre,existing_file,Imported from phylogeny workflow outputs.,14,TRUE,FALSE,1.92307692298,4.53846153818000,NA,6.61131270257194e-01
main_dataset,grafen,axial_span,centroid_size,tree_variant,NA,centroid_size,9.33363518998850e-04,1.17442422964691e-02,0.000000000000000,13,NA,data/phylogeny/P01_Trees/curc_fig1_grafen.tre,existing_file,Imported from phylogeny workflow outputs.,14,TRUE,FALSE,1.92307692298,4.53846153818000,NA,8.80818172235184e-02
main_dataset,grafen,axial_pitch_360,centroid_size,tree_variant,NA,centroid_size,8.47627719836038e-04,1.94396037699501e-02,0.825984856649286,13,NA,data/phylogeny/P01_Trees/curc_fig1_grafen.tre,existing_file,Imported from phylogeny workflow outputs.,14,TRUE,FALSE,1.92307692298,4.53846153818000,NA,7.85243986804377e-02
main_dataset,grafen,fit_radius,centroid_size,tree_variant,NA,centroid_size,9.30291407190754e-05,3.96920508154141e-01,1.000000000000000,13,NA,data/phylogeny/P01_Trees/curc_fig1_grafen.tre,existing_file,Imported from phylogeny workflow outputs.,14,TRUE,FALSE,1.92307692298,4.53846153818000,NA,9.91539891225603e-01
main_dataset,with_caridae_calibrated,abs_winding_angle_deg,n_turns_abs,tree_variant,NA,NA,NA,NA,NA,NA,"No valid PGLS fit for lambda in [0, 1].",data/phylogeny/P01_Trees/curc_fig1_withCaridae_calibrated.tre,existing_file,Imported from phylogeny workflow outputs.,15,TRUE,TRUE,190.36440163600,1948.52462195399994,0,NA
main_dataset,with_caridae_calibrated,abs_winding_angle_deg,start_end_dist,tree_variant,NA,start_end_dist,5.63942925925221e+02,5.14063865582272e-02,1.000000000000000,14,NA,data/phylogeny/P01_Trees/curc_fig1_withCaridae_calibrated.tre,existing_file,Imported from phylogeny workflow outputs.,15,TRUE,TRUE,190.36440163600,1948.52462195399994,0,6.53722926884348e-02
main_dataset,with_caridae_calibrated,abs_winding_angle_deg,axial_span,tree_variant,NA,axial_span,9.37356347698082e+02,1.92447268294543e-03,0.924043094484089,14,NA,data/phylogeny/P01_Trees/curc_fig1_withCaridae_calibrated.tre,existing_file,Imported from phylogeny workflow outputs.,15,TRUE,TRUE,190.36440163600,1948.52462195399994,0,2.14074593297885e-03
main_dataset,with_caridae_calibrated,abs_winding_angle_deg,axial_pitch_360,tree_variant,NA,axial_pitch_360,5.39254175315007e+02,1.54535527917392e-01,1.000000000000000,14,NA,data/phylogeny/P01_Trees/curc_fig1_withCaridae_calibrated.tre,existing_file,Imported from phylogeny workflow outputs.,15,TRUE,TRUE,190.36440163600,1948.52462195399994,0,1.54535527917392e-01
main_dataset,with_caridae_calibrated,abs_winding_angle_deg,fit_radius,tree_variant,NA,fit_radius,1.19039472389715e+03,1.55502796074218e-01,1.000000000000000,14,NA,data/phylogeny/P01_Trees/curc_fig1_withCaridae_calibrated.tre,existing_file,Imported from phylogeny workflow outputs.,15,TRUE,TRUE,190.36440163600,1948.52462195399994,0,1.66610138650948e-01
main_dataset,with_caridae_calibrated,n_turns_abs,start_end_dist,tree_variant,NA,start_end_dist,1.56650812757006e+00,5.14063865582271e-02,1.000000000000000,14,NA,data/phylogeny/P01_Trees/curc_fig1_withCaridae_calibrated.tre,existing_file,Imported from phylogeny workflow outputs.,15,TRUE,TRUE,190.36440163600,1948.52462195399994,0,6.53722926884347e-02
main_dataset,with_caridae_calibrated,n_turns_abs,axial_span,tree_variant,NA,axial_span,2.60376763314821e+00,1.92447267913374e-03,0.924043093887052,14,NA,data/phylogeny/P01_Trees/curc_fig1_withCaridae_calibrated.tre,existing_file,Imported from phylogeny workflow outputs.,15,TRUE,TRUE,190.36440163600,1948.52462195399994,0,2.14074593297885e-03
main_dataset,with_caridae_calibrated,n_turns_abs,axial_pitch_360,tree_variant,NA,axial_pitch_360,1.49792826476391e+00,1.54535527917392e-01,1.000000000000000,14,NA,data/phylogeny/P01_Trees/curc_fig1_withCaridae_calibrated.tre,existing_file,Imported from phylogeny workflow outputs.,15,TRUE,TRUE,190.36440163600,1948.52462195399994,0,1.54535527917392e-01
main_dataset,with_caridae_calibrated,n_turns_abs,fit_radius,tree_variant,NA,fit_radius,3.30665201082541e+00,1.55502796074218e-01,1.000000000000000,14,NA,data/phylogeny/P01_Trees/curc_fig1_withCaridae_calibrated.tre,existing_file,Imported from phylogeny workflow outputs.,15,TRUE,TRUE,190.36440163600,1948.52462195399994,0,1.66610138650948e-01
main_dataset,with_caridae_calibrated,start_end_dist,axial_span,tree_variant,NA,axial_span,3.95242133513769e-01,1.20167638238216e-01,0.000000000000000,14,NA,data/phylogeny/P01_Trees/curc_fig1_withCaridae_calibrated.tre,existing_file,Imported from phylogeny workflow outputs.,15,TRUE,TRUE,190.36440163600,1948.52462195399994,0,1.20167638238216e-01
main_dataset,with_caridae_calibrated,start_end_dist,axial_pitch_360,tree_variant,NA,axial_pitch_360,3.53474373641914e-01,2.26146542588670e-01,0.000000000000000,14,NA,data/phylogeny/P01_Trees/curc_fig1_withCaridae_calibrated.tre,existing_file,Imported from phylogeny workflow outputs.,15,TRUE,TRUE,190.36440163600,1948.52462195399994,0,2.26146542588670e-01
main_dataset,with_caridae_calibrated,start_end_dist,fit_radius,tree_variant,NA,fit_radius,3.32326237619997e-01,5.42510542183829e-01,0.000000000000000,14,NA,data/phylogeny/P01_Trees/curc_fig1_withCaridae_calibrated.tre,existing_file,Imported from phylogeny workflow outputs.,15,TRUE,TRUE,190.36440163600,1948.52462195399994,0,5.42510542183829e-01
main_dataset,with_caridae_calibrated,axial_span,axial_pitch_360,tree_variant,NA,axial_pitch_360,9.49626017948004e-01,6.11645400805817e-05,1.000000000000000,14,NA,data/phylogeny/P01_Trees/curc_fig1_withCaridae_calibrated.tre,existing_file,Imported from phylogeny workflow outputs.,15,TRUE,TRUE,190.36440163600,1948.52462195399994,0,8.34061910189751e-05
main_dataset,with_caridae_calibrated,axial_span,fit_radius,tree_variant,NA,fit_radius,1.36445880723652e+00,1.11121394042316e-02,0.282854083220808,14,NA,data/phylogeny/P01_Trees/curc_fig1_withCaridae_calibrated.tre,existing_file,Imported from phylogeny workflow outputs.,15,TRUE,TRUE,190.36440163600,1948.52462195399994,0,1.66682091063473e-02
main_dataset,with_caridae_calibrated,axial_pitch_360,fit_radius,tree_variant,NA,fit_radius,1.17364597462222e+00,1.30949969976269e-02,0.000000000000000,14,NA,data/phylogeny/P01_Trees/curc_fig1_withCaridae_calibrated.tre,existing_file,Imported from phylogeny workflow outputs.,15,TRUE,TRUE,190.36440163600,1948.52462195399994,0,1.96424954964404e-02
main_dataset,with_caridae_calibrated,PC1,abs_winding_angle_deg,tree_variant,NA,abs_winding_angle_deg,-5.59993378735898e-04,6.72649675448305e-02,1.000000000000000,14,NA,data/phylogeny/P01_Trees/curc_fig1_withCaridae_calibrated.tre,existing_file,Imported from phylogeny workflow outputs.,15,TRUE,TRUE,190.36440163600,1948.52462195399994,0,8.09137208817031e-02
main_dataset,with_caridae_calibrated,PC1,n_turns_abs,tree_variant,NA,n_turns_abs,-2.01597616344923e-01,6.72649675448305e-02,1.000000000000000,14,NA,data/phylogeny/P01_Trees/curc_fig1_withCaridae_calibrated.tre,existing_file,Imported from phylogeny workflow outputs.,15,TRUE,TRUE,190.36440163600,1948.52462195399994,0,8.09137208817030e-02
main_dataset,with_caridae_calibrated,PC1,start_end_dist,tree_variant,NA,start_end_dist,-3.07526677579775e-01,3.71197806043285e-01,1.000000000000000,14,NA,data/phylogeny/P01_Trees/curc_fig1_withCaridae_calibrated.tre,existing_file,Imported from phylogeny workflow outputs.,15,TRUE,TRUE,190.36440163600,1948.52462195399994,0,3.72430995769113e-01
main_dataset,with_caridae_calibrated,PC1,axial_span,tree_variant,NA,axial_span,-7.21754632224355e-01,5.20574439079437e-02,1.000000000000000,14,NA,data/phylogeny/P01_Trees/curc_fig1_withCaridae_calibrated.tre,existing_file,Imported from phylogeny workflow outputs.,15,TRUE,TRUE,190.36440163600,1948.52462195399994,0,6.05417052814707e-02
main_dataset,with_caridae_calibrated,PC1,axial_pitch_360,tree_variant,NA,axial_pitch_360,-5.50339905678439e-01,1.95953743301455e-01,1.000000000000000,14,NA,data/phylogeny/P01_Trees/curc_fig1_withCaridae_calibrated.tre,existing_file,Imported from phylogeny workflow outputs.,15,TRUE,TRUE,190.36440163600,1948.52462195399994,0,2.50928081100377e-01
main_dataset,with_caridae_calibrated,PC1,fit_radius,tree_variant,NA,fit_radius,-2.40003437040579e+00,3.36649454679481e-03,1.000000000000000,14,NA,data/phylogeny/P01_Trees/curc_fig1_withCaridae_calibrated.tre,existing_file,Imported from phylogeny workflow outputs.,15,TRUE,TRUE,190.36440163600,1948.52462195399994,0,5.04974182019221e-03
main_dataset,with_caridae_calibrated,PC2,abs_winding_angle_deg,tree_variant,NA,abs_winding_angle_deg,-6.64788573129328e-05,8.29862865165764e-01,1.000000000000000,14,NA,data/phylogeny/P01_Trees/curc_fig1_withCaridae_calibrated.tre,existing_file,Imported from phylogeny workflow outputs.,15,TRUE,TRUE,190.36440163600,1948.52462195399994,0,9.84394372448375e-01
main_dataset,with_caridae_calibrated,PC2,n_turns_abs,tree_variant,NA,n_turns_abs,-2.39323886326557e-02,8.29862865165764e-01,1.000000000000000,14,NA,data/phylogeny/P01_Trees/curc_fig1_withCaridae_calibrated.tre,existing_file,Imported from phylogeny workflow outputs.,15,TRUE,TRUE,190.36440163600,1948.52462195399994,0,9.84394372448375e-01
main_dataset,with_caridae_calibrated,PC2,start_end_dist,tree_variant,NA,start_end_dist,2.04636538153947e-02,9.50507841866303e-01,1.000000000000000,14,NA,data/phylogeny/P01_Trees/curc_fig1_withCaridae_calibrated.tre,existing_file,Imported from phylogeny workflow outputs.,15,TRUE,TRUE,190.36440163600,1948.52462195399994,0,9.50507841866303e-01
main_dataset,with_caridae_calibrated,PC2,axial_span,tree_variant,NA,axial_span,2.62142846339590e-02,9.44896046953491e-01,1.000000000000000,14,NA,data/phylogeny/P01_Trees/curc_fig1_withCaridae_calibrated.tre,existing_file,Imported from phylogeny workflow outputs.,15,TRUE,TRUE,190.36440163600,1948.52462195399994,0,9.64685569296379e-01
main_dataset,with_caridae_calibrated,PC2,axial_pitch_360,tree_variant,NA,axial_pitch_360,1.95924966749137e-02,9.62410663505778e-01,1.000000000000000,14,NA,data/phylogeny/P01_Trees/curc_fig1_withCaridae_calibrated.tre,existing_file,Imported from phylogeny workflow outputs.,15,TRUE,TRUE,190.36440163600,1948.52462195399994,0,9.74450361544908e-01
main_dataset,with_caridae_calibrated,PC2,fit_radius,tree_variant,NA,fit_radius,1.49900796956983e+00,8.20906252251209e-02,1.000000000000000,14,NA,data/phylogeny/P01_Trees/curc_fig1_withCaridae_calibrated.tre,existing_file,Imported from phylogeny workflow outputs.,15,TRUE,TRUE,190.36440163600,1948.52462195399994,0,1.53201040962214e-01
main_dataset,with_caridae_calibrated,PC3,abs_winding_angle_deg,tree_variant,NA,abs_winding_angle_deg,5.12634446490029e-05,8.13327721703506e-01,0.000000000000000,14,NA,data/phylogeny/P01_Trees/curc_fig1_withCaridae_calibrated.tre,existing_file,Imported from phylogeny workflow outputs.,15,TRUE,TRUE,190.36440163600,1948.52462195399994,0,8.13327721703506e-01
main_dataset,with_caridae_calibrated,PC3,n_turns_abs,tree_variant,NA,n_turns_abs,1.84548400736411e-02,8.13327721703505e-01,0.000000000000000,14,NA,data/phylogeny/P01_Trees/curc_fig1_withCaridae_calibrated.tre,existing_file,Imported from phylogeny workflow outputs.,15,TRUE,TRUE,190.36440163600,1948.52462195399994,0,8.13327721703505e-01
main_dataset,with_caridae_calibrated,PC3,start_end_dist,tree_variant,NA,start_end_dist,1.94037704257456e-01,5.78975816720575e-01,0.000000000000000,14,NA,data/phylogeny/P01_Trees/curc_fig1_withCaridae_calibrated.tre,existing_file,Imported from phylogeny workflow outputs.,15,TRUE,TRUE,190.36440163600,1948.52462195399994,0,5.78975816720575e-01
main_dataset,with_caridae_calibrated,PC3,axial_span,tree_variant,NA,axial_span,5.45745138553660e-01,1.18783706883155e-01,1.000000000000000,14,NA,data/phylogeny/P01_Trees/curc_fig1_withCaridae_calibrated.tre,existing_file,Imported from phylogeny workflow outputs.,15,TRUE,TRUE,190.36440163600,1948.52462195399994,0,1.78175560324732e-01
main_dataset,with_caridae_calibrated,PC3,axial_pitch_360,tree_variant,NA,axial_pitch_360,-1.59966639497537e-01,6.55439578562797e-01,0.000000000000000,14,NA,data/phylogeny/P01_Trees/curc_fig1_withCaridae_calibrated.tre,existing_file,Imported from phylogeny workflow outputs.,15,TRUE,TRUE,190.36440163600,1948.52462195399994,0,6.55439578562797e-01
main_dataset,with_caridae_calibrated,PC3,fit_radius,tree_variant,NA,fit_radius,-3.97244007393194e-01,5.42193805305297e-01,0.000000000000000,14,NA,data/phylogeny/P01_Trees/curc_fig1_withCaridae_calibrated.tre,existing_file,Imported from phylogeny workflow outputs.,15,TRUE,TRUE,190.36440163600,1948.52462195399994,0,5.42193805305297e-01
main_dataset,with_caridae_calibrated,PC4,abs_winding_angle_deg,tree_variant,NA,abs_winding_angle_deg,-2.64225816574604e-04,2.12920483663393e-01,0.936654160408705,14,NA,data/phylogeny/P01_Trees/curc_fig1_withCaridae_calibrated.tre,existing_file,Imported from phylogeny workflow outputs.,15,TRUE,TRUE,190.36440163600,1948.52462195399994,0,2.86767730505135e-01
main_dataset,with_caridae_calibrated,PC4,n_turns_abs,tree_variant,NA,n_turns_abs,-9.51212939675515e-02,2.12920483668180e-01,0.936654160477574,14,NA,data/phylogeny/P01_Trees/curc_fig1_withCaridae_calibrated.tre,existing_file,Imported from phylogeny workflow outputs.,15,TRUE,TRUE,190.36440163600,1948.52462195399994,0,2.86767730505135e-01
main_dataset,with_caridae_calibrated,PC4,start_end_dist,tree_variant,NA,start_end_dist,-3.40867575982727e-01,1.48595753357144e-01,0.832294447360479,14,NA,data/phylogeny/P01_Trees/curc_fig1_withCaridae_calibrated.tre,existing_file,Imported from phylogeny workflow outputs.,15,TRUE,TRUE,190.36440163600,1948.52462195399994,0,1.65510230268828e-01
main_dataset,with_caridae_calibrated,PC4,axial_span,tree_variant,NA,axial_span,-5.21369450078801e-01,3.67328110581228e-02,1.000000000000000,14,NA,data/phylogeny/P01_Trees/curc_fig1_withCaridae_calibrated.tre,existing_file,Imported from phylogeny workflow outputs.,15,TRUE,TRUE,190.36440163600,1948.52462195399994,0,5.00901968974402e-02
main_dataset,with_caridae_calibrated,PC4,axial_pitch_360,tree_variant,NA,axial_pitch_360,-6.29966740079390e-01,1.83000590717932e-02,1.000000000000000,14,NA,data/phylogeny/P01_Trees/curc_fig1_withCaridae_calibrated.tre,existing_file,Imported from phylogeny workflow outputs.,15,TRUE,TRUE,190.36440163600,1948.52462195399994,0,2.90635764344261e-02
main_dataset,with_caridae_calibrated,PC4,fit_radius,tree_variant,NA,fit_radius,-8.54916350727419e-01,1.75676067677445e-01,0.976711437551096,14,NA,data/phylogeny/P01_Trees/curc_fig1_withCaridae_calibrated.tre,existing_file,Imported from phylogeny workflow outputs.,15,TRUE,TRUE,190.36440163600,1948.52462195399994,0,2.43074010160132e-01
main_dataset,with_caridae_calibrated,PC5,abs_winding_angle_deg,tree_variant,NA,abs_winding_angle_deg,-1.00473056765956e-04,2.94343322634805e-01,0.000000000000000,14,NA,data/phylogeny/P01_Trees/curc_fig1_withCaridae_calibrated.tre,existing_file,Imported from phylogeny workflow outputs.,15,TRUE,TRUE,190.36440163600,1948.52462195399994,0,2.94343322634805e-01
main_dataset,with_caridae_calibrated,PC5,n_turns_abs,tree_variant,NA,n_turns_abs,-3.61703004357442e-02,2.94343322634806e-01,0.000000000000000,14,NA,data/phylogeny/P01_Trees/curc_fig1_withCaridae_calibrated.tre,existing_file,Imported from phylogeny workflow outputs.,15,TRUE,TRUE,190.36440163600,1948.52462195399994,0,2.94343322634806e-01
main_dataset,with_caridae_calibrated,PC5,start_end_dist,tree_variant,NA,start_end_dist,-2.98800836606166e-02,8.46060290190780e-01,0.184927644312173,14,NA,data/phylogeny/P01_Trees/curc_fig1_withCaridae_calibrated.tre,existing_file,Imported from phylogeny workflow outputs.,15,TRUE,TRUE,190.36440163600,1948.52462195399994,0,9.06232197614004e-01
main_dataset,with_caridae_calibrated,PC5,axial_span,tree_variant,NA,axial_span,-1.94258084403611e-01,1.60554419488106e-01,0.000000000000000,14,NA,data/phylogeny/P01_Trees/curc_fig1_withCaridae_calibrated.tre,existing_file,Imported from phylogeny workflow outputs.,15,TRUE,TRUE,190.36440163600,1948.52462195399994,0,2.23505957546674e-01
main_dataset,with_caridae_calibrated,PC5,axial_pitch_360,tree_variant,NA,axial_pitch_360,-1.51999799225899e-01,3.39080954337554e-01,0.112742060132450,14,NA,data/phylogeny/P01_Trees/curc_fig1_withCaridae_calibrated.tre,existing_file,Imported from phylogeny workflow outputs.,15,TRUE,TRUE,190.36440163600,1948.52462195399994,0,4.45788981183297e-01
main_dataset,with_caridae_calibrated,PC5,fit_radius,tree_variant,NA,fit_radius,2.52523604734700e-02,9.33478073545150e-01,0.141413644596880,14,NA,data/phylogeny/P01_Trees/curc_fig1_withCaridae_calibrated.tre,existing_file,Imported from phylogeny workflow outputs.,15,TRUE,TRUE,190.36440163600,1948.52462195399994,0,9.45521787097248e-01
main_dataset,with_caridae_calibrated,PC1,centroid_size,tree_variant,NA,centroid_size,-5.51925830171074e-04,2.59839557809897e-01,1.000000000000000,15,NA,data/phylogeny/P01_Trees/curc_fig1_withCaridae_calibrated.tre,existing_file,Imported from phylogeny workflow outputs.,15,TRUE,TRUE,190.36440163600,1948.52462195399994,0,3.67609725688491e-01
main_dataset,with_caridae_calibrated,PC2,centroid_size,tree_variant,NA,centroid_size,-1.07269137554526e-03,1.11651336567194e-02,1.000000000000000,15,NA,data/phylogeny/P01_Trees/curc_fig1_withCaridae_calibrated.tre,existing_file,Imported from phylogeny workflow outputs.,15,TRUE,TRUE,190.36440163600,1948.52462195399994,0,5.44706739068384e-02
main_dataset,with_caridae_calibrated,PC3,centroid_size,tree_variant,NA,centroid_size,-2.88692192196022e-04,4.35250983214173e-01,0.000000000000000,15,NA,data/phylogeny/P01_Trees/curc_fig1_withCaridae_calibrated.tre,existing_file,Imported from phylogeny workflow outputs.,15,TRUE,TRUE,190.36440163600,1948.52462195399994,0,6.43402515467955e-01
main_dataset,with_caridae_calibrated,PC4,centroid_size,tree_variant,NA,centroid_size,-2.43373968729281e-04,4.62518620142825e-01,0.956924791424363,15,NA,data/phylogeny/P01_Trees/curc_fig1_withCaridae_calibrated.tre,existing_file,Imported from phylogeny workflow outputs.,15,TRUE,TRUE,190.36440163600,1948.52462195399994,0,7.31549360025590e-01
main_dataset,with_caridae_calibrated,PC5,centroid_size,tree_variant,NA,centroid_size,-2.77565127176383e-04,1.47887811802473e-01,0.000000000000000,15,NA,data/phylogeny/P01_Trees/curc_fig1_withCaridae_calibrated.tre,existing_file,Imported from phylogeny workflow outputs.,15,TRUE,TRUE,190.36440163600,1948.52462195399994,0,1.47887811802473e-01
main_dataset,with_caridae_calibrated,abs_winding_angle_deg,centroid_size,tree_variant,NA,centroid_size,6.48383809878128e-01,1.56061241612619e-01,1.000000000000000,14,NA,data/phylogeny/P01_Trees/curc_fig1_withCaridae_calibrated.tre,existing_file,Imported from phylogeny workflow outputs.,15,TRUE,TRUE,190.36440163600,1948.52462195399994,0,2.29025088645026e-01
main_dataset,with_caridae_calibrated,n_turns_abs,centroid_size,tree_variant,NA,centroid_size,1.80106613855036e-03,1.56061241612620e-01,1.000000000000000,14,NA,data/phylogeny/P01_Trees/curc_fig1_withCaridae_calibrated.tre,existing_file,Imported from phylogeny workflow outputs.,15,TRUE,TRUE,190.36440163600,1948.52462195399994,0,2.29025088645026e-01
main_dataset,with_caridae_calibrated,start_end_dist,centroid_size,tree_variant,NA,centroid_size,3.00272932671928e-04,3.79439002287201e-01,0.000000000000000,14,NA,data/phylogeny/P01_Trees/curc_fig1_withCaridae_calibrated.tre,existing_file,Imported from phylogeny workflow outputs.,15,TRUE,TRUE,190.36440163600,1948.52462195399994,0,5.69158503430801e-01
main_dataset,with_caridae_calibrated,axial_span,centroid_size,tree_variant,NA,centroid_size,6.04049523475087e-04,1.00577539849932e-01,1.000000000000000,14,NA,data/phylogeny/P01_Trees/curc_fig1_withCaridae_calibrated.tre,existing_file,Imported from phylogeny workflow outputs.,15,TRUE,TRUE,190.36440163600,1948.52462195399994,0,1.11653715106478e-01
main_dataset,with_caridae_calibrated,axial_pitch_360,centroid_size,tree_variant,NA,centroid_size,5.85559718179973e-04,7.85243986804377e-02,1.000000000000000,14,NA,data/phylogeny/P01_Trees/curc_fig1_withCaridae_calibrated.tre,existing_file,Imported from phylogeny workflow outputs.,15,TRUE,TRUE,190.36440163600,1948.52462195399994,0,7.85243986804377e-02
main_dataset,with_caridae_calibrated,fit_radius,centroid_size,tree_variant,NA,centroid_size,1.26513850109834e-05,9.37257124155386e-01,1.000000000000000,14,NA,data/phylogeny/P01_Trees/curc_fig1_withCaridae_calibrated.tre,existing_file,Imported from phylogeny workflow outputs.,15,TRUE,TRUE,190.36440163600,1948.52462195399994,0,9.91539891225603e-01
main_dataset,ultrametric_with_caridae,abs_winding_angle_deg,n_turns_abs,tree_variant,NA,NA,NA,NA,NA,NA,"No valid PGLS fit for lambda in [0, 1].",data/phylogeny/P01_Trees/curc_fig1_ultrametric_withCaridae_correct.tre,existing_file,Imported from phylogeny workflow outputs.,15,TRUE,TRUE,1.00000000003,7.45410652886000,0,NA
main_dataset,ultrametric_with_caridae,abs_winding_angle_deg,start_end_dist,tree_variant,NA,start_end_dist,6.38029015486548e+02,2.30682981166305e-04,1.000000000000000,14,NA,data/phylogeny/P01_Trees/curc_fig1_ultrametric_withCaridae_correct.tre,existing_file,Imported from phylogeny workflow outputs.,15,TRUE,TRUE,1.00000000003,7.45410652886000,0,9.54107076623476e-04
main_dataset,ultrametric_with_caridae,abs_winding_angle_deg,axial_span,tree_variant,NA,axial_span,9.15748819643995e+02,5.55601248780980e-04,0.849686389050573,14,NA,data/phylogeny/P01_Trees/curc_fig1_ultrametric_withCaridae_correct.tre,existing_file,Imported from phylogeny workflow outputs.,15,TRUE,TRUE,1.00000000003,7.45410652886000,0,2.14074593297885e-03
main_dataset,ultrametric_with_caridae,abs_winding_angle_deg,axial_pitch_360,tree_variant,NA,axial_pitch_360,6.89505940911156e+02,6.12338747735240e-02,0.851452984345763,14,NA,data/phylogeny/P01_Trees/curc_fig1_ultrametric_withCaridae_correct.tre,existing_file,Imported from phylogeny workflow outputs.,15,TRUE,TRUE,1.00000000003,7.45410652886000,0,1.54535527917392e-01
main_dataset,ultrametric_with_caridae,abs_winding_angle_deg,fit_radius,tree_variant,NA,fit_radius,1.25989004818114e+03,1.33738417840953e-01,0.717126414504505,14,NA,data/phylogeny/P01_Trees/curc_fig1_ultrametric_withCaridae_correct.tre,existing_file,Imported from phylogeny workflow outputs.,15,TRUE,TRUE,1.00000000003,7.45410652886000,0,1.66610138650948e-01
main_dataset,ultrametric_with_caridae,n_turns_abs,start_end_dist,tree_variant,NA,start_end_dist,1.77230282079597e+00,2.30682981166304e-04,1.000000000000000,14,NA,data/phylogeny/P01_Trees/curc_fig1_ultrametric_withCaridae_correct.tre,existing_file,Imported from phylogeny workflow outputs.,15,TRUE,TRUE,1.00000000003,7.45410652886000,0,9.54107076623470e-04
main_dataset,ultrametric_with_caridae,n_turns_abs,axial_span,tree_variant,NA,axial_span,2.54374672124863e+00,5.55601248816129e-04,0.849686389028742,14,NA,data/phylogeny/P01_Trees/curc_fig1_ultrametric_withCaridae_correct.tre,existing_file,Imported from phylogeny workflow outputs.,15,TRUE,TRUE,1.00000000003,7.45410652886000,0,2.14074593297885e-03
main_dataset,ultrametric_with_caridae,n_turns_abs,axial_pitch_360,tree_variant,NA,axial_pitch_360,1.91529428029948e+00,6.12338747749912e-02,0.851452984338611,14,NA,data/phylogeny/P01_Trees/curc_fig1_ultrametric_withCaridae_correct.tre,existing_file,Imported from phylogeny workflow outputs.,15,TRUE,TRUE,1.00000000003,7.45410652886000,0,1.54535527917392e-01
main_dataset,ultrametric_with_caridae,n_turns_abs,fit_radius,tree_variant,NA,fit_radius,3.49969458768413e+00,1.33738409596043e-01,0.717126370480736,14,NA,data/phylogeny/P01_Trees/curc_fig1_ultrametric_withCaridae_correct.tre,existing_file,Imported from phylogeny workflow outputs.,15,TRUE,TRUE,1.00000000003,7.45410652886000,0,1.66610138650948e-01
main_dataset,ultrametric_with_caridae,start_end_dist,axial_span,tree_variant,NA,axial_span,3.95242133513769e-01,1.20167638238216e-01,0.000000000000000,14,NA,data/phylogeny/P01_Trees/curc_fig1_ultrametric_withCaridae_correct.tre,existing_file,Imported from phylogeny workflow outputs.,15,TRUE,TRUE,1.00000000003,7.45410652886000,0,1.20167638238216e-01
main_dataset,ultrametric_with_caridae,start_end_dist,axial_pitch_360,tree_variant,NA,axial_pitch_360,3.53474373641914e-01,2.26146542588670e-01,0.000000000000000,14,NA,data/phylogeny/P01_Trees/curc_fig1_ultrametric_withCaridae_correct.tre,existing_file,Imported from phylogeny workflow outputs.,15,TRUE,TRUE,1.00000000003,7.45410652886000,0,2.26146542588670e-01
main_dataset,ultrametric_with_caridae,start_end_dist,fit_radius,tree_variant,NA,fit_radius,3.32326237619997e-01,5.42510542183829e-01,0.000000000000000,14,NA,data/phylogeny/P01_Trees/curc_fig1_ultrametric_withCaridae_correct.tre,existing_file,Imported from phylogeny workflow outputs.,15,TRUE,TRUE,1.00000000003,7.45410652886000,0,5.42510542183829e-01
main_dataset,ultrametric_with_caridae,axial_span,axial_pitch_360,tree_variant,NA,axial_pitch_360,1.00049604272946e+00,4.49162242016943e-05,0.759071103434655,14,NA,data/phylogeny/P01_Trees/curc_fig1_ultrametric_withCaridae_correct.tre,existing_file,Imported from phylogeny workflow outputs.,15,TRUE,TRUE,1.00000000003,7.45410652886000,0,8.34061910189751e-05
main_dataset,ultrametric_with_caridae,axial_span,fit_radius,tree_variant,NA,fit_radius,1.38267883071092e+00,8.30679662249798e-03,0.000000000000000,14,NA,data/phylogeny/P01_Trees/curc_fig1_ultrametric_withCaridae_correct.tre,existing_file,Imported from phylogeny workflow outputs.,15,TRUE,TRUE,1.00000000003,7.45410652886000,0,1.66682091063473e-02
main_dataset,ultrametric_with_caridae,axial_pitch_360,fit_radius,tree_variant,NA,fit_radius,1.17364597462222e+00,1.30949969976269e-02,0.000000000000000,14,NA,data/phylogeny/P01_Trees/curc_fig1_ultrametric_withCaridae_correct.tre,existing_file,Imported from phylogeny workflow outputs.,15,TRUE,TRUE,1.00000000003,7.45410652886000,0,1.96424954964404e-02
main_dataset,ultrametric_with_caridae,PC1,abs_winding_angle_deg,tree_variant,NA,abs_winding_angle_deg,-4.03216489405106e-04,6.40406744924215e-02,1.000000000000000,14,NA,data/phylogeny/P01_Trees/curc_fig1_ultrametric_withCaridae_correct.tre,existing_file,Imported from phylogeny workflow outputs.,15,TRUE,TRUE,1.00000000003,7.45410652886000,0,8.09137208817031e-02
main_dataset,ultrametric_with_caridae,PC1,n_turns_abs,tree_variant,NA,n_turns_abs,-1.45157936185838e-01,6.40406744924215e-02,1.000000000000000,14,NA,data/phylogeny/P01_Trees/curc_fig1_ultrametric_withCaridae_correct.tre,existing_file,Imported from phylogeny workflow outputs.,15,TRUE,TRUE,1.00000000003,7.45410652886000,0,8.09137208817030e-02
main_dataset,ultrametric_with_caridae,PC1,start_end_dist,tree_variant,NA,start_end_dist,-2.32328744213720e-01,1.79202712372880e-01,1.000000000000000,14,NA,data/phylogeny/P01_Trees/curc_fig1_ultrametric_withCaridae_correct.tre,existing_file,Imported from phylogeny workflow outputs.,15,TRUE,TRUE,1.00000000003,7.45410652886000,0,3.72430995769113e-01
main_dataset,ultrametric_with_caridae,PC1,axial_span,tree_variant,NA,axial_span,-4.71574854428699e-01,3.83205419364969e-02,1.000000000000000,14,NA,data/phylogeny/P01_Trees/curc_fig1_ultrametric_withCaridae_correct.tre,existing_file,Imported from phylogeny workflow outputs.,15,TRUE,TRUE,1.00000000003,7.45410652886000,0,6.05417052814707e-02
main_dataset,ultrametric_with_caridae,PC1,axial_pitch_360,tree_variant,NA,axial_pitch_360,-5.52146480843848e-01,6.72375883130960e-02,1.000000000000000,14,NA,data/phylogeny/P01_Trees/curc_fig1_ultrametric_withCaridae_correct.tre,existing_file,Imported from phylogeny workflow outputs.,15,TRUE,TRUE,1.00000000003,7.45410652886000,0,2.50928081100377e-01
main_dataset,ultrametric_with_caridae,PC1,fit_radius,tree_variant,NA,fit_radius,-2.31339418398496e+00,7.39837514590486e-03,0.993278802973652,14,NA,data/phylogeny/P01_Trees/curc_fig1_ultrametric_withCaridae_correct.tre,existing_file,Imported from phylogeny workflow outputs.,15,TRUE,TRUE,1.00000000003,7.45410652886000,0,8.14422089960212e-03
main_dataset,ultrametric_with_caridae,PC2,abs_winding_angle_deg,tree_variant,NA,abs_winding_angle_deg,9.67339427065560e-05,6.34595691719374e-01,1.000000000000000,14,NA,data/phylogeny/P01_Trees/curc_fig1_ultrametric_withCaridae_correct.tre,existing_file,Imported from phylogeny workflow outputs.,15,TRUE,TRUE,1.00000000003,7.45410652886000,0,9.84394372448375e-01
main_dataset,ultrametric_with_caridae,PC2,n_turns_abs,tree_variant,NA,n_turns_abs,3.48242193743601e-02,6.34595691719374e-01,1.000000000000000,14,NA,data/phylogeny/P01_Trees/curc_fig1_ultrametric_withCaridae_correct.tre,existing_file,Imported from phylogeny workflow outputs.,15,TRUE,TRUE,1.00000000003,7.45410652886000,0,9.84394372448375e-01
main_dataset,ultrametric_with_caridae,PC2,start_end_dist,tree_variant,NA,start_end_dist,6.33795308021631e-02,6.85430358551225e-01,1.000000000000000,14,NA,data/phylogeny/P01_Trees/curc_fig1_ultrametric_withCaridae_correct.tre,existing_file,Imported from phylogeny workflow outputs.,15,TRUE,TRUE,1.00000000003,7.45410652886000,0,9.50507841866303e-01
main_dataset,ultrametric_with_caridae,PC2,axial_span,tree_variant,NA,axial_span,7.07478922145147e-02,7.44624505394038e-01,1.000000000000000,14,NA,data/phylogeny/P01_Trees/curc_fig1_ultrametric_withCaridae_correct.tre,existing_file,Imported from phylogeny workflow outputs.,15,TRUE,TRUE,1.00000000003,7.45410652886000,0,9.64685569296379e-01
main_dataset,ultrametric_with_caridae,PC2,axial_pitch_360,tree_variant,NA,axial_pitch_360,4.80995933105595e-02,8.64933965275906e-01,1.000000000000000,14,NA,data/phylogeny/P01_Trees/curc_fig1_ultrametric_withCaridae_correct.tre,existing_file,Imported from phylogeny workflow outputs.,15,TRUE,TRUE,1.00000000003,7.45410652886000,0,9.74450361544908e-01
main_dataset,ultrametric_with_caridae,PC2,fit_radius,tree_variant,NA,fit_radius,1.39301550695988e+00,9.17502758998070e-02,1.000000000000000,14,NA,data/phylogeny/P01_Trees/curc_fig1_ultrametric_withCaridae_correct.tre,existing_file,Imported from phylogeny workflow outputs.,15,TRUE,TRUE,1.00000000003,7.45410652886000,0,1.53201040962214e-01
main_dataset,ultrametric_with_caridae,PC3,abs_winding_angle_deg,tree_variant,NA,abs_winding_angle_deg,5.12634446490029e-05,8.13327721703506e-01,0.000000000000000,14,NA,data/phylogeny/P01_Trees/curc_fig1_ultrametric_withCaridae_correct.tre,existing_file,Imported from phylogeny workflow outputs.,15,TRUE,TRUE,1.00000000003,7.45410652886000,0,8.13327721703506e-01
main_dataset,ultrametric_with_caridae,PC3,n_turns_abs,tree_variant,NA,n_turns_abs,1.84548400736411e-02,8.13327721703505e-01,0.000000000000000,14,NA,data/phylogeny/P01_Trees/curc_fig1_ultrametric_withCaridae_correct.tre,existing_file,Imported from phylogeny workflow outputs.,15,TRUE,TRUE,1.00000000003,7.45410652886000,0,8.13327721703505e-01
main_dataset,ultrametric_with_caridae,PC3,start_end_dist,tree_variant,NA,start_end_dist,1.94037704257456e-01,5.78975816720575e-01,0.000000000000000,14,NA,data/phylogeny/P01_Trees/curc_fig1_ultrametric_withCaridae_correct.tre,existing_file,Imported from phylogeny workflow outputs.,15,TRUE,TRUE,1.00000000003,7.45410652886000,0,5.78975816720575e-01
main_dataset,ultrametric_with_caridae,PC3,axial_span,tree_variant,NA,axial_span,1.05637338764890e+00,3.80979482101529e-04,1.000000000000000,14,NA,data/phylogeny/P01_Trees/curc_fig1_ultrametric_withCaridae_correct.tre,existing_file,Imported from phylogeny workflow outputs.,15,TRUE,TRUE,1.00000000003,7.45410652886000,0,1.56455679810349e-03
main_dataset,ultrametric_with_caridae,PC3,axial_pitch_360,tree_variant,NA,axial_pitch_360,-1.59966639497537e-01,6.55439578562797e-01,0.000000000000000,14,NA,data/phylogeny/P01_Trees/curc_fig1_ultrametric_withCaridae_correct.tre,existing_file,Imported from phylogeny workflow outputs.,15,TRUE,TRUE,1.00000000003,7.45410652886000,0,6.55439578562797e-01
main_dataset,ultrametric_with_caridae,PC3,fit_radius,tree_variant,NA,fit_radius,-3.97244007393194e-01,5.42193805305297e-01,0.000000000000000,14,NA,data/phylogeny/P01_Trees/curc_fig1_ultrametric_withCaridae_correct.tre,existing_file,Imported from phylogeny workflow outputs.,15,TRUE,TRUE,1.00000000003,7.45410652886000,0,5.42193805305297e-01
main_dataset,ultrametric_with_caridae,PC4,abs_winding_angle_deg,tree_variant,NA,abs_winding_angle_deg,-3.64088499445539e-04,5.40461521476553e-02,0.976813775105013,14,NA,data/phylogeny/P01_Trees/curc_fig1_ultrametric_withCaridae_correct.tre,existing_file,Imported from phylogeny workflow outputs.,15,TRUE,TRUE,1.00000000003,7.45410652886000,0,2.60189212921098e-01
main_dataset,ultrametric_with_caridae,PC4,n_turns_abs,tree_variant,NA,n_turns_abs,-1.31071859800572e-01,5.40461521468493e-02,0.976813775106524,14,NA,data/phylogeny/P01_Trees/curc_fig1_ultrametric_withCaridae_correct.tre,existing_file,Imported from phylogeny workflow outputs.,15,TRUE,TRUE,1.00000000003,7.45410652886000,0,2.60189212920981e-01
main_dataset,ultrametric_with_caridae,PC4,start_end_dist,tree_variant,NA,start_end_dist,-3.02911223215438e-01,5.35946949630984e-02,0.953124103335490,14,NA,data/phylogeny/P01_Trees/curc_fig1_ultrametric_withCaridae_correct.tre,existing_file,Imported from phylogeny workflow outputs.,15,TRUE,TRUE,1.00000000003,7.45410652886000,0,1.65510230268828e-01
main_dataset,ultrametric_with_caridae,PC4,axial_span,tree_variant,NA,axial_span,-4.84640537571507e-01,8.24788375758988e-03,1.000000000000000,14,NA,data/phylogeny/P01_Trees/curc_fig1_ultrametric_withCaridae_correct.tre,existing_file,Imported from phylogeny workflow outputs.,15,TRUE,TRUE,1.00000000003,7.45410652886000,0,3.14284824071452e-02
main_dataset,ultrametric_with_caridae,PC4,axial_pitch_360,tree_variant,NA,axial_pitch_360,-6.09685445365795e-01,1.48913188019146e-02,0.956514497086931,14,NA,data/phylogeny/P01_Trees/curc_fig1_ultrametric_withCaridae_correct.tre,existing_file,Imported from phylogeny workflow outputs.,15,TRUE,TRUE,1.00000000003,7.45410652886000,0,2.90635764344261e-02
main_dataset,ultrametric_with_caridae,PC4,fit_radius,tree_variant,NA,fit_radius,-8.34366106703691e-01,2.04154425736773e-01,0.790835728709565,14,NA,data/phylogeny/P01_Trees/curc_fig1_ultrametric_withCaridae_correct.tre,existing_file,Imported from phylogeny workflow outputs.,15,TRUE,TRUE,1.00000000003,7.45410652886000,0,2.43074010160132e-01
main_dataset,ultrametric_with_caridae,PC5,abs_winding_angle_deg,tree_variant,NA,abs_winding_angle_deg,-1.00473056765956e-04,2.94343322634805e-01,0.000000000000000,14,NA,data/phylogeny/P01_Trees/curc_fig1_ultrametric_withCaridae_correct.tre,existing_file,Imported from phylogeny workflow outputs.,15,TRUE,TRUE,1.00000000003,7.45410652886000,0,2.94343322634805e-01
main_dataset,ultrametric_with_caridae,PC5,n_turns_abs,tree_variant,NA,n_turns_abs,-3.61703004357442e-02,2.94343322634806e-01,0.000000000000000,14,NA,data/phylogeny/P01_Trees/curc_fig1_ultrametric_withCaridae_correct.tre,existing_file,Imported from phylogeny workflow outputs.,15,TRUE,TRUE,1.00000000003,7.45410652886000,0,2.94343322634806e-01
main_dataset,ultrametric_with_caridae,PC5,start_end_dist,tree_variant,NA,start_end_dist,-1.87152980271037e-02,9.06232197614004e-01,0.000000000000000,14,NA,data/phylogeny/P01_Trees/curc_fig1_ultrametric_withCaridae_correct.tre,existing_file,Imported from phylogeny workflow outputs.,15,TRUE,TRUE,1.00000000003,7.45410652886000,0,9.06232197614004e-01
main_dataset,ultrametric_with_caridae,PC5,axial_span,tree_variant,NA,axial_span,-1.94258084403611e-01,1.60554419488106e-01,0.000000000000000,14,NA,data/phylogeny/P01_Trees/curc_fig1_ultrametric_withCaridae_correct.tre,existing_file,Imported from phylogeny workflow outputs.,15,TRUE,TRUE,1.00000000003,7.45410652886000,0,2.23505957546674e-01
main_dataset,ultrametric_with_caridae,PC5,axial_pitch_360,tree_variant,NA,axial_pitch_360,-1.53814492920692e-01,3.34223478261969e-01,0.000000000000000,14,NA,data/phylogeny/P01_Trees/curc_fig1_ultrametric_withCaridae_correct.tre,existing_file,Imported from phylogeny workflow outputs.,15,TRUE,TRUE,1.00000000003,7.45410652886000,0,4.45788981183297e-01
main_dataset,ultrametric_with_caridae,PC5,fit_radius,tree_variant,NA,fit_radius,2.02669001659855e-02,9.45521787097248e-01,0.000000000000000,14,NA,data/phylogeny/P01_Trees/curc_fig1_ultrametric_withCaridae_correct.tre,existing_file,Imported from phylogeny workflow outputs.,15,TRUE,TRUE,1.00000000003,7.45410652886000,0,9.45521787097248e-01
main_dataset,ultrametric_with_caridae,PC1,centroid_size,tree_variant,NA,centroid_size,-5.10807734161506e-04,1.58636197360676e-01,1.000000000000000,15,NA,data/phylogeny/P01_Trees/curc_fig1_ultrametric_withCaridae_correct.tre,existing_file,Imported from phylogeny workflow outputs.,15,TRUE,TRUE,1.00000000003,7.45410652886000,0,3.67609725688491e-01
main_dataset,ultrametric_with_caridae,PC2,centroid_size,tree_variant,NA,centroid_size,-3.82299700203028e-04,2.31915717672863e-01,1.000000000000000,15,NA,data/phylogeny/P01_Trees/curc_fig1_ultrametric_withCaridae_correct.tre,existing_file,Imported from phylogeny workflow outputs.,15,TRUE,TRUE,1.00000000003,7.45410652886000,0,2.67595058853304e-01
main_dataset,ultrametric_with_caridae,PC3,centroid_size,tree_variant,NA,centroid_size,-2.88692192196022e-04,4.35250983214173e-01,0.000000000000000,15,NA,data/phylogeny/P01_Trees/curc_fig1_ultrametric_withCaridae_correct.tre,existing_file,Imported from phylogeny workflow outputs.,15,TRUE,TRUE,1.00000000003,7.45410652886000,0,6.43402515467955e-01
main_dataset,ultrametric_with_caridae,PC4,centroid_size,tree_variant,NA,centroid_size,-2.67474961646921e-04,4.36729176368102e-01,0.768259981741913,15,NA,data/phylogeny/P01_Trees/curc_fig1_ultrametric_withCaridae_correct.tre,existing_file,Imported from phylogeny workflow outputs.,15,TRUE,TRUE,1.00000000003,7.45410652886000,0,7.31549360025590e-01
main_dataset,ultrametric_with_caridae,PC5,centroid_size,tree_variant,NA,centroid_size,-2.77565127176383e-04,1.47887811802473e-01,0.000000000000000,15,NA,data/phylogeny/P01_Trees/curc_fig1_ultrametric_withCaridae_correct.tre,existing_file,Imported from phylogeny workflow outputs.,15,TRUE,TRUE,1.00000000003,7.45410652886000,0,1.47887811802473e-01
main_dataset,ultrametric_with_caridae,abs_winding_angle_deg,centroid_size,tree_variant,NA,centroid_size,7.13626945770170e-01,1.38945234283511e-01,0.633868230911340,14,NA,data/phylogeny/P01_Trees/curc_fig1_ultrametric_withCaridae_correct.tre,existing_file,Imported from phylogeny workflow outputs.,15,TRUE,TRUE,1.00000000003,7.45410652886000,0,2.29025088645026e-01
main_dataset,ultrametric_with_caridae,n_turns_abs,centroid_size,tree_variant,NA,centroid_size,1.98229698464886e-03,1.38945250245661e-01,0.633868273537060,14,NA,data/phylogeny/P01_Trees/curc_fig1_ultrametric_withCaridae_correct.tre,existing_file,Imported from phylogeny workflow outputs.,15,TRUE,TRUE,1.00000000003,7.45410652886000,0,2.29025088645026e-01
main_dataset,ultrametric_with_caridae,start_end_dist,centroid_size,tree_variant,NA,centroid_size,3.00272932671928e-04,3.79439002287201e-01,0.000000000000000,14,NA,data/phylogeny/P01_Trees/curc_fig1_ultrametric_withCaridae_correct.tre,existing_file,Imported from phylogeny workflow outputs.,15,TRUE,TRUE,1.00000000003,7.45410652886000,0,5.69158503430801e-01
main_dataset,ultrametric_with_caridae,axial_span,centroid_size,tree_variant,NA,centroid_size,6.68040968758398e-04,5.94518708989673e-02,0.000000000000000,14,NA,data/phylogeny/P01_Trees/curc_fig1_ultrametric_withCaridae_correct.tre,existing_file,Imported from phylogeny workflow outputs.,15,TRUE,TRUE,1.00000000003,7.45410652886000,0,9.90864514982789e-02
main_dataset,ultrametric_with_caridae,axial_pitch_360,centroid_size,tree_variant,NA,centroid_size,6.66639831183693e-04,4.54020144819895e-02,0.858624368514578,14,NA,data/phylogeny/P01_Trees/curc_fig1_ultrametric_withCaridae_correct.tre,existing_file,Imported from phylogeny workflow outputs.,15,TRUE,TRUE,1.00000000003,7.45410652886000,0,7.85243986804377e-02
main_dataset,ultrametric_with_caridae,fit_radius,centroid_size,tree_variant,NA,centroid_size,-3.58247150523532e-06,9.75053653448348e-01,1.000000000000000,14,NA,data/phylogeny/P01_Trees/curc_fig1_ultrametric_withCaridae_correct.tre,existing_file,Imported from phylogeny workflow outputs.,15,TRUE,TRUE,1.00000000003,7.45410652886000,0,9.91539891225603e-01
main_dataset,historical_223_calibration,abs_winding_angle_deg,n_turns_abs,tree_variant,NA,NA,NA,NA,NA,NA,"No valid PGLS fit for lambda in [0, 1].",data/phylogeny/P01_Trees/candidate_historical_223.tre,existing_file,Imported from phylogeny workflow outputs.,15,TRUE,TRUE,223.00000001300,2084.37987039000018,0,NA
main_dataset,historical_223_calibration,abs_winding_angle_deg,start_end_dist,tree_variant,NA,start_end_dist,5.68075776473978e+02,3.65659521256205e-02,1.000000000000000,14,NA,data/phylogeny/P01_Trees/candidate_historical_223.tre,existing_file,Imported from phylogeny workflow outputs.,15,TRUE,TRUE,223.00000001300,2084.37987039000018,0,6.09432535427008e-02
main_dataset,historical_223_calibration,abs_winding_angle_deg,axial_span,tree_variant,NA,axial_span,9.16208534579096e+02,1.81273977070484e-03,0.911078975377065,14,NA,data/phylogeny/P01_Trees/candidate_historical_223.tre,existing_file,Imported from phylogeny workflow outputs.,15,TRUE,TRUE,223.00000001300,2084.37987039000018,0,2.14074593297885e-03
main_dataset,historical_223_calibration,abs_winding_angle_deg,axial_pitch_360,tree_variant,NA,axial_pitch_360,5.42267128173367e+02,1.40775499831007e-01,1.000000000000000,14,NA,data/phylogeny/P01_Trees/candidate_historical_223.tre,existing_file,Imported from phylogeny workflow outputs.,15,TRUE,TRUE,223.00000001300,2084.37987039000018,0,1.54535527917392e-01
main_dataset,historical_223_calibration,abs_winding_angle_deg,fit_radius,tree_variant,NA,fit_radius,1.16875885939931e+03,1.55345752668653e-01,1.000000000000000,14,NA,data/phylogeny/P01_Trees/candidate_historical_223.tre,existing_file,Imported from phylogeny workflow outputs.,15,TRUE,TRUE,223.00000001300,2084.37987039000018,0,1.66610138650948e-01
main_dataset,historical_223_calibration,n_turns_abs,start_end_dist,tree_variant,NA,start_end_dist,1.57798826798327e+00,3.65659521256204e-02,1.000000000000000,14,NA,data/phylogeny/P01_Trees/candidate_historical_223.tre,existing_file,Imported from phylogeny workflow outputs.,15,TRUE,TRUE,223.00000001300,2084.37987039000018,0,6.09432535427007e-02
main_dataset,historical_223_calibration,n_turns_abs,axial_span,tree_variant,NA,axial_span,2.54502370683400e+00,1.81273977248117e-03,0.911078975659899,14,NA,data/phylogeny/P01_Trees/candidate_historical_223.tre,existing_file,Imported from phylogeny workflow outputs.,15,TRUE,TRUE,223.00000001300,2084.37987039000018,0,2.14074593297885e-03
main_dataset,historical_223_calibration,n_turns_abs,axial_pitch_360,tree_variant,NA,axial_pitch_360,1.50629757825935e+00,1.40775499831007e-01,1.000000000000000,14,NA,data/phylogeny/P01_Trees/candidate_historical_223.tre,existing_file,Imported from phylogeny workflow outputs.,15,TRUE,TRUE,223.00000001300,2084.37987039000018,0,1.54535527917392e-01
main_dataset,historical_223_calibration,n_turns_abs,fit_radius,tree_variant,NA,fit_radius,3.24655238722031e+00,1.55345752668653e-01,1.000000000000000,14,NA,data/phylogeny/P01_Trees/candidate_historical_223.tre,existing_file,Imported from phylogeny workflow outputs.,15,TRUE,TRUE,223.00000001300,2084.37987039000018,0,1.66610138650948e-01
main_dataset,historical_223_calibration,start_end_dist,axial_span,tree_variant,NA,axial_span,3.95242133513769e-01,1.20167638238216e-01,0.000000000000000,14,NA,data/phylogeny/P01_Trees/candidate_historical_223.tre,existing_file,Imported from phylogeny workflow outputs.,15,TRUE,TRUE,223.00000001300,2084.37987039000018,0,1.20167638238216e-01
main_dataset,historical_223_calibration,start_end_dist,axial_pitch_360,tree_variant,NA,axial_pitch_360,3.53474373641914e-01,2.26146542588670e-01,0.000000000000000,14,NA,data/phylogeny/P01_Trees/candidate_historical_223.tre,existing_file,Imported from phylogeny workflow outputs.,15,TRUE,TRUE,223.00000001300,2084.37987039000018,0,2.26146542588670e-01
main_dataset,historical_223_calibration,start_end_dist,fit_radius,tree_variant,NA,fit_radius,3.32326237619997e-01,5.42510542183829e-01,0.000000000000000,14,NA,data/phylogeny/P01_Trees/candidate_historical_223.tre,existing_file,Imported from phylogeny workflow outputs.,15,TRUE,TRUE,223.00000001300,2084.37987039000018,0,5.42510542183829e-01
main_dataset,historical_223_calibration,axial_span,axial_pitch_360,tree_variant,NA,axial_pitch_360,9.64405801467778e-01,4.52321188097173e-05,1.000000000000000,14,NA,data/phylogeny/P01_Trees/candidate_historical_223.tre,existing_file,Imported from phylogeny workflow outputs.,15,TRUE,TRUE,223.00000001300,2084.37987039000018,0,8.34061910189751e-05
main_dataset,historical_223_calibration,axial_span,fit_radius,tree_variant,NA,fit_radius,1.36268052790894e+00,1.06096113319980e-02,0.237975432318243,14,NA,data/phylogeny/P01_Trees/candidate_historical_223.tre,existing_file,Imported from phylogeny workflow outputs.,15,TRUE,TRUE,223.00000001300,2084.37987039000018,0,1.66682091063473e-02
main_dataset,historical_223_calibration,axial_pitch_360,fit_radius,tree_variant,NA,fit_radius,1.17364597462222e+00,1.30949969976269e-02,0.000000000000000,14,NA,data/phylogeny/P01_Trees/candidate_historical_223.tre,existing_file,Imported from phylogeny workflow outputs.,15,TRUE,TRUE,223.00000001300,2084.37987039000018,0,1.96424954964404e-02
main_dataset,historical_223_calibration,PC1,abs_winding_angle_deg,tree_variant,NA,abs_winding_angle_deg,-5.51819146737930e-04,7.55194728229229e-02,1.000000000000000,14,NA,data/phylogeny/P01_Trees/candidate_historical_223.tre,existing_file,Imported from phylogeny workflow outputs.,15,TRUE,TRUE,223.00000001300,2084.37987039000018,0,8.09137208817031e-02
main_dataset,historical_223_calibration,PC1,n_turns_abs,tree_variant,NA,n_turns_abs,-1.98654892825655e-01,7.55194728229228e-02,1.000000000000000,14,NA,data/phylogeny/P01_Trees/candidate_historical_223.tre,existing_file,Imported from phylogeny workflow outputs.,15,TRUE,TRUE,223.00000001300,2084.37987039000018,0,8.09137208817030e-02
main_dataset,historical_223_calibration,PC1,start_end_dist,tree_variant,NA,start_end_dist,-2.94556159946777e-01,3.72253080537335e-01,1.000000000000000,14,NA,data/phylogeny/P01_Trees/candidate_historical_223.tre,existing_file,Imported from phylogeny workflow outputs.,15,TRUE,TRUE,223.00000001300,2084.37987039000018,0,3.72430995769113e-01
main_dataset,historical_223_calibration,PC1,axial_span,tree_variant,NA,axial_span,-7.03304877079473e-01,5.30311532740951e-02,1.000000000000000,14,NA,data/phylogeny/P01_Trees/candidate_historical_223.tre,existing_file,Imported from phylogeny workflow outputs.,15,TRUE,TRUE,223.00000001300,2084.37987039000018,0,6.05417052814707e-02
main_dataset,historical_223_calibration,PC1,axial_pitch_360,tree_variant,NA,axial_pitch_360,-5.63886564708325e-01,1.77304679799418e-01,1.000000000000000,14,NA,data/phylogeny/P01_Trees/candidate_historical_223.tre,existing_file,Imported from phylogeny workflow outputs.,15,TRUE,TRUE,223.00000001300,2084.37987039000018,0,2.50928081100377e-01
main_dataset,historical_223_calibration,PC1,fit_radius,tree_variant,NA,fit_radius,-2.41246196064902e+00,2.77645815794327e-03,1.000000000000000,14,NA,data/phylogeny/P01_Trees/candidate_historical_223.tre,existing_file,Imported from phylogeny workflow outputs.,15,TRUE,TRUE,223.00000001300,2084.37987039000018,0,4.87996623676639e-03
main_dataset,historical_223_calibration,PC2,abs_winding_angle_deg,tree_variant,NA,abs_winding_angle_deg,-5.98239299040145e-06,9.84394372448375e-01,1.000000000000000,14,NA,data/phylogeny/P01_Trees/candidate_historical_223.tre,existing_file,Imported from phylogeny workflow outputs.,15,TRUE,TRUE,223.00000001300,2084.37987039000018,0,9.84394372448375e-01
main_dataset,historical_223_calibration,PC2,n_turns_abs,tree_variant,NA,n_turns_abs,-2.15366147654452e-03,9.84394372448375e-01,1.000000000000000,14,NA,data/phylogeny/P01_Trees/candidate_historical_223.tre,existing_file,Imported from phylogeny workflow outputs.,15,TRUE,TRUE,223.00000001300,2084.37987039000018,0,9.84394372448375e-01
main_dataset,historical_223_calibration,PC2,start_end_dist,tree_variant,NA,start_end_dist,2.73387723261582e-02,9.29553342955931e-01,1.000000000000000,14,NA,data/phylogeny/P01_Trees/candidate_historical_223.tre,existing_file,Imported from phylogeny workflow outputs.,15,TRUE,TRUE,223.00000001300,2084.37987039000018,0,9.50507841866303e-01
main_dataset,historical_223_calibration,PC2,axial_span,tree_variant,NA,axial_span,5.23213517159131e-02,8.85175122307590e-01,1.000000000000000,14,NA,data/phylogeny/P01_Trees/candidate_historical_223.tre,existing_file,Imported from phylogeny workflow outputs.,15,TRUE,TRUE,223.00000001300,2084.37987039000018,0,9.64685569296379e-01
main_dataset,historical_223_calibration,PC2,axial_pitch_360,tree_variant,NA,axial_pitch_360,2.25028477775171e-02,9.55166460397617e-01,1.000000000000000,14,NA,data/phylogeny/P01_Trees/candidate_historical_223.tre,existing_file,Imported from phylogeny workflow outputs.,15,TRUE,TRUE,223.00000001300,2084.37987039000018,0,9.74450361544908e-01
main_dataset,historical_223_calibration,PC2,fit_radius,tree_variant,NA,fit_radius,1.50487939381163e+00,7.02440701696384e-02,1.000000000000000,14,NA,data/phylogeny/P01_Trees/candidate_historical_223.tre,existing_file,Imported from phylogeny workflow outputs.,15,TRUE,TRUE,223.00000001300,2084.37987039000018,0,1.53201040962214e-01
main_dataset,historical_223_calibration,PC3,abs_winding_angle_deg,tree_variant,NA,abs_winding_angle_deg,5.12634446490029e-05,8.13327721703506e-01,0.000000000000000,14,NA,data/phylogeny/P01_Trees/candidate_historical_223.tre,existing_file,Imported from phylogeny workflow outputs.,15,TRUE,TRUE,223.00000001300,2084.37987039000018,0,8.13327721703506e-01
main_dataset,historical_223_calibration,PC3,n_turns_abs,tree_variant,NA,n_turns_abs,1.84548400736411e-02,8.13327721703505e-01,0.000000000000000,14,NA,data/phylogeny/P01_Trees/candidate_historical_223.tre,existing_file,Imported from phylogeny workflow outputs.,15,TRUE,TRUE,223.00000001300,2084.37987039000018,0,8.13327721703505e-01
main_dataset,historical_223_calibration,PC3,start_end_dist,tree_variant,NA,start_end_dist,1.94037704257456e-01,5.78975816720575e-01,0.000000000000000,14,NA,data/phylogeny/P01_Trees/candidate_historical_223.tre,existing_file,Imported from phylogeny workflow outputs.,15,TRUE,TRUE,223.00000001300,2084.37987039000018,0,5.78975816720575e-01
main_dataset,historical_223_calibration,PC3,axial_span,tree_variant,NA,axial_span,6.00703925626966e-01,8.44817585274122e-02,1.000000000000000,14,NA,data/phylogeny/P01_Trees/candidate_historical_223.tre,existing_file,Imported from phylogeny workflow outputs.,15,TRUE,TRUE,223.00000001300,2084.37987039000018,0,1.62588409154599e-01
main_dataset,historical_223_calibration,PC3,axial_pitch_360,tree_variant,NA,axial_pitch_360,-1.59966639497537e-01,6.55439578562797e-01,0.000000000000000,14,NA,data/phylogeny/P01_Trees/candidate_historical_223.tre,existing_file,Imported from phylogeny workflow outputs.,15,TRUE,TRUE,223.00000001300,2084.37987039000018,0,6.55439578562797e-01
main_dataset,historical_223_calibration,PC3,fit_radius,tree_variant,NA,fit_radius,-3.97244007393194e-01,5.42193805305297e-01,0.000000000000000,14,NA,data/phylogeny/P01_Trees/candidate_historical_223.tre,existing_file,Imported from phylogeny workflow outputs.,15,TRUE,TRUE,223.00000001300,2084.37987039000018,0,5.42193805305297e-01
main_dataset,historical_223_calibration,PC4,abs_winding_angle_deg,tree_variant,NA,abs_winding_angle_deg,-2.80142659309842e-04,1.98253608880433e-01,0.930125847298147,14,NA,data/phylogeny/P01_Trees/candidate_historical_223.tre,existing_file,Imported from phylogeny workflow outputs.,15,TRUE,TRUE,223.00000001300,2084.37987039000018,0,2.86767730505135e-01
main_dataset,historical_223_calibration,PC4,n_turns_abs,tree_variant,NA,n_turns_abs,-1.00851357351854e-01,1.98253608881742e-01,0.930125847320133,14,NA,data/phylogeny/P01_Trees/candidate_historical_223.tre,existing_file,Imported from phylogeny workflow outputs.,15,TRUE,TRUE,223.00000001300,2084.37987039000018,0,2.86767730505135e-01
main_dataset,historical_223_calibration,PC4,start_end_dist,tree_variant,NA,start_end_dist,-3.42733564254041e-01,1.40487325018850e-01,0.835746464676234,14,NA,data/phylogeny/P01_Trees/candidate_historical_223.tre,existing_file,Imported from phylogeny workflow outputs.,15,TRUE,TRUE,223.00000001300,2084.37987039000018,0,1.65510230268828e-01
main_dataset,historical_223_calibration,PC4,axial_span,tree_variant,NA,axial_span,-5.22689200996753e-01,3.60224891242002e-02,1.000000000000000,14,NA,data/phylogeny/P01_Trees/candidate_historical_223.tre,existing_file,Imported from phylogeny workflow outputs.,15,TRUE,TRUE,223.00000001300,2084.37987039000018,0,5.00901968974402e-02
main_dataset,historical_223_calibration,PC4,axial_pitch_360,tree_variant,NA,axial_pitch_360,-6.32251457623826e-01,1.88021181025047e-02,1.000000000000000,14,NA,data/phylogeny/P01_Trees/candidate_historical_223.tre,existing_file,Imported from phylogeny workflow outputs.,15,TRUE,TRUE,223.00000001300,2084.37987039000018,0,2.90635764344261e-02
main_dataset,historical_223_calibration,PC4,fit_radius,tree_variant,NA,fit_radius,-8.46447811866093e-01,1.82589917892940e-01,0.962511460811950,14,NA,data/phylogeny/P01_Trees/candidate_historical_223.tre,existing_file,Imported from phylogeny workflow outputs.,15,TRUE,TRUE,223.00000001300,2084.37987039000018,0,2.43074010160132e-01
main_dataset,historical_223_calibration,PC5,abs_winding_angle_deg,tree_variant,NA,abs_winding_angle_deg,-1.00473056765956e-04,2.94343322634805e-01,0.000000000000000,14,NA,data/phylogeny/P01_Trees/candidate_historical_223.tre,existing_file,Imported from phylogeny workflow outputs.,15,TRUE,TRUE,223.00000001300,2084.37987039000018,0,2.94343322634805e-01
main_dataset,historical_223_calibration,PC5,n_turns_abs,tree_variant,NA,n_turns_abs,-3.61703004357442e-02,2.94343322634806e-01,0.000000000000000,14,NA,data/phylogeny/P01_Trees/candidate_historical_223.tre,existing_file,Imported from phylogeny workflow outputs.,15,TRUE,TRUE,223.00000001300,2084.37987039000018,0,2.94343322634806e-01
main_dataset,historical_223_calibration,PC5,start_end_dist,tree_variant,NA,start_end_dist,-1.87152980271037e-02,9.06232197614004e-01,0.000000000000000,14,NA,data/phylogeny/P01_Trees/candidate_historical_223.tre,existing_file,Imported from phylogeny workflow outputs.,15,TRUE,TRUE,223.00000001300,2084.37987039000018,0,9.06232197614004e-01
main_dataset,historical_223_calibration,PC5,axial_span,tree_variant,NA,axial_span,-1.94258084403611e-01,1.60554419488106e-01,0.000000000000000,14,NA,data/phylogeny/P01_Trees/candidate_historical_223.tre,existing_file,Imported from phylogeny workflow outputs.,15,TRUE,TRUE,223.00000001300,2084.37987039000018,0,2.23505957546674e-01
main_dataset,historical_223_calibration,PC5,axial_pitch_360,tree_variant,NA,axial_pitch_360,-1.53814492920692e-01,3.34223478261969e-01,0.000000000000000,14,NA,data/phylogeny/P01_Trees/candidate_historical_223.tre,existing_file,Imported from phylogeny workflow outputs.,15,TRUE,TRUE,223.00000001300,2084.37987039000018,0,4.45788981183297e-01
main_dataset,historical_223_calibration,PC5,fit_radius,tree_variant,NA,fit_radius,2.02669001659855e-02,9.45521787097248e-01,0.000000000000000,14,NA,data/phylogeny/P01_Trees/candidate_historical_223.tre,existing_file,Imported from phylogeny workflow outputs.,15,TRUE,TRUE,223.00000001300,2084.37987039000018,0,9.45521787097248e-01
main_dataset,historical_223_calibration,PC1,centroid_size,tree_variant,NA,centroid_size,-5.15854120616873e-04,2.95151532186905e-01,1.000000000000000,15,NA,data/phylogeny/P01_Trees/candidate_historical_223.tre,existing_file,Imported from phylogeny workflow outputs.,15,TRUE,TRUE,223.00000001300,2084.37987039000018,0,3.67609725688491e-01
main_dataset,historical_223_calibration,PC2,centroid_size,tree_variant,NA,centroid_size,-9.91311380220193e-04,1.79935878483258e-02,1.000000000000000,15,NA,data/phylogeny/P01_Trees/candidate_historical_223.tre,existing_file,Imported from phylogeny workflow outputs.,15,TRUE,TRUE,223.00000001300,2084.37987039000018,0,5.44706739068384e-02
main_dataset,historical_223_calibration,PC3,centroid_size,tree_variant,NA,centroid_size,-2.88692192196022e-04,4.35250983214173e-01,0.000000000000000,15,NA,data/phylogeny/P01_Trees/candidate_historical_223.tre,existing_file,Imported from phylogeny workflow outputs.,15,TRUE,TRUE,223.00000001300,2084.37987039000018,0,6.43402515467955e-01
main_dataset,historical_223_calibration,PC4,centroid_size,tree_variant,NA,centroid_size,-2.71944940619128e-04,4.23562450656114e-01,0.939690265777566,15,NA,data/phylogeny/P01_Trees/candidate_historical_223.tre,existing_file,Imported from phylogeny workflow outputs.,15,TRUE,TRUE,223.00000001300,2084.37987039000018,0,7.31549360025590e-01
main_dataset,historical_223_calibration,PC5,centroid_size,tree_variant,NA,centroid_size,-2.77565127176383e-04,1.47887811802473e-01,0.000000000000000,15,NA,data/phylogeny/P01_Trees/candidate_historical_223.tre,existing_file,Imported from phylogeny workflow outputs.,15,TRUE,TRUE,223.00000001300,2084.37987039000018,0,1.47887811802473e-01
main_dataset,historical_223_calibration,abs_winding_angle_deg,centroid_size,tree_variant,NA,centroid_size,5.73437477729080e-01,2.07821126032320e-01,1.000000000000000,14,NA,data/phylogeny/P01_Trees/candidate_historical_223.tre,existing_file,Imported from phylogeny workflow outputs.,15,TRUE,TRUE,223.00000001300,2084.37987039000018,0,2.29025088645026e-01
main_dataset,historical_223_calibration,n_turns_abs,centroid_size,tree_variant,NA,centroid_size,1.59288188258078e-03,2.07821126032320e-01,1.000000000000000,14,NA,data/phylogeny/P01_Trees/candidate_historical_223.tre,existing_file,Imported from phylogeny workflow outputs.,15,TRUE,TRUE,223.00000001300,2084.37987039000018,0,2.29025088645026e-01
main_dataset,historical_223_calibration,start_end_dist,centroid_size,tree_variant,NA,centroid_size,3.00272932671928e-04,3.79439002287201e-01,0.000000000000000,14,NA,data/phylogeny/P01_Trees/candidate_historical_223.tre,existing_file,Imported from phylogeny workflow outputs.,15,TRUE,TRUE,223.00000001300,2084.37987039000018,0,5.69158503430801e-01
main_dataset,historical_223_calibration,axial_span,centroid_size,tree_variant,NA,centroid_size,6.05073251052461e-04,1.07575564035937e-01,0.941731882525710,14,NA,data/phylogeny/P01_Trees/candidate_historical_223.tre,existing_file,Imported from phylogeny workflow outputs.,15,TRUE,TRUE,223.00000001300,2084.37987039000018,0,1.11653715106478e-01
main_dataset,historical_223_calibration,axial_pitch_360,centroid_size,tree_variant,NA,centroid_size,6.07981611386013e-04,7.00827766474853e-02,1.000000000000000,14,NA,data/phylogeny/P01_Trees/candidate_historical_223.tre,existing_file,Imported from phylogeny workflow outputs.,15,TRUE,TRUE,223.00000001300,2084.37987039000018,0,7.85243986804377e-02
main_dataset,historical_223_calibration,fit_radius,centroid_size,tree_variant,NA,centroid_size,1.23793639846653e-05,9.38945058802461e-01,1.000000000000000,14,NA,data/phylogeny/P01_Trees/candidate_historical_223.tre,existing_file,Imported from phylogeny workflow outputs.,15,TRUE,TRUE,223.00000001300,2084.37987039000018,0,9.91539891225603e-01
main_dataset,fixed_195_calibration,abs_winding_angle_deg,n_turns_abs,tree_variant,NA,NA,NA,NA,NA,NA,"No valid PGLS fit for lambda in [0, 1].",data/phylogeny/P01_Trees/candidate_fixed_195.tre,existing_file,Imported from phylogeny workflow outputs.,15,TRUE,TRUE,195.00000003000,1740.61792733599987,0,NA
main_dataset,fixed_195_calibration,abs_winding_angle_deg,start_end_dist,tree_variant,NA,start_end_dist,5.77410736406179e+02,2.91190051312413e-02,1.000000000000000,14,NA,data/phylogeny/P01_Trees/candidate_fixed_195.tre,existing_file,Imported from phylogeny workflow outputs.,15,TRUE,TRUE,195.00000003000,1740.61792733599987,0,6.09432535427008e-02
main_dataset,fixed_195_calibration,abs_winding_angle_deg,axial_span,tree_variant,NA,axial_span,9.13574423209716e+02,1.77082161074451e-03,0.908825677140670,14,NA,data/phylogeny/P01_Trees/candidate_fixed_195.tre,existing_file,Imported from phylogeny workflow outputs.,15,TRUE,TRUE,195.00000003000,1740.61792733599987,0,2.14074593297885e-03
main_dataset,fixed_195_calibration,abs_winding_angle_deg,axial_pitch_360,tree_variant,NA,axial_pitch_360,5.43786259854038e+02,1.39421098784115e-01,1.000000000000000,14,NA,data/phylogeny/P01_Trees/candidate_fixed_195.tre,existing_file,Imported from phylogeny workflow outputs.,15,TRUE,TRUE,195.00000003000,1740.61792733599987,0,1.54535527917392e-01
main_dataset,fixed_195_calibration,abs_winding_angle_deg,fit_radius,tree_variant,NA,fit_radius,1.18086714677782e+03,1.46628081350772e-01,1.000000000000000,14,NA,data/phylogeny/P01_Trees/candidate_fixed_195.tre,existing_file,Imported from phylogeny workflow outputs.,15,TRUE,TRUE,195.00000003000,1740.61792733599987,0,1.66610138650948e-01
main_dataset,fixed_195_calibration,n_turns_abs,start_end_dist,tree_variant,NA,start_end_dist,1.60391871223939e+00,2.91190051312412e-02,1.000000000000000,14,NA,data/phylogeny/P01_Trees/candidate_fixed_195.tre,existing_file,Imported from phylogeny workflow outputs.,15,TRUE,TRUE,195.00000003000,1740.61792733599987,0,6.09432535427007e-02
main_dataset,fixed_195_calibration,n_turns_abs,axial_span,tree_variant,NA,axial_span,2.53770673117525e+00,1.77082161055270e-03,0.908825677109881,14,NA,data/phylogeny/P01_Trees/candidate_fixed_195.tre,existing_file,Imported from phylogeny workflow outputs.,15,TRUE,TRUE,195.00000003000,1740.61792733599987,0,2.14074593297885e-03
main_dataset,fixed_195_calibration,n_turns_abs,axial_pitch_360,tree_variant,NA,axial_pitch_360,1.51051738848344e+00,1.39421098784116e-01,1.000000000000000,14,NA,data/phylogeny/P01_Trees/candidate_fixed_195.tre,existing_file,Imported from phylogeny workflow outputs.,15,TRUE,TRUE,195.00000003000,1740.61792733599987,0,1.54535527917392e-01
main_dataset,fixed_195_calibration,n_turns_abs,fit_radius,tree_variant,NA,fit_radius,3.28018651882727e+00,1.46628081350772e-01,1.000000000000000,14,NA,data/phylogeny/P01_Trees/candidate_fixed_195.tre,existing_file,Imported from phylogeny workflow outputs.,15,TRUE,TRUE,195.00000003000,1740.61792733599987,0,1.66610138650948e-01
main_dataset,fixed_195_calibration,start_end_dist,axial_span,tree_variant,NA,axial_span,3.95242133513769e-01,1.20167638238216e-01,0.000000000000000,14,NA,data/phylogeny/P01_Trees/candidate_fixed_195.tre,existing_file,Imported from phylogeny workflow outputs.,15,TRUE,TRUE,195.00000003000,1740.61792733599987,0,1.20167638238216e-01
main_dataset,fixed_195_calibration,start_end_dist,axial_pitch_360,tree_variant,NA,axial_pitch_360,3.53474373641914e-01,2.26146542588670e-01,0.000000000000000,14,NA,data/phylogeny/P01_Trees/candidate_fixed_195.tre,existing_file,Imported from phylogeny workflow outputs.,15,TRUE,TRUE,195.00000003000,1740.61792733599987,0,2.26146542588670e-01
main_dataset,fixed_195_calibration,start_end_dist,fit_radius,tree_variant,NA,fit_radius,3.32326237619997e-01,5.42510542183829e-01,0.000000000000000,14,NA,data/phylogeny/P01_Trees/candidate_fixed_195.tre,existing_file,Imported from phylogeny workflow outputs.,15,TRUE,TRUE,195.00000003000,1740.61792733599987,0,5.42510542183829e-01
main_dataset,fixed_195_calibration,axial_span,axial_pitch_360,tree_variant,NA,axial_pitch_360,9.71915211232185e-01,4.26862992268173e-05,1.000000000000000,14,NA,data/phylogeny/P01_Trees/candidate_fixed_195.tre,existing_file,Imported from phylogeny workflow outputs.,15,TRUE,TRUE,195.00000003000,1740.61792733599987,0,8.34061910189751e-05
main_dataset,fixed_195_calibration,axial_span,fit_radius,tree_variant,NA,fit_radius,1.36198939433076e+00,1.03644076256473e-02,0.256605759823780,14,NA,data/phylogeny/P01_Trees/candidate_fixed_195.tre,existing_file,Imported from phylogeny workflow outputs.,15,TRUE,TRUE,195.00000003000,1740.61792733599987,0,1.66682091063473e-02
main_dataset,fixed_195_calibration,axial_pitch_360,fit_radius,tree_variant,NA,fit_radius,1.17364597462222e+00,1.30949969976269e-02,0.000000000000000,14,NA,data/phylogeny/P01_Trees/candidate_fixed_195.tre,existing_file,Imported from phylogeny workflow outputs.,15,TRUE,TRUE,195.00000003000,1740.61792733599987,0,1.96424954964404e-02
main_dataset,fixed_195_calibration,PC1,abs_winding_angle_deg,tree_variant,NA,abs_winding_angle_deg,-5.75661331141383e-04,6.73246660675877e-02,1.000000000000000,14,NA,data/phylogeny/P01_Trees/candidate_fixed_195.tre,existing_file,Imported from phylogeny workflow outputs.,15,TRUE,TRUE,195.00000003000,1740.61792733599987,0,8.09137208817031e-02
main_dataset,fixed_195_calibration,PC1,n_turns_abs,tree_variant,NA,n_turns_abs,-2.07238079210898e-01,6.73246660675878e-02,1.000000000000000,14,NA,data/phylogeny/P01_Trees/candidate_fixed_195.tre,existing_file,Imported from phylogeny workflow outputs.,15,TRUE,TRUE,195.00000003000,1740.61792733599987,0,8.09137208817030e-02
main_dataset,fixed_195_calibration,PC1,start_end_dist,tree_variant,NA,start_end_dist,-2.99857890692061e-01,3.62788783174971e-01,1.000000000000000,14,NA,data/phylogeny/P01_Trees/candidate_fixed_195.tre,existing_file,Imported from phylogeny workflow outputs.,15,TRUE,TRUE,195.00000003000,1740.61792733599987,0,3.72430995769113e-01
main_dataset,fixed_195_calibration,PC1,axial_span,tree_variant,NA,axial_span,-7.17851621113029e-01,5.03148975909252e-02,1.000000000000000,14,NA,data/phylogeny/P01_Trees/candidate_fixed_195.tre,existing_file,Imported from phylogeny workflow outputs.,15,TRUE,TRUE,195.00000003000,1740.61792733599987,0,6.05417052814707e-02
main_dataset,fixed_195_calibration,PC1,axial_pitch_360,tree_variant,NA,axial_pitch_360,-5.79500717405451e-01,1.72462061941198e-01,1.000000000000000,14,NA,data/phylogeny/P01_Trees/candidate_fixed_195.tre,existing_file,Imported from phylogeny workflow outputs.,15,TRUE,TRUE,195.00000003000,1740.61792733599987,0,2.50928081100377e-01
main_dataset,fixed_195_calibration,PC1,fit_radius,tree_variant,NA,fit_radius,-2.46079724874882e+00,2.32259687371771e-03,1.000000000000000,14,NA,data/phylogeny/P01_Trees/candidate_fixed_195.tre,existing_file,Imported from phylogeny workflow outputs.,15,TRUE,TRUE,195.00000003000,1740.61792733599987,0,4.87996623676639e-03
main_dataset,fixed_195_calibration,PC2,abs_winding_angle_deg,tree_variant,NA,abs_winding_angle_deg,2.03595541499830e-05,9.46254699030790e-01,1.000000000000000,14,NA,data/phylogeny/P01_Trees/candidate_fixed_195.tre,existing_file,Imported from phylogeny workflow outputs.,15,TRUE,TRUE,195.00000003000,1740.61792733599987,0,9.84394372448375e-01
main_dataset,fixed_195_calibration,PC2,n_turns_abs,tree_variant,NA,n_turns_abs,7.32943949399396e-03,9.46254699030789e-01,1.000000000000000,14,NA,data/phylogeny/P01_Trees/candidate_fixed_195.tre,existing_file,Imported from phylogeny workflow outputs.,15,TRUE,TRUE,195.00000003000,1740.61792733599987,0,9.84394372448375e-01
main_dataset,fixed_195_calibration,PC2,start_end_dist,tree_variant,NA,start_end_dist,2.57398670830334e-02,9.31581405498420e-01,1.000000000000000,14,NA,data/phylogeny/P01_Trees/candidate_fixed_195.tre,existing_file,Imported from phylogeny workflow outputs.,15,TRUE,TRUE,195.00000003000,1740.61792733599987,0,9.50507841866303e-01
main_dataset,fixed_195_calibration,PC2,axial_span,tree_variant,NA,axial_span,6.99796429408777e-02,8.43865337874528e-01,1.000000000000000,14,NA,data/phylogeny/P01_Trees/candidate_fixed_195.tre,existing_file,Imported from phylogeny workflow outputs.,15,TRUE,TRUE,195.00000003000,1740.61792733599987,0,9.64685569296379e-01
main_dataset,fixed_195_calibration,PC2,axial_pitch_360,tree_variant,NA,axial_pitch_360,3.42398506375333e-02,9.30946787835815e-01,1.000000000000000,14,NA,data/phylogeny/P01_Trees/candidate_fixed_195.tre,existing_file,Imported from phylogeny workflow outputs.,15,TRUE,TRUE,195.00000003000,1740.61792733599987,0,9.74450361544908e-01
main_dataset,fixed_195_calibration,PC2,fit_radius,tree_variant,NA,fit_radius,1.49364419333291e+00,6.57162862236699e-02,1.000000000000000,14,NA,data/phylogeny/P01_Trees/candidate_fixed_195.tre,existing_file,Imported from phylogeny workflow outputs.,15,TRUE,TRUE,195.00000003000,1740.61792733599987,0,1.53201040962214e-01
main_dataset,fixed_195_calibration,PC3,abs_winding_angle_deg,tree_variant,NA,abs_winding_angle_deg,5.12634446490029e-05,8.13327721703506e-01,0.000000000000000,14,NA,data/phylogeny/P01_Trees/candidate_fixed_195.tre,existing_file,Imported from phylogeny workflow outputs.,15,TRUE,TRUE,195.00000003000,1740.61792733599987,0,8.13327721703506e-01
main_dataset,fixed_195_calibration,PC3,n_turns_abs,tree_variant,NA,n_turns_abs,1.84548400736411e-02,8.13327721703505e-01,0.000000000000000,14,NA,data/phylogeny/P01_Trees/candidate_fixed_195.tre,existing_file,Imported from phylogeny workflow outputs.,15,TRUE,TRUE,195.00000003000,1740.61792733599987,0,8.13327721703505e-01
main_dataset,fixed_195_calibration,PC3,start_end_dist,tree_variant,NA,start_end_dist,1.94037704257456e-01,5.78975816720575e-01,0.000000000000000,14,NA,data/phylogeny/P01_Trees/candidate_fixed_195.tre,existing_file,Imported from phylogeny workflow outputs.,15,TRUE,TRUE,195.00000003000,1740.61792733599987,0,5.78975816720575e-01
main_dataset,fixed_195_calibration,PC3,axial_span,tree_variant,NA,axial_span,6.21934993437522e-01,7.36201686030408e-02,1.000000000000000,14,NA,data/phylogeny/P01_Trees/candidate_fixed_195.tre,existing_file,Imported from phylogeny workflow outputs.,15,TRUE,TRUE,195.00000003000,1740.61792733599987,0,1.62588409154599e-01
main_dataset,fixed_195_calibration,PC3,axial_pitch_360,tree_variant,NA,axial_pitch_360,-1.59966639497537e-01,6.55439578562797e-01,0.000000000000000,14,NA,data/phylogeny/P01_Trees/candidate_fixed_195.tre,existing_file,Imported from phylogeny workflow outputs.,15,TRUE,TRUE,195.00000003000,1740.61792733599987,0,6.55439578562797e-01
main_dataset,fixed_195_calibration,PC3,fit_radius,tree_variant,NA,fit_radius,-3.97244007393194e-01,5.42193805305297e-01,0.000000000000000,14,NA,data/phylogeny/P01_Trees/candidate_fixed_195.tre,existing_file,Imported from phylogeny workflow outputs.,15,TRUE,TRUE,195.00000003000,1740.61792733599987,0,5.42193805305297e-01
main_dataset,fixed_195_calibration,PC4,abs_winding_angle_deg,tree_variant,NA,abs_winding_angle_deg,-2.81770197435804e-04,1.97980765079873e-01,0.922403563827587,14,NA,data/phylogeny/P01_Trees/candidate_fixed_195.tre,existing_file,Imported from phylogeny workflow outputs.,15,TRUE,TRUE,195.00000003000,1740.61792733599987,0,2.86767730505135e-01
main_dataset,fixed_195_calibration,PC4,n_turns_abs,tree_variant,NA,n_turns_abs,-1.01437271077138e-01,1.97980765080399e-01,0.922403563840634,14,NA,data/phylogeny/P01_Trees/candidate_fixed_195.tre,existing_file,Imported from phylogeny workflow outputs.,15,TRUE,TRUE,195.00000003000,1740.61792733599987,0,2.86767730505135e-01
main_dataset,fixed_195_calibration,PC4,start_end_dist,tree_variant,NA,start_end_dist,-3.46702749835854e-01,1.33509945579780e-01,0.830351830926617,14,NA,data/phylogeny/P01_Trees/candidate_fixed_195.tre,existing_file,Imported from phylogeny workflow outputs.,15,TRUE,TRUE,195.00000003000,1740.61792733599987,0,1.65510230268828e-01
main_dataset,fixed_195_calibration,PC4,axial_span,tree_variant,NA,axial_span,-5.23334399859961e-01,3.63406762195811e-02,1.000000000000000,14,NA,data/phylogeny/P01_Trees/candidate_fixed_195.tre,existing_file,Imported from phylogeny workflow outputs.,15,TRUE,TRUE,195.00000003000,1740.61792733599987,0,5.00901968974402e-02
main_dataset,fixed_195_calibration,PC4,axial_pitch_360,tree_variant,NA,axial_pitch_360,-6.37055092380252e-01,1.90102847722658e-02,1.000000000000000,14,NA,data/phylogeny/P01_Trees/candidate_fixed_195.tre,existing_file,Imported from phylogeny workflow outputs.,15,TRUE,TRUE,195.00000003000,1740.61792733599987,0,2.90635764344261e-02
main_dataset,fixed_195_calibration,PC4,fit_radius,tree_variant,NA,fit_radius,-8.28969443730054e-01,1.88758431045494e-01,0.950444080278100,14,NA,data/phylogeny/P01_Trees/candidate_fixed_195.tre,existing_file,Imported from phylogeny workflow outputs.,15,TRUE,TRUE,195.00000003000,1740.61792733599987,0,2.43074010160132e-01
main_dataset,fixed_195_calibration,PC5,abs_winding_angle_deg,tree_variant,NA,abs_winding_angle_deg,-1.00473056765956e-04,2.94343322634805e-01,0.000000000000000,14,NA,data/phylogeny/P01_Trees/candidate_fixed_195.tre,existing_file,Imported from phylogeny workflow outputs.,15,TRUE,TRUE,195.00000003000,1740.61792733599987,0,2.94343322634805e-01
main_dataset,fixed_195_calibration,PC5,n_turns_abs,tree_variant,NA,n_turns_abs,-3.61703004357442e-02,2.94343322634806e-01,0.000000000000000,14,NA,data/phylogeny/P01_Trees/candidate_fixed_195.tre,existing_file,Imported from phylogeny workflow outputs.,15,TRUE,TRUE,195.00000003000,1740.61792733599987,0,2.94343322634806e-01
main_dataset,fixed_195_calibration,PC5,start_end_dist,tree_variant,NA,start_end_dist,-1.87152980271037e-02,9.06232197614004e-01,0.000000000000000,14,NA,data/phylogeny/P01_Trees/candidate_fixed_195.tre,existing_file,Imported from phylogeny workflow outputs.,15,TRUE,TRUE,195.00000003000,1740.61792733599987,0,9.06232197614004e-01
main_dataset,fixed_195_calibration,PC5,axial_span,tree_variant,NA,axial_span,-1.94258084403611e-01,1.60554419488106e-01,0.000000000000000,14,NA,data/phylogeny/P01_Trees/candidate_fixed_195.tre,existing_file,Imported from phylogeny workflow outputs.,15,TRUE,TRUE,195.00000003000,1740.61792733599987,0,2.23505957546674e-01
main_dataset,fixed_195_calibration,PC5,axial_pitch_360,tree_variant,NA,axial_pitch_360,-1.53814492920692e-01,3.34223478261969e-01,0.000000000000000,14,NA,data/phylogeny/P01_Trees/candidate_fixed_195.tre,existing_file,Imported from phylogeny workflow outputs.,15,TRUE,TRUE,195.00000003000,1740.61792733599987,0,4.45788981183297e-01
main_dataset,fixed_195_calibration,PC5,fit_radius,tree_variant,NA,fit_radius,2.02669001659855e-02,9.45521787097248e-01,0.000000000000000,14,NA,data/phylogeny/P01_Trees/candidate_fixed_195.tre,existing_file,Imported from phylogeny workflow outputs.,15,TRUE,TRUE,195.00000003000,1740.61792733599987,0,9.45521787097248e-01
main_dataset,fixed_195_calibration,PC1,centroid_size,tree_variant,NA,centroid_size,-5.24064832355797e-04,2.98265931271163e-01,1.000000000000000,15,NA,data/phylogeny/P01_Trees/candidate_fixed_195.tre,existing_file,Imported from phylogeny workflow outputs.,15,TRUE,TRUE,195.00000003000,1740.61792733599987,0,3.67609725688491e-01
main_dataset,fixed_195_calibration,PC2,centroid_size,tree_variant,NA,centroid_size,-9.57871323504951e-04,2.17882695627354e-02,1.000000000000000,15,NA,data/phylogeny/P01_Trees/candidate_fixed_195.tre,existing_file,Imported from phylogeny workflow outputs.,15,TRUE,TRUE,195.00000003000,1740.61792733599987,0,5.44706739068384e-02
main_dataset,fixed_195_calibration,PC3,centroid_size,tree_variant,NA,centroid_size,-2.88692192196022e-04,4.35250983214173e-01,0.000000000000000,15,NA,data/phylogeny/P01_Trees/candidate_fixed_195.tre,existing_file,Imported from phylogeny workflow outputs.,15,TRUE,TRUE,195.00000003000,1740.61792733599987,0,6.43402515467955e-01
main_dataset,fixed_195_calibration,PC4,centroid_size,tree_variant,NA,centroid_size,-2.87562254351722e-04,4.03443393237870e-01,0.925444831167276,15,NA,data/phylogeny/P01_Trees/candidate_fixed_195.tre,existing_file,Imported from phylogeny workflow outputs.,15,TRUE,TRUE,195.00000003000,1740.61792733599987,0,7.31549360025590e-01
main_dataset,fixed_195_calibration,PC5,centroid_size,tree_variant,NA,centroid_size,-2.77565127176383e-04,1.47887811802473e-01,0.000000000000000,15,NA,data/phylogeny/P01_Trees/candidate_fixed_195.tre,existing_file,Imported from phylogeny workflow outputs.,15,TRUE,TRUE,195.00000003000,1740.61792733599987,0,1.47887811802473e-01
main_dataset,fixed_195_calibration,abs_winding_angle_deg,centroid_size,tree_variant,NA,centroid_size,5.50627640375190e-01,2.29025088645026e-01,1.000000000000000,14,NA,data/phylogeny/P01_Trees/candidate_fixed_195.tre,existing_file,Imported from phylogeny workflow outputs.,15,TRUE,TRUE,195.00000003000,1740.61792733599987,0,2.29025088645026e-01
main_dataset,fixed_195_calibration,n_turns_abs,centroid_size,tree_variant,NA,centroid_size,1.52952122326442e-03,2.29025088645026e-01,1.000000000000000,14,NA,data/phylogeny/P01_Trees/candidate_fixed_195.tre,existing_file,Imported from phylogeny workflow outputs.,15,TRUE,TRUE,195.00000003000,1740.61792733599987,0,2.29025088645026e-01
main_dataset,fixed_195_calibration,start_end_dist,centroid_size,tree_variant,NA,centroid_size,3.00272932671928e-04,3.79439002287201e-01,0.000000000000000,14,NA,data/phylogeny/P01_Trees/candidate_fixed_195.tre,existing_file,Imported from phylogeny workflow outputs.,15,TRUE,TRUE,195.00000003000,1740.61792733599987,0,5.69158503430801e-01
main_dataset,fixed_195_calibration,axial_span,centroid_size,tree_variant,NA,centroid_size,6.03253630486566e-04,1.11653715106478e-01,0.855880154899715,14,NA,data/phylogeny/P01_Trees/candidate_fixed_195.tre,existing_file,Imported from phylogeny workflow outputs.,15,TRUE,TRUE,195.00000003000,1740.61792733599987,0,1.11653715106478e-01
main_dataset,fixed_195_calibration,axial_pitch_360,centroid_size,tree_variant,NA,centroid_size,6.08425297128970e-04,7.07540341049670e-02,1.000000000000000,14,NA,data/phylogeny/P01_Trees/candidate_fixed_195.tre,existing_file,Imported from phylogeny workflow outputs.,15,TRUE,TRUE,195.00000003000,1740.61792733599987,0,7.85243986804377e-02
main_dataset,fixed_195_calibration,fit_radius,centroid_size,tree_variant,NA,centroid_size,1.41928320181653e-05,9.30828780379470e-01,1.000000000000000,14,NA,data/phylogeny/P01_Trees/candidate_fixed_195.tre,existing_file,Imported from phylogeny workflow outputs.,15,TRUE,TRUE,195.00000003000,1740.61792733599987,0,9.91539891225603e-01
main_dataset,interval_157_3_195_calibration,abs_winding_angle_deg,n_turns_abs,tree_variant,NA,NA,NA,NA,NA,NA,"No valid PGLS fit for lambda in [0, 1].",data/phylogeny/P01_Trees/candidate_interval_157_3_195.tre,existing_file,Imported from phylogeny workflow outputs.,15,TRUE,TRUE,176.49736953500,1654.61692485499998,0,NA
main_dataset,interval_157_3_195_calibration,abs_winding_angle_deg,start_end_dist,tree_variant,NA,start_end_dist,5.70818600318000e+02,3.64862961307491e-02,1.000000000000000,14,NA,data/phylogeny/P01_Trees/candidate_interval_157_3_195.tre,existing_file,Imported from phylogeny workflow outputs.,15,TRUE,TRUE,176.49736953500,1654.61692485499998,0,6.09432535427008e-02
main_dataset,interval_157_3_195_calibration,abs_winding_angle_deg,axial_span,tree_variant,NA,axial_span,9.18337129564684e+02,1.87355915454015e-03,0.914851227076794,14,NA,data/phylogeny/P01_Trees/candidate_interval_157_3_195.tre,existing_file,Imported from phylogeny workflow outputs.,15,TRUE,TRUE,176.49736953500,1654.61692485499998,0,2.14074593297885e-03
main_dataset,interval_157_3_195_calibration,abs_winding_angle_deg,axial_pitch_360,tree_variant,NA,axial_pitch_360,5.39141786486678e+02,1.45478124432170e-01,1.000000000000000,14,NA,data/phylogeny/P01_Trees/candidate_interval_157_3_195.tre,existing_file,Imported from phylogeny workflow outputs.,15,TRUE,TRUE,176.49736953500,1654.61692485499998,0,1.54535527917392e-01
main_dataset,interval_157_3_195_calibration,abs_winding_angle_deg,fit_radius,tree_variant,NA,fit_radius,1.17094967746636e+03,1.53983653122421e-01,1.000000000000000,14,NA,data/phylogeny/P01_Trees/candidate_interval_157_3_195.tre,existing_file,Imported from phylogeny workflow outputs.,15,TRUE,TRUE,176.49736953500,1654.61692485499998,0,1.66610138650948e-01
main_dataset,interval_157_3_195_calibration,n_turns_abs,start_end_dist,tree_variant,NA,start_end_dist,1.58560722310556e+00,3.64862961307490e-02,1.000000000000000,14,NA,data/phylogeny/P01_Trees/candidate_interval_157_3_195.tre,existing_file,Imported from phylogeny workflow outputs.,15,TRUE,TRUE,176.49736953500,1654.61692485499998,0,6.09432535427007e-02
main_dataset,interval_157_3_195_calibration,n_turns_abs,axial_span,tree_variant,NA,axial_span,2.55093647105939e+00,1.87355915428271e-03,0.914851227037233,14,NA,data/phylogeny/P01_Trees/candidate_interval_157_3_195.tre,existing_file,Imported from phylogeny workflow outputs.,15,TRUE,TRUE,176.49736953500,1654.61692485499998,0,2.14074593297885e-03
main_dataset,interval_157_3_195_calibration,n_turns_abs,axial_pitch_360,tree_variant,NA,axial_pitch_360,1.49761607357411e+00,1.45478124432170e-01,1.000000000000000,14,NA,data/phylogeny/P01_Trees/candidate_interval_157_3_195.tre,existing_file,Imported from phylogeny workflow outputs.,15,TRUE,TRUE,176.49736953500,1654.61692485499998,0,1.54535527917392e-01
main_dataset,interval_157_3_195_calibration,n_turns_abs,fit_radius,tree_variant,NA,fit_radius,3.25263799296211e+00,1.53983653122421e-01,1.000000000000000,14,NA,data/phylogeny/P01_Trees/candidate_interval_157_3_195.tre,existing_file,Imported from phylogeny workflow outputs.,15,TRUE,TRUE,176.49736953500,1654.61692485499998,0,1.66610138650948e-01
main_dataset,interval_157_3_195_calibration,start_end_dist,axial_span,tree_variant,NA,axial_span,3.95242133513769e-01,1.20167638238216e-01,0.000000000000000,14,NA,data/phylogeny/P01_Trees/candidate_interval_157_3_195.tre,existing_file,Imported from phylogeny workflow outputs.,15,TRUE,TRUE,176.49736953500,1654.61692485499998,0,1.20167638238216e-01
main_dataset,interval_157_3_195_calibration,start_end_dist,axial_pitch_360,tree_variant,NA,axial_pitch_360,3.53474373641914e-01,2.26146542588670e-01,0.000000000000000,14,NA,data/phylogeny/P01_Trees/candidate_interval_157_3_195.tre,existing_file,Imported from phylogeny workflow outputs.,15,TRUE,TRUE,176.49736953500,1654.61692485499998,0,2.26146542588670e-01
main_dataset,interval_157_3_195_calibration,start_end_dist,fit_radius,tree_variant,NA,fit_radius,3.32326237619997e-01,5.42510542183829e-01,0.000000000000000,14,NA,data/phylogeny/P01_Trees/candidate_interval_157_3_195.tre,existing_file,Imported from phylogeny workflow outputs.,15,TRUE,TRUE,176.49736953500,1654.61692485499998,0,5.42510542183829e-01
main_dataset,interval_157_3_195_calibration,axial_span,axial_pitch_360,tree_variant,NA,axial_pitch_360,9.62140951596217e-01,4.84107043046739e-05,1.000000000000000,14,NA,data/phylogeny/P01_Trees/candidate_interval_157_3_195.tre,existing_file,Imported from phylogeny workflow outputs.,15,TRUE,TRUE,176.49736953500,1654.61692485499998,0,8.34061910189751e-05
main_dataset,interval_157_3_195_calibration,axial_span,fit_radius,tree_variant,NA,fit_radius,1.36173200799222e+00,1.06843822717121e-02,0.258728732622995,14,NA,data/phylogeny/P01_Trees/candidate_interval_157_3_195.tre,existing_file,Imported from phylogeny workflow outputs.,15,TRUE,TRUE,176.49736953500,1654.61692485499998,0,1.66682091063473e-02
main_dataset,interval_157_3_195_calibration,axial_pitch_360,fit_radius,tree_variant,NA,fit_radius,1.17364597462222e+00,1.30949969976269e-02,0.000000000000000,14,NA,data/phylogeny/P01_Trees/candidate_interval_157_3_195.tre,existing_file,Imported from phylogeny workflow outputs.,15,TRUE,TRUE,176.49736953500,1654.61692485499998,0,1.96424954964404e-02
main_dataset,interval_157_3_195_calibration,PC1,abs_winding_angle_deg,tree_variant,NA,abs_winding_angle_deg,-5.62780616603265e-04,7.05631385060782e-02,1.000000000000000,14,NA,data/phylogeny/P01_Trees/candidate_interval_157_3_195.tre,existing_file,Imported from phylogeny workflow outputs.,15,TRUE,TRUE,176.49736953500,1654.61692485499998,0,8.09137208817031e-02
main_dataset,interval_157_3_195_calibration,PC1,n_turns_abs,tree_variant,NA,n_turns_abs,-2.02601021977175e-01,7.05631385060782e-02,1.000000000000000,14,NA,data/phylogeny/P01_Trees/candidate_interval_157_3_195.tre,existing_file,Imported from phylogeny workflow outputs.,15,TRUE,TRUE,176.49736953500,1654.61692485499998,0,8.09137208817030e-02
main_dataset,interval_157_3_195_calibration,PC1,start_end_dist,tree_variant,NA,start_end_dist,-3.00027204197155e-01,3.67674205911559e-01,1.000000000000000,14,NA,data/phylogeny/P01_Trees/candidate_interval_157_3_195.tre,existing_file,Imported from phylogeny workflow outputs.,15,TRUE,TRUE,176.49736953500,1654.61692485499998,0,3.72430995769113e-01
main_dataset,interval_157_3_195_calibration,PC1,axial_span,tree_variant,NA,axial_span,-7.13557845176740e-01,5.18450398976758e-02,1.000000000000000,14,NA,data/phylogeny/P01_Trees/candidate_interval_157_3_195.tre,existing_file,Imported from phylogeny workflow outputs.,15,TRUE,TRUE,176.49736953500,1654.61692485499998,0,6.05417052814707e-02
main_dataset,interval_157_3_195_calibration,PC1,axial_pitch_360,tree_variant,NA,axial_pitch_360,-5.65421706263691e-01,1.80549984479374e-01,1.000000000000000,14,NA,data/phylogeny/P01_Trees/candidate_interval_157_3_195.tre,existing_file,Imported from phylogeny workflow outputs.,15,TRUE,TRUE,176.49736953500,1654.61692485499998,0,2.50928081100377e-01
main_dataset,interval_157_3_195_calibration,PC1,fit_radius,tree_variant,NA,fit_radius,-2.42216145512720e+00,2.75764511282059e-03,1.000000000000000,14,NA,data/phylogeny/P01_Trees/candidate_interval_157_3_195.tre,existing_file,Imported from phylogeny workflow outputs.,15,TRUE,TRUE,176.49736953500,1654.61692485499998,0,4.87996623676639e-03
main_dataset,interval_157_3_195_calibration,PC2,abs_winding_angle_deg,tree_variant,NA,abs_winding_angle_deg,-1.12024633635101e-05,9.70809248725691e-01,1.000000000000000,14,NA,data/phylogeny/P01_Trees/candidate_interval_157_3_195.tre,existing_file,Imported from phylogeny workflow outputs.,15,TRUE,TRUE,176.49736953500,1654.61692485499998,0,9.84394372448375e-01
main_dataset,interval_157_3_195_calibration,PC2,n_turns_abs,tree_variant,NA,n_turns_abs,-4.03288681086361e-03,9.70809248725691e-01,1.000000000000000,14,NA,data/phylogeny/P01_Trees/candidate_interval_157_3_195.tre,existing_file,Imported from phylogeny workflow outputs.,15,TRUE,TRUE,176.49736953500,1654.61692485499998,0,9.84394372448375e-01
main_dataset,interval_157_3_195_calibration,PC2,start_end_dist,tree_variant,NA,start_end_dist,2.37898157908833e-02,9.39012477450151e-01,1.000000000000000,14,NA,data/phylogeny/P01_Trees/candidate_interval_157_3_195.tre,existing_file,Imported from phylogeny workflow outputs.,15,TRUE,TRUE,176.49736953500,1654.61692485499998,0,9.50507841866303e-01
main_dataset,interval_157_3_195_calibration,PC2,axial_span,tree_variant,NA,axial_span,5.61785228722592e-02,8.77557384623545e-01,1.000000000000000,14,NA,data/phylogeny/P01_Trees/candidate_interval_157_3_195.tre,existing_file,Imported from phylogeny workflow outputs.,15,TRUE,TRUE,176.49736953500,1654.61692485499998,0,9.64685569296379e-01
main_dataset,interval_157_3_195_calibration,PC2,axial_pitch_360,tree_variant,NA,axial_pitch_360,3.06685666290326e-02,9.39278056615590e-01,1.000000000000000,14,NA,data/phylogeny/P01_Trees/candidate_interval_157_3_195.tre,existing_file,Imported from phylogeny workflow outputs.,15,TRUE,TRUE,176.49736953500,1654.61692485499998,0,9.74450361544908e-01
main_dataset,interval_157_3_195_calibration,PC2,fit_radius,tree_variant,NA,fit_radius,1.50682926056168e+00,6.97619299701192e-02,1.000000000000000,14,NA,data/phylogeny/P01_Trees/candidate_interval_157_3_195.tre,existing_file,Imported from phylogeny workflow outputs.,15,TRUE,TRUE,176.49736953500,1654.61692485499998,0,1.53201040962214e-01
main_dataset,interval_157_3_195_calibration,PC3,abs_winding_angle_deg,tree_variant,NA,abs_winding_angle_deg,5.12634446490029e-05,8.13327721703506e-01,0.000000000000000,14,NA,data/phylogeny/P01_Trees/candidate_interval_157_3_195.tre,existing_file,Imported from phylogeny workflow outputs.,15,TRUE,TRUE,176.49736953500,1654.61692485499998,0,8.13327721703506e-01
main_dataset,interval_157_3_195_calibration,PC3,n_turns_abs,tree_variant,NA,n_turns_abs,1.84548400736411e-02,8.13327721703505e-01,0.000000000000000,14,NA,data/phylogeny/P01_Trees/candidate_interval_157_3_195.tre,existing_file,Imported from phylogeny workflow outputs.,15,TRUE,TRUE,176.49736953500,1654.61692485499998,0,8.13327721703505e-01
main_dataset,interval_157_3_195_calibration,PC3,start_end_dist,tree_variant,NA,start_end_dist,1.94037704257456e-01,5.78975816720575e-01,0.000000000000000,14,NA,data/phylogeny/P01_Trees/candidate_interval_157_3_195.tre,existing_file,Imported from phylogeny workflow outputs.,15,TRUE,TRUE,176.49736953500,1654.61692485499998,0,5.78975816720575e-01
main_dataset,interval_157_3_195_calibration,PC3,axial_span,tree_variant,NA,axial_span,5.95763889305792e-01,8.76161046326722e-02,1.000000000000000,14,NA,data/phylogeny/P01_Trees/candidate_interval_157_3_195.tre,existing_file,Imported from phylogeny workflow outputs.,15,TRUE,TRUE,176.49736953500,1654.61692485499998,0,1.62588409154599e-01
main_dataset,interval_157_3_195_calibration,PC3,axial_pitch_360,tree_variant,NA,axial_pitch_360,-1.59966639497537e-01,6.55439578562797e-01,0.000000000000000,14,NA,data/phylogeny/P01_Trees/candidate_interval_157_3_195.tre,existing_file,Imported from phylogeny workflow outputs.,15,TRUE,TRUE,176.49736953500,1654.61692485499998,0,6.55439578562797e-01
main_dataset,interval_157_3_195_calibration,PC3,fit_radius,tree_variant,NA,fit_radius,-3.97244007393194e-01,5.42193805305297e-01,0.000000000000000,14,NA,data/phylogeny/P01_Trees/candidate_interval_157_3_195.tre,existing_file,Imported from phylogeny workflow outputs.,15,TRUE,TRUE,176.49736953500,1654.61692485499998,0,5.42193805305297e-01
main_dataset,interval_157_3_195_calibration,PC4,abs_winding_angle_deg,tree_variant,NA,abs_winding_angle_deg,-2.77014708980701e-04,2.01876093776633e-01,0.927729424375317,14,NA,data/phylogeny/P01_Trees/candidate_interval_157_3_195.tre,existing_file,Imported from phylogeny workflow outputs.,15,TRUE,TRUE,176.49736953500,1654.61692485499998,0,2.86767730505135e-01
main_dataset,interval_157_3_195_calibration,PC4,n_turns_abs,tree_variant,NA,n_turns_abs,-9.97252952313072e-02,2.01876093770494e-01,0.927729424260999,14,NA,data/phylogeny/P01_Trees/candidate_interval_157_3_195.tre,existing_file,Imported from phylogeny workflow outputs.,15,TRUE,TRUE,176.49736953500,1654.61692485499998,0,2.86767730505135e-01
main_dataset,interval_157_3_195_calibration,PC4,start_end_dist,tree_variant,NA,start_end_dist,-3.44465681668493e-01,1.39151336108795e-01,0.831203276452352,14,NA,data/phylogeny/P01_Trees/candidate_interval_157_3_195.tre,existing_file,Imported from phylogeny workflow outputs.,15,TRUE,TRUE,176.49736953500,1654.61692485499998,0,1.65510230268828e-01
main_dataset,interval_157_3_195_calibration,PC4,axial_span,tree_variant,NA,axial_span,-5.23707818169191e-01,3.61819638412476e-02,1.000000000000000,14,NA,data/phylogeny/P01_Trees/candidate_interval_157_3_195.tre,existing_file,Imported from phylogeny workflow outputs.,15,TRUE,TRUE,176.49736953500,1654.61692485499998,0,5.00901968974402e-02
main_dataset,interval_157_3_195_calibration,PC4,axial_pitch_360,tree_variant,NA,axial_pitch_360,-6.34019379137728e-01,1.86870277585139e-02,1.000000000000000,14,NA,data/phylogeny/P01_Trees/candidate_interval_157_3_195.tre,existing_file,Imported from phylogeny workflow outputs.,15,TRUE,TRUE,176.49736953500,1654.61692485499998,0,2.90635764344261e-02
main_dataset,interval_157_3_195_calibration,PC4,fit_radius,tree_variant,NA,fit_radius,-8.42075351567345e-01,1.82777068147037e-01,0.960559981706062,14,NA,data/phylogeny/P01_Trees/candidate_interval_157_3_195.tre,existing_file,Imported from phylogeny workflow outputs.,15,TRUE,TRUE,176.49736953500,1654.61692485499998,0,2.43074010160132e-01
main_dataset,interval_157_3_195_calibration,PC5,abs_winding_angle_deg,tree_variant,NA,abs_winding_angle_deg,-1.00473056765956e-04,2.94343322634805e-01,0.000000000000000,14,NA,data/phylogeny/P01_Trees/candidate_interval_157_3_195.tre,existing_file,Imported from phylogeny workflow outputs.,15,TRUE,TRUE,176.49736953500,1654.61692485499998,0,2.94343322634805e-01
main_dataset,interval_157_3_195_calibration,PC5,n_turns_abs,tree_variant,NA,n_turns_abs,-3.61703004357442e-02,2.94343322634806e-01,0.000000000000000,14,NA,data/phylogeny/P01_Trees/candidate_interval_157_3_195.tre,existing_file,Imported from phylogeny workflow outputs.,15,TRUE,TRUE,176.49736953500,1654.61692485499998,0,2.94343322634806e-01
main_dataset,interval_157_3_195_calibration,PC5,start_end_dist,tree_variant,NA,start_end_dist,-1.87152980271037e-02,9.06232197614004e-01,0.000000000000000,14,NA,data/phylogeny/P01_Trees/candidate_interval_157_3_195.tre,existing_file,Imported from phylogeny workflow outputs.,15,TRUE,TRUE,176.49736953500,1654.61692485499998,0,9.06232197614004e-01
main_dataset,interval_157_3_195_calibration,PC5,axial_span,tree_variant,NA,axial_span,-1.94258084403611e-01,1.60554419488106e-01,0.000000000000000,14,NA,data/phylogeny/P01_Trees/candidate_interval_157_3_195.tre,existing_file,Imported from phylogeny workflow outputs.,15,TRUE,TRUE,176.49736953500,1654.61692485499998,0,2.23505957546674e-01
main_dataset,interval_157_3_195_calibration,PC5,axial_pitch_360,tree_variant,NA,axial_pitch_360,-1.53814492920692e-01,3.34223478261969e-01,0.000000000000000,14,NA,data/phylogeny/P01_Trees/candidate_interval_157_3_195.tre,existing_file,Imported from phylogeny workflow outputs.,15,TRUE,TRUE,176.49736953500,1654.61692485499998,0,4.45788981183297e-01
main_dataset,interval_157_3_195_calibration,PC5,fit_radius,tree_variant,NA,fit_radius,2.02669001659855e-02,9.45521787097248e-01,0.000000000000000,14,NA,data/phylogeny/P01_Trees/candidate_interval_157_3_195.tre,existing_file,Imported from phylogeny workflow outputs.,15,TRUE,TRUE,176.49736953500,1654.61692485499998,0,9.45521787097248e-01
main_dataset,interval_157_3_195_calibration,PC1,centroid_size,tree_variant,NA,centroid_size,-5.24511549356676e-04,2.90827298777402e-01,1.000000000000000,15,NA,data/phylogeny/P01_Trees/candidate_interval_157_3_195.tre,existing_file,Imported from phylogeny workflow outputs.,15,TRUE,TRUE,176.49736953500,1654.61692485499998,0,3.67609725688491e-01
main_dataset,interval_157_3_195_calibration,PC2,centroid_size,tree_variant,NA,centroid_size,-1.00063988279674e-03,1.72594571350025e-02,1.000000000000000,15,NA,data/phylogeny/P01_Trees/candidate_interval_157_3_195.tre,existing_file,Imported from phylogeny workflow outputs.,15,TRUE,TRUE,176.49736953500,1654.61692485499998,0,5.44706739068384e-02
main_dataset,interval_157_3_195_calibration,PC3,centroid_size,tree_variant,NA,centroid_size,-2.88692192196022e-04,4.35250983214173e-01,0.000000000000000,15,NA,data/phylogeny/P01_Trees/candidate_interval_157_3_195.tre,existing_file,Imported from phylogeny workflow outputs.,15,TRUE,TRUE,176.49736953500,1654.61692485499998,0,6.43402515467955e-01
main_dataset,interval_157_3_195_calibration,PC4,centroid_size,tree_variant,NA,centroid_size,-2.71964277535161e-04,4.23339816125986e-01,0.938005825890758,15,NA,data/phylogeny/P01_Trees/candidate_interval_157_3_195.tre,existing_file,Imported from phylogeny workflow outputs.,15,TRUE,TRUE,176.49736953500,1654.61692485499998,0,7.31549360025590e-01
main_dataset,interval_157_3_195_calibration,PC5,centroid_size,tree_variant,NA,centroid_size,-2.77565127176383e-04,1.47887811802473e-01,0.000000000000000,15,NA,data/phylogeny/P01_Trees/candidate_interval_157_3_195.tre,existing_file,Imported from phylogeny workflow outputs.,15,TRUE,TRUE,176.49736953500,1654.61692485499998,0,1.47887811802473e-01
main_dataset,interval_157_3_195_calibration,abs_winding_angle_deg,centroid_size,tree_variant,NA,centroid_size,5.82568719207220e-01,2.01815016176901e-01,1.000000000000000,14,NA,data/phylogeny/P01_Trees/candidate_interval_157_3_195.tre,existing_file,Imported from phylogeny workflow outputs.,15,TRUE,TRUE,176.49736953500,1654.61692485499998,0,2.29025088645026e-01
main_dataset,interval_157_3_195_calibration,n_turns_abs,centroid_size,tree_variant,NA,centroid_size,1.61824644224228e-03,2.01815016176901e-01,1.000000000000000,14,NA,data/phylogeny/P01_Trees/candidate_interval_157_3_195.tre,existing_file,Imported from phylogeny workflow outputs.,15,TRUE,TRUE,176.49736953500,1654.61692485499998,0,2.29025088645026e-01
main_dataset,interval_157_3_195_calibration,start_end_dist,centroid_size,tree_variant,NA,centroid_size,3.00272932671928e-04,3.79439002287201e-01,0.000000000000000,14,NA,data/phylogeny/P01_Trees/candidate_interval_157_3_195.tre,existing_file,Imported from phylogeny workflow outputs.,15,TRUE,TRUE,176.49736953500,1654.61692485499998,0,5.69158503430801e-01
main_dataset,interval_157_3_195_calibration,axial_span,centroid_size,tree_variant,NA,centroid_size,5.99474242941866e-04,1.10417822525208e-01,0.966249060316039,14,NA,data/phylogeny/P01_Trees/candidate_interval_157_3_195.tre,existing_file,Imported from phylogeny workflow outputs.,15,TRUE,TRUE,176.49736953500,1654.61692485499998,0,1.11653715106478e-01
main_dataset,interval_157_3_195_calibration,axial_pitch_360,centroid_size,tree_variant,NA,centroid_size,5.99786720671545e-04,7.40647894498471e-02,1.000000000000000,14,NA,data/phylogeny/P01_Trees/candidate_interval_157_3_195.tre,existing_file,Imported from phylogeny workflow outputs.,15,TRUE,TRUE,176.49736953500,1654.61692485499998,0,7.85243986804377e-02
main_dataset,interval_157_3_195_calibration,fit_radius,centroid_size,tree_variant,NA,centroid_size,1.17222082677693e-05,9.42445507720300e-01,1.000000000000000,14,NA,data/phylogeny/P01_Trees/candidate_interval_157_3_195.tre,existing_file,Imported from phylogeny workflow outputs.,15,TRUE,TRUE,176.49736953500,1654.61692485499998,0,9.91539891225603e-01
main_dataset,interval_157_3_170_calibration,abs_winding_angle_deg,n_turns_abs,tree_variant,NA,NA,NA,NA,NA,NA,"No valid PGLS fit for lambda in [0, 1].",data/phylogeny/P01_Trees/candidate_interval_157_3_170.tre,existing_file,Imported from phylogeny workflow outputs.,15,TRUE,TRUE,166.07723750000,1598.94413811499999,0,NA
main_dataset,interval_157_3_170_calibration,abs_winding_angle_deg,start_end_dist,tree_variant,NA,start_end_dist,5.67306563457570e+02,4.17061500465503e-02,1.000000000000000,14,NA,data/phylogeny/P01_Trees/candidate_interval_157_3_170.tre,existing_file,Imported from phylogeny workflow outputs.,15,TRUE,TRUE,166.07723750000,1598.94413811499999,0,6.25592250698254e-02
main_dataset,interval_157_3_170_calibration,abs_winding_angle_deg,axial_span,tree_variant,NA,axial_span,9.23091035605260e+02,1.87045680662459e-03,0.917472563418816,14,NA,data/phylogeny/P01_Trees/candidate_interval_157_3_170.tre,existing_file,Imported from phylogeny workflow outputs.,15,TRUE,TRUE,166.07723750000,1598.94413811499999,0,2.14074593297885e-03
main_dataset,interval_157_3_170_calibration,abs_winding_angle_deg,axial_pitch_360,tree_variant,NA,axial_pitch_360,5.40368547316580e+02,1.46319093889106e-01,1.000000000000000,14,NA,data/phylogeny/P01_Trees/candidate_interval_157_3_170.tre,existing_file,Imported from phylogeny workflow outputs.,15,TRUE,TRUE,166.07723750000,1598.94413811499999,0,1.54535527917392e-01
main_dataset,interval_157_3_170_calibration,abs_winding_angle_deg,fit_radius,tree_variant,NA,fit_radius,1.17596331478129e+03,1.54142179964336e-01,1.000000000000000,14,NA,data/phylogeny/P01_Trees/candidate_interval_157_3_170.tre,existing_file,Imported from phylogeny workflow outputs.,15,TRUE,TRUE,166.07723750000,1598.94413811499999,0,1.66610138650948e-01
main_dataset,interval_157_3_170_calibration,n_turns_abs,start_end_dist,tree_variant,NA,start_end_dist,1.57585156515992e+00,4.17061500465501e-02,1.000000000000000,14,NA,data/phylogeny/P01_Trees/candidate_interval_157_3_170.tre,existing_file,Imported from phylogeny workflow outputs.,15,TRUE,TRUE,166.07723750000,1598.94413811499999,0,6.25592250698252e-02
main_dataset,interval_157_3_170_calibration,n_turns_abs,axial_span,tree_variant,NA,axial_span,2.56414181939169e+00,1.87045650513026e-03,0.917472516430410,14,NA,data/phylogeny/P01_Trees/candidate_interval_157_3_170.tre,existing_file,Imported from phylogeny workflow outputs.,15,TRUE,TRUE,166.07723750000,1598.94413811499999,0,2.14074593297885e-03
main_dataset,interval_157_3_170_calibration,n_turns_abs,axial_pitch_360,tree_variant,NA,axial_pitch_360,1.50102374254606e+00,1.46319093889105e-01,1.000000000000000,14,NA,data/phylogeny/P01_Trees/candidate_interval_157_3_170.tre,existing_file,Imported from phylogeny workflow outputs.,15,TRUE,TRUE,166.07723750000,1598.94413811499999,0,1.54535527917392e-01
main_dataset,interval_157_3_170_calibration,n_turns_abs,fit_radius,tree_variant,NA,fit_radius,3.26656476328137e+00,1.54142179964336e-01,1.000000000000000,14,NA,data/phylogeny/P01_Trees/candidate_interval_157_3_170.tre,existing_file,Imported from phylogeny workflow outputs.,15,TRUE,TRUE,166.07723750000,1598.94413811499999,0,1.66610138650948e-01
main_dataset,interval_157_3_170_calibration,start_end_dist,axial_span,tree_variant,NA,axial_span,3.95242133513769e-01,1.20167638238216e-01,0.000000000000000,14,NA,data/phylogeny/P01_Trees/candidate_interval_157_3_170.tre,existing_file,Imported from phylogeny workflow outputs.,15,TRUE,TRUE,166.07723750000,1598.94413811499999,0,1.20167638238216e-01
main_dataset,interval_157_3_170_calibration,start_end_dist,axial_pitch_360,tree_variant,NA,axial_pitch_360,3.53474373641914e-01,2.26146542588670e-01,0.000000000000000,14,NA,data/phylogeny/P01_Trees/candidate_interval_157_3_170.tre,existing_file,Imported from phylogeny workflow outputs.,15,TRUE,TRUE,166.07723750000,1598.94413811499999,0,2.26146542588670e-01
main_dataset,interval_157_3_170_calibration,start_end_dist,fit_radius,tree_variant,NA,fit_radius,3.32326237619997e-01,5.42510542183829e-01,0.000000000000000,14,NA,data/phylogeny/P01_Trees/candidate_interval_157_3_170.tre,existing_file,Imported from phylogeny workflow outputs.,15,TRUE,TRUE,166.07723750000,1598.94413811499999,0,5.42510542183829e-01
main_dataset,interval_157_3_170_calibration,axial_span,axial_pitch_360,tree_variant,NA,axial_pitch_360,9.58182585578983e-01,5.13022171022694e-05,1.000000000000000,14,NA,data/phylogeny/P01_Trees/candidate_interval_157_3_170.tre,existing_file,Imported from phylogeny workflow outputs.,15,TRUE,TRUE,166.07723750000,1598.94413811499999,0,8.34061910189751e-05
main_dataset,interval_157_3_170_calibration,axial_span,fit_radius,tree_variant,NA,fit_radius,1.36292602929778e+00,1.07599544903316e-02,0.255662485173220,14,NA,data/phylogeny/P01_Trees/candidate_interval_157_3_170.tre,existing_file,Imported from phylogeny workflow outputs.,15,TRUE,TRUE,166.07723750000,1598.94413811499999,0,1.66682091063473e-02
main_dataset,interval_157_3_170_calibration,axial_pitch_360,fit_radius,tree_variant,NA,fit_radius,1.17364597462222e+00,1.30949969976269e-02,0.000000000000000,14,NA,data/phylogeny/P01_Trees/candidate_interval_157_3_170.tre,existing_file,Imported from phylogeny workflow outputs.,15,TRUE,TRUE,166.07723750000,1598.94413811499999,0,1.96424954964404e-02
main_dataset,interval_157_3_170_calibration,PC1,abs_winding_angle_deg,tree_variant,NA,abs_winding_angle_deg,-5.58944840999345e-04,7.12305387844630e-02,1.000000000000000,14,NA,data/phylogeny/P01_Trees/candidate_interval_157_3_170.tre,existing_file,Imported from phylogeny workflow outputs.,15,TRUE,TRUE,166.07723750000,1598.94413811499999,0,8.09137208817031e-02
main_dataset,interval_157_3_170_calibration,PC1,n_turns_abs,tree_variant,NA,n_turns_abs,-2.01220142759764e-01,7.12305387844631e-02,1.000000000000000,14,NA,data/phylogeny/P01_Trees/candidate_interval_157_3_170.tre,existing_file,Imported from phylogeny workflow outputs.,15,TRUE,TRUE,166.07723750000,1598.94413811499999,0,8.09137208817030e-02
main_dataset,interval_157_3_170_calibration,PC1,start_end_dist,tree_variant,NA,start_end_dist,-3.00462271314130e-01,3.72430995769113e-01,1.000000000000000,14,NA,data/phylogeny/P01_Trees/candidate_interval_157_3_170.tre,existing_file,Imported from phylogeny workflow outputs.,15,TRUE,TRUE,166.07723750000,1598.94413811499999,0,3.72430995769113e-01
main_dataset,interval_157_3_170_calibration,PC1,axial_span,tree_variant,NA,axial_span,-7.13785087805307e-01,5.23123101477628e-02,1.000000000000000,14,NA,data/phylogeny/P01_Trees/candidate_interval_157_3_170.tre,existing_file,Imported from phylogeny workflow outputs.,15,TRUE,TRUE,166.07723750000,1598.94413811499999,0,6.05417052814707e-02
main_dataset,interval_157_3_170_calibration,PC1,axial_pitch_360,tree_variant,NA,axial_pitch_360,-5.60336853404187e-01,1.84530997515425e-01,1.000000000000000,14,NA,data/phylogeny/P01_Trees/candidate_interval_157_3_170.tre,existing_file,Imported from phylogeny workflow outputs.,15,TRUE,TRUE,166.07723750000,1598.94413811499999,0,2.50928081100377e-01
main_dataset,interval_157_3_170_calibration,PC1,fit_radius,tree_variant,NA,fit_radius,-2.41192667405040e+00,2.92797974205983e-03,1.000000000000000,14,NA,data/phylogeny/P01_Trees/candidate_interval_157_3_170.tre,existing_file,Imported from phylogeny workflow outputs.,15,TRUE,TRUE,166.07723750000,1598.94413811499999,0,4.87996623676639e-03
main_dataset,interval_157_3_170_calibration,PC2,abs_winding_angle_deg,tree_variant,NA,abs_winding_angle_deg,-2.60655614711742e-05,9.32455407327742e-01,1.000000000000000,14,NA,data/phylogeny/P01_Trees/candidate_interval_157_3_170.tre,existing_file,Imported from phylogeny workflow outputs.,15,TRUE,TRUE,166.07723750000,1598.94413811499999,0,9.84394372448375e-01
main_dataset,interval_157_3_170_calibration,PC2,n_turns_abs,tree_variant,NA,n_turns_abs,-9.38360212962264e-03,9.32455407327742e-01,1.000000000000000,14,NA,data/phylogeny/P01_Trees/candidate_interval_157_3_170.tre,existing_file,Imported from phylogeny workflow outputs.,15,TRUE,TRUE,166.07723750000,1598.94413811499999,0,9.84394372448375e-01
main_dataset,interval_157_3_170_calibration,PC2,start_end_dist,tree_variant,NA,start_end_dist,2.38801256783417e-02,9.40023711069847e-01,1.000000000000000,14,NA,data/phylogeny/P01_Trees/candidate_interval_157_3_170.tre,existing_file,Imported from phylogeny workflow outputs.,15,TRUE,TRUE,166.07723750000,1598.94413811499999,0,9.50507841866303e-01
main_dataset,interval_157_3_170_calibration,PC2,axial_span,tree_variant,NA,axial_span,4.74036749136215e-02,8.97756259495805e-01,1.000000000000000,14,NA,data/phylogeny/P01_Trees/candidate_interval_157_3_170.tre,existing_file,Imported from phylogeny workflow outputs.,15,TRUE,TRUE,166.07723750000,1598.94413811499999,0,9.64685569296379e-01
main_dataset,interval_157_3_170_calibration,PC2,axial_pitch_360,tree_variant,NA,axial_pitch_360,2.57697827454357e-02,9.49415007823960e-01,1.000000000000000,14,NA,data/phylogeny/P01_Trees/candidate_interval_157_3_170.tre,existing_file,Imported from phylogeny workflow outputs.,15,TRUE,TRUE,166.07723750000,1598.94413811499999,0,9.74450361544908e-01
main_dataset,interval_157_3_170_calibration,PC2,fit_radius,tree_variant,NA,fit_radius,1.50859996667338e+00,7.24250378870371e-02,1.000000000000000,14,NA,data/phylogeny/P01_Trees/candidate_interval_157_3_170.tre,existing_file,Imported from phylogeny workflow outputs.,15,TRUE,TRUE,166.07723750000,1598.94413811499999,0,1.53201040962214e-01
main_dataset,interval_157_3_170_calibration,PC3,abs_winding_angle_deg,tree_variant,NA,abs_winding_angle_deg,5.12634446490029e-05,8.13327721703506e-01,0.000000000000000,14,NA,data/phylogeny/P01_Trees/candidate_interval_157_3_170.tre,existing_file,Imported from phylogeny workflow outputs.,15,TRUE,TRUE,166.07723750000,1598.94413811499999,0,8.13327721703506e-01
main_dataset,interval_157_3_170_calibration,PC3,n_turns_abs,tree_variant,NA,n_turns_abs,1.84548400736411e-02,8.13327721703505e-01,0.000000000000000,14,NA,data/phylogeny/P01_Trees/candidate_interval_157_3_170.tre,existing_file,Imported from phylogeny workflow outputs.,15,TRUE,TRUE,166.07723750000,1598.94413811499999,0,8.13327721703505e-01
main_dataset,interval_157_3_170_calibration,PC3,start_end_dist,tree_variant,NA,start_end_dist,1.94037704257456e-01,5.78975816720575e-01,0.000000000000000,14,NA,data/phylogeny/P01_Trees/candidate_interval_157_3_170.tre,existing_file,Imported from phylogeny workflow outputs.,15,TRUE,TRUE,166.07723750000,1598.94413811499999,0,5.78975816720575e-01
main_dataset,interval_157_3_170_calibration,PC3,axial_span,tree_variant,NA,axial_span,5.78098118118434e-01,9.75530454927591e-02,1.000000000000000,14,NA,data/phylogeny/P01_Trees/candidate_interval_157_3_170.tre,existing_file,Imported from phylogeny workflow outputs.,15,TRUE,TRUE,166.07723750000,1598.94413811499999,0,1.62588409154599e-01
main_dataset,interval_157_3_170_calibration,PC3,axial_pitch_360,tree_variant,NA,axial_pitch_360,-1.59966639497537e-01,6.55439578562797e-01,0.000000000000000,14,NA,data/phylogeny/P01_Trees/candidate_interval_157_3_170.tre,existing_file,Imported from phylogeny workflow outputs.,15,TRUE,TRUE,166.07723750000,1598.94413811499999,0,6.55439578562797e-01
main_dataset,interval_157_3_170_calibration,PC3,fit_radius,tree_variant,NA,fit_radius,-3.97244007393194e-01,5.42193805305297e-01,0.000000000000000,14,NA,data/phylogeny/P01_Trees/candidate_interval_157_3_170.tre,existing_file,Imported from phylogeny workflow outputs.,15,TRUE,TRUE,166.07723750000,1598.94413811499999,0,5.42193805305297e-01
main_dataset,interval_157_3_170_calibration,PC4,abs_winding_angle_deg,tree_variant,NA,abs_winding_angle_deg,-2.73282786915177e-04,2.04734013205441e-01,0.934115522374048,14,NA,data/phylogeny/P01_Trees/candidate_interval_157_3_170.tre,existing_file,Imported from phylogeny workflow outputs.,15,TRUE,TRUE,166.07723750000,1598.94413811499999,0,2.86767730505135e-01
main_dataset,interval_157_3_170_calibration,PC4,n_turns_abs,tree_variant,NA,n_turns_abs,-9.83818032894567e-02,2.04734013205404e-01,0.934115522373476,14,NA,data/phylogeny/P01_Trees/candidate_interval_157_3_170.tre,existing_file,Imported from phylogeny workflow outputs.,15,TRUE,TRUE,166.07723750000,1598.94413811499999,0,2.86767730505135e-01
main_dataset,interval_157_3_170_calibration,PC4,start_end_dist,tree_variant,NA,start_end_dist,-3.41096944144200e-01,1.44320326383145e-01,0.836807602171688,14,NA,data/phylogeny/P01_Trees/candidate_interval_157_3_170.tre,existing_file,Imported from phylogeny workflow outputs.,15,TRUE,TRUE,166.07723750000,1598.94413811499999,0,1.65510230268828e-01
main_dataset,interval_157_3_170_calibration,PC4,axial_span,tree_variant,NA,axial_span,-5.21220186790864e-01,3.64041311815315e-02,1.000000000000000,14,NA,data/phylogeny/P01_Trees/candidate_interval_157_3_170.tre,existing_file,Imported from phylogeny workflow outputs.,15,TRUE,TRUE,166.07723750000,1598.94413811499999,0,5.00901968974402e-02
main_dataset,interval_157_3_170_calibration,PC4,axial_pitch_360,tree_variant,NA,axial_pitch_360,-6.30433178127499e-01,1.85761867151750e-02,1.000000000000000,14,NA,data/phylogeny/P01_Trees/candidate_interval_157_3_170.tre,existing_file,Imported from phylogeny workflow outputs.,15,TRUE,TRUE,166.07723750000,1598.94413811499999,0,2.90635764344261e-02
main_dataset,interval_157_3_170_calibration,PC4,fit_radius,tree_variant,NA,fit_radius,-8.43210577934933e-01,1.81650009982022e-01,0.968641971515903,14,NA,data/phylogeny/P01_Trees/candidate_interval_157_3_170.tre,existing_file,Imported from phylogeny workflow outputs.,15,TRUE,TRUE,166.07723750000,1598.94413811499999,0,2.43074010160132e-01
main_dataset,interval_157_3_170_calibration,PC5,abs_winding_angle_deg,tree_variant,NA,abs_winding_angle_deg,-1.00473056765956e-04,2.94343322634805e-01,0.000000000000000,14,NA,data/phylogeny/P01_Trees/candidate_interval_157_3_170.tre,existing_file,Imported from phylogeny workflow outputs.,15,TRUE,TRUE,166.07723750000,1598.94413811499999,0,2.94343322634805e-01
main_dataset,interval_157_3_170_calibration,PC5,n_turns_abs,tree_variant,NA,n_turns_abs,-3.61703004357442e-02,2.94343322634806e-01,0.000000000000000,14,NA,data/phylogeny/P01_Trees/candidate_interval_157_3_170.tre,existing_file,Imported from phylogeny workflow outputs.,15,TRUE,TRUE,166.07723750000,1598.94413811499999,0,2.94343322634806e-01
main_dataset,interval_157_3_170_calibration,PC5,start_end_dist,tree_variant,NA,start_end_dist,-1.87152980271037e-02,9.06232197614004e-01,0.000000000000000,14,NA,data/phylogeny/P01_Trees/candidate_interval_157_3_170.tre,existing_file,Imported from phylogeny workflow outputs.,15,TRUE,TRUE,166.07723750000,1598.94413811499999,0,9.06232197614004e-01
main_dataset,interval_157_3_170_calibration,PC5,axial_span,tree_variant,NA,axial_span,-1.94258084403611e-01,1.60554419488106e-01,0.000000000000000,14,NA,data/phylogeny/P01_Trees/candidate_interval_157_3_170.tre,existing_file,Imported from phylogeny workflow outputs.,15,TRUE,TRUE,166.07723750000,1598.94413811499999,0,2.23505957546674e-01
main_dataset,interval_157_3_170_calibration,PC5,axial_pitch_360,tree_variant,NA,axial_pitch_360,-1.53814492920692e-01,3.34223478261969e-01,0.000000000000000,14,NA,data/phylogeny/P01_Trees/candidate_interval_157_3_170.tre,existing_file,Imported from phylogeny workflow outputs.,15,TRUE,TRUE,166.07723750000,1598.94413811499999,0,4.45788981183297e-01
main_dataset,interval_157_3_170_calibration,PC5,fit_radius,tree_variant,NA,fit_radius,2.02669001659855e-02,9.45521787097248e-01,0.000000000000000,14,NA,data/phylogeny/P01_Trees/candidate_interval_157_3_170.tre,existing_file,Imported from phylogeny workflow outputs.,15,TRUE,TRUE,166.07723750000,1598.94413811499999,0,9.45521787097248e-01
main_dataset,interval_157_3_170_calibration,PC1,centroid_size,tree_variant,NA,centroid_size,-5.26342979467050e-04,2.87177752697684e-01,1.000000000000000,15,NA,data/phylogeny/P01_Trees/candidate_interval_157_3_170.tre,existing_file,Imported from phylogeny workflow outputs.,15,TRUE,TRUE,166.07723750000,1598.94413811499999,0,3.67609725688491e-01
main_dataset,interval_157_3_170_calibration,PC2,centroid_size,tree_variant,NA,centroid_size,-1.02232678519261e-03,1.52857200786560e-02,1.000000000000000,15,NA,data/phylogeny/P01_Trees/candidate_interval_157_3_170.tre,existing_file,Imported from phylogeny workflow outputs.,15,TRUE,TRUE,166.07723750000,1598.94413811499999,0,5.44706739068384e-02
main_dataset,interval_157_3_170_calibration,PC3,centroid_size,tree_variant,NA,centroid_size,-2.88692192196022e-04,4.35250983214173e-01,0.000000000000000,15,NA,data/phylogeny/P01_Trees/candidate_interval_157_3_170.tre,existing_file,Imported from phylogeny workflow outputs.,15,TRUE,TRUE,166.07723750000,1598.94413811499999,0,6.43402515467955e-01
main_dataset,interval_157_3_170_calibration,PC4,centroid_size,tree_variant,NA,centroid_size,-2.61308646345246e-04,4.37859078489163e-01,0.947487477707194,15,NA,data/phylogeny/P01_Trees/candidate_interval_157_3_170.tre,existing_file,Imported from phylogeny workflow outputs.,15,TRUE,TRUE,166.07723750000,1598.94413811499999,0,7.31549360025590e-01
main_dataset,interval_157_3_170_calibration,PC5,centroid_size,tree_variant,NA,centroid_size,-2.77565127176383e-04,1.47887811802473e-01,0.000000000000000,15,NA,data/phylogeny/P01_Trees/candidate_interval_157_3_170.tre,existing_file,Imported from phylogeny workflow outputs.,15,TRUE,TRUE,166.07723750000,1598.94413811499999,0,1.47887811802473e-01
main_dataset,interval_157_3_170_calibration,abs_winding_angle_deg,centroid_size,tree_variant,NA,centroid_size,6.00907068731600e-01,1.88142668960814e-01,1.000000000000000,14,NA,data/phylogeny/P01_Trees/candidate_interval_157_3_170.tre,existing_file,Imported from phylogeny workflow outputs.,15,TRUE,TRUE,166.07723750000,1598.94413811499999,0,2.29025088645026e-01
main_dataset,interval_157_3_170_calibration,n_turns_abs,centroid_size,tree_variant,NA,centroid_size,1.66918630203222e-03,1.88142668960815e-01,1.000000000000000,14,NA,data/phylogeny/P01_Trees/candidate_interval_157_3_170.tre,existing_file,Imported from phylogeny workflow outputs.,15,TRUE,TRUE,166.07723750000,1598.94413811499999,0,2.29025088645026e-01
main_dataset,interval_157_3_170_calibration,start_end_dist,centroid_size,tree_variant,NA,centroid_size,3.00272932671928e-04,3.79439002287201e-01,0.000000000000000,14,NA,data/phylogeny/P01_Trees/candidate_interval_157_3_170.tre,existing_file,Imported from phylogeny workflow outputs.,15,TRUE,TRUE,166.07723750000,1598.94413811499999,0,5.69158503430801e-01
main_dataset,interval_157_3_170_calibration,axial_span,centroid_size,tree_variant,NA,centroid_size,6.00321599595319e-04,1.08256173021531e-01,1.000000000000000,14,NA,data/phylogeny/P01_Trees/candidate_interval_157_3_170.tre,existing_file,Imported from phylogeny workflow outputs.,15,TRUE,TRUE,166.07723750000,1598.94413811499999,0,1.11653715106478e-01
main_dataset,interval_157_3_170_calibration,axial_pitch_360,centroid_size,tree_variant,NA,centroid_size,5.98116249811748e-04,7.44581305453517e-02,1.000000000000000,14,NA,data/phylogeny/P01_Trees/candidate_interval_157_3_170.tre,existing_file,Imported from phylogeny workflow outputs.,15,TRUE,TRUE,166.07723750000,1598.94413811499999,0,7.85243986804377e-02
main_dataset,interval_157_3_170_calibration,fit_radius,centroid_size,tree_variant,NA,centroid_size,1.12709900626476e-05,9.44543660532104e-01,1.000000000000000,14,NA,data/phylogeny/P01_Trees/candidate_interval_157_3_170.tre,existing_file,Imported from phylogeny workflow outputs.,15,TRUE,TRUE,166.07723750000,1598.94413811499999,0,9.91539891225603e-01
main_dataset,interval_157_3_223_calibration,abs_winding_angle_deg,n_turns_abs,tree_variant,NA,NA,NA,NA,NA,NA,"No valid PGLS fit for lambda in [0, 1].",data/phylogeny/P01_Trees/candidate_interval_157_3_223.tre,existing_file,Imported from phylogeny workflow outputs.,15,TRUE,TRUE,190.25619610700,1718.56691179299992,0,NA
main_dataset,interval_157_3_223_calibration,abs_winding_angle_deg,start_end_dist,tree_variant,NA,start_end_dist,5.75913952376449e+02,3.07693473920974e-02,1.000000000000000,14,NA,data/phylogeny/P01_Trees/candidate_interval_157_3_223.tre,existing_file,Imported from phylogeny workflow outputs.,15,TRUE,TRUE,190.25619610700,1718.56691179299992,0,6.09432535427008e-02
main_dataset,interval_157_3_223_calibration,abs_winding_angle_deg,axial_span,tree_variant,NA,axial_span,9.14519434819314e+02,1.80029454909588e-03,0.910387007154151,14,NA,data/phylogeny/P01_Trees/candidate_interval_157_3_223.tre,existing_file,Imported from phylogeny workflow outputs.,15,TRUE,TRUE,190.25619610700,1718.56691179299992,0,2.14074593297885e-03
main_dataset,interval_157_3_223_calibration,abs_winding_angle_deg,axial_pitch_360,tree_variant,NA,axial_pitch_360,5.42422484556608e+02,1.41012143592764e-01,1.000000000000000,14,NA,data/phylogeny/P01_Trees/candidate_interval_157_3_223.tre,existing_file,Imported from phylogeny workflow outputs.,15,TRUE,TRUE,190.25619610700,1718.56691179299992,0,1.54535527917392e-01
main_dataset,interval_157_3_223_calibration,abs_winding_angle_deg,fit_radius,tree_variant,NA,fit_radius,1.17782652515089e+03,1.48528909089747e-01,1.000000000000000,14,NA,data/phylogeny/P01_Trees/candidate_interval_157_3_223.tre,existing_file,Imported from phylogeny workflow outputs.,15,TRUE,TRUE,190.25619610700,1718.56691179299992,0,1.66610138650948e-01
main_dataset,interval_157_3_223_calibration,n_turns_abs,start_end_dist,tree_variant,NA,start_end_dist,1.59976097882347e+00,3.07693473920974e-02,1.000000000000000,14,NA,data/phylogeny/P01_Trees/candidate_interval_157_3_223.tre,existing_file,Imported from phylogeny workflow outputs.,15,TRUE,TRUE,190.25619610700,1718.56691179299992,0,6.09432535427007e-02
main_dataset,interval_157_3_223_calibration,n_turns_abs,axial_span,tree_variant,NA,axial_span,2.54033176430843e+00,1.80029454423975e-03,0.910387006385741,14,NA,data/phylogeny/P01_Trees/candidate_interval_157_3_223.tre,existing_file,Imported from phylogeny workflow outputs.,15,TRUE,TRUE,190.25619610700,1718.56691179299992,0,2.14074593297885e-03
main_dataset,interval_157_3_223_calibration,n_turns_abs,axial_pitch_360,tree_variant,NA,axial_pitch_360,1.50672912376835e+00,1.41012143592765e-01,1.000000000000000,14,NA,data/phylogeny/P01_Trees/candidate_interval_157_3_223.tre,existing_file,Imported from phylogeny workflow outputs.,15,TRUE,TRUE,190.25619610700,1718.56691179299992,0,1.54535527917392e-01
main_dataset,interval_157_3_223_calibration,n_turns_abs,fit_radius,tree_variant,NA,fit_radius,3.27174034764135e+00,1.48528909089747e-01,1.000000000000000,14,NA,data/phylogeny/P01_Trees/candidate_interval_157_3_223.tre,existing_file,Imported from phylogeny workflow outputs.,15,TRUE,TRUE,190.25619610700,1718.56691179299992,0,1.66610138650948e-01
main_dataset,interval_157_3_223_calibration,start_end_dist,axial_span,tree_variant,NA,axial_span,3.95242133513769e-01,1.20167638238216e-01,0.000000000000000,14,NA,data/phylogeny/P01_Trees/candidate_interval_157_3_223.tre,existing_file,Imported from phylogeny workflow outputs.,15,TRUE,TRUE,190.25619610700,1718.56691179299992,0,1.20167638238216e-01
main_dataset,interval_157_3_223_calibration,start_end_dist,axial_pitch_360,tree_variant,NA,axial_pitch_360,3.53474373641914e-01,2.26146542588670e-01,0.000000000000000,14,NA,data/phylogeny/P01_Trees/candidate_interval_157_3_223.tre,existing_file,Imported from phylogeny workflow outputs.,15,TRUE,TRUE,190.25619610700,1718.56691179299992,0,2.26146542588670e-01
main_dataset,interval_157_3_223_calibration,start_end_dist,fit_radius,tree_variant,NA,fit_radius,3.32326237619997e-01,5.42510542183829e-01,0.000000000000000,14,NA,data/phylogeny/P01_Trees/candidate_interval_157_3_223.tre,existing_file,Imported from phylogeny workflow outputs.,15,TRUE,TRUE,190.25619610700,1718.56691179299992,0,5.42510542183829e-01
main_dataset,interval_157_3_223_calibration,axial_span,axial_pitch_360,tree_variant,NA,axial_pitch_360,9.69403716586399e-01,4.40444451826050e-05,1.000000000000000,14,NA,data/phylogeny/P01_Trees/candidate_interval_157_3_223.tre,existing_file,Imported from phylogeny workflow outputs.,15,TRUE,TRUE,190.25619610700,1718.56691179299992,0,8.34061910189751e-05
main_dataset,interval_157_3_223_calibration,axial_span,fit_radius,tree_variant,NA,fit_radius,1.36185670322488e+00,1.04422255572678e-02,0.257133132247567,14,NA,data/phylogeny/P01_Trees/candidate_interval_157_3_223.tre,existing_file,Imported from phylogeny workflow outputs.,15,TRUE,TRUE,190.25619610700,1718.56691179299992,0,1.66682091063473e-02
main_dataset,interval_157_3_223_calibration,axial_pitch_360,fit_radius,tree_variant,NA,fit_radius,1.17364597462222e+00,1.30949969976269e-02,0.000000000000000,14,NA,data/phylogeny/P01_Trees/candidate_interval_157_3_223.tre,existing_file,Imported from phylogeny workflow outputs.,15,TRUE,TRUE,190.25619610700,1718.56691179299992,0,1.96424954964404e-02
main_dataset,interval_157_3_223_calibration,PC1,abs_winding_angle_deg,tree_variant,NA,abs_winding_angle_deg,-5.72517439539695e-04,6.81264126835923e-02,1.000000000000000,14,NA,data/phylogeny/P01_Trees/candidate_interval_157_3_223.tre,existing_file,Imported from phylogeny workflow outputs.,15,TRUE,TRUE,190.25619610700,1718.56691179299992,0,8.09137208817031e-02
main_dataset,interval_157_3_223_calibration,PC1,n_turns_abs,tree_variant,NA,n_turns_abs,-2.06106278234290e-01,6.81264126835923e-02,1.000000000000000,14,NA,data/phylogeny/P01_Trees/candidate_interval_157_3_223.tre,existing_file,Imported from phylogeny workflow outputs.,15,TRUE,TRUE,190.25619610700,1718.56691179299992,0,8.09137208817030e-02
main_dataset,interval_157_3_223_calibration,PC1,start_end_dist,tree_variant,NA,start_end_dist,-2.99929878140385e-01,3.63947441420408e-01,1.000000000000000,14,NA,data/phylogeny/P01_Trees/candidate_interval_157_3_223.tre,existing_file,Imported from phylogeny workflow outputs.,15,TRUE,TRUE,190.25619610700,1718.56691179299992,0,3.72430995769113e-01
main_dataset,interval_157_3_223_calibration,PC1,axial_span,tree_variant,NA,axial_span,-7.16838179506415e-01,5.06927306878512e-02,1.000000000000000,14,NA,data/phylogeny/P01_Trees/candidate_interval_157_3_223.tre,existing_file,Imported from phylogeny workflow outputs.,15,TRUE,TRUE,190.25619610700,1718.56691179299992,0,6.05417052814707e-02
main_dataset,interval_157_3_223_calibration,PC1,axial_pitch_360,tree_variant,NA,axial_pitch_360,-5.75946026462908e-01,1.74479561369883e-01,1.000000000000000,14,NA,data/phylogeny/P01_Trees/candidate_interval_157_3_223.tre,existing_file,Imported from phylogeny workflow outputs.,15,TRUE,TRUE,190.25619610700,1718.56691179299992,0,2.50928081100377e-01
main_dataset,interval_157_3_223_calibration,PC1,fit_radius,tree_variant,NA,fit_radius,-2.45073765140501e+00,2.42680019655265e-03,1.000000000000000,14,NA,data/phylogeny/P01_Trees/candidate_interval_157_3_223.tre,existing_file,Imported from phylogeny workflow outputs.,15,TRUE,TRUE,190.25619610700,1718.56691179299992,0,4.87996623676639e-03
main_dataset,interval_157_3_223_calibration,PC2,abs_winding_angle_deg,tree_variant,NA,abs_winding_angle_deg,1.26335138091102e-05,9.66756876133726e-01,1.000000000000000,14,NA,data/phylogeny/P01_Trees/candidate_interval_157_3_223.tre,existing_file,Imported from phylogeny workflow outputs.,15,TRUE,TRUE,190.25619610700,1718.56691179299992,0,9.84394372448375e-01
main_dataset,interval_157_3_223_calibration,PC2,n_turns_abs,tree_variant,NA,n_turns_abs,4.54806497127967e-03,9.66756876133726e-01,1.000000000000000,14,NA,data/phylogeny/P01_Trees/candidate_interval_157_3_223.tre,existing_file,Imported from phylogeny workflow outputs.,15,TRUE,TRUE,190.25619610700,1718.56691179299992,0,9.84394372448375e-01
main_dataset,interval_157_3_223_calibration,PC2,start_end_dist,tree_variant,NA,start_end_dist,2.50513957047692e-02,9.34012943214933e-01,1.000000000000000,14,NA,data/phylogeny/P01_Trees/candidate_interval_157_3_223.tre,existing_file,Imported from phylogeny workflow outputs.,15,TRUE,TRUE,190.25619610700,1718.56691179299992,0,9.50507841866303e-01
main_dataset,interval_157_3_223_calibration,PC2,axial_span,tree_variant,NA,axial_span,6.69930332872741e-02,8.51425141117722e-01,1.000000000000000,14,NA,data/phylogeny/P01_Trees/candidate_interval_157_3_223.tre,existing_file,Imported from phylogeny workflow outputs.,15,TRUE,TRUE,190.25619610700,1718.56691179299992,0,9.64685569296379e-01
main_dataset,interval_157_3_223_calibration,PC2,axial_pitch_360,tree_variant,NA,axial_pitch_360,3.37746400034332e-02,9.32205048927294e-01,1.000000000000000,14,NA,data/phylogeny/P01_Trees/candidate_interval_157_3_223.tre,existing_file,Imported from phylogeny workflow outputs.,15,TRUE,TRUE,190.25619610700,1718.56691179299992,0,9.74450361544908e-01
main_dataset,interval_157_3_223_calibration,PC2,fit_radius,tree_variant,NA,fit_radius,1.49762674286692e+00,6.65527468449210e-02,1.000000000000000,14,NA,data/phylogeny/P01_Trees/candidate_interval_157_3_223.tre,existing_file,Imported from phylogeny workflow outputs.,15,TRUE,TRUE,190.25619610700,1718.56691179299992,0,1.53201040962214e-01
main_dataset,interval_157_3_223_calibration,PC3,abs_winding_angle_deg,tree_variant,NA,abs_winding_angle_deg,5.12634446490029e-05,8.13327721703506e-01,0.000000000000000,14,NA,data/phylogeny/P01_Trees/candidate_interval_157_3_223.tre,existing_file,Imported from phylogeny workflow outputs.,15,TRUE,TRUE,190.25619610700,1718.56691179299992,0,8.13327721703506e-01
main_dataset,interval_157_3_223_calibration,PC3,n_turns_abs,tree_variant,NA,n_turns_abs,1.84548400736411e-02,8.13327721703505e-01,0.000000000000000,14,NA,data/phylogeny/P01_Trees/candidate_interval_157_3_223.tre,existing_file,Imported from phylogeny workflow outputs.,15,TRUE,TRUE,190.25619610700,1718.56691179299992,0,8.13327721703505e-01
main_dataset,interval_157_3_223_calibration,PC3,start_end_dist,tree_variant,NA,start_end_dist,1.94037704257456e-01,5.78975816720575e-01,0.000000000000000,14,NA,data/phylogeny/P01_Trees/candidate_interval_157_3_223.tre,existing_file,Imported from phylogeny workflow outputs.,15,TRUE,TRUE,190.25619610700,1718.56691179299992,0,5.78975816720575e-01
main_dataset,interval_157_3_223_calibration,PC3,axial_span,tree_variant,NA,axial_span,6.15511965344912e-01,7.69053673726692e-02,1.000000000000000,14,NA,data/phylogeny/P01_Trees/candidate_interval_157_3_223.tre,existing_file,Imported from phylogeny workflow outputs.,15,TRUE,TRUE,190.25619610700,1718.56691179299992,0,1.62588409154599e-01
main_dataset,interval_157_3_223_calibration,PC3,axial_pitch_360,tree_variant,NA,axial_pitch_360,-1.59966639497537e-01,6.55439578562797e-01,0.000000000000000,14,NA,data/phylogeny/P01_Trees/candidate_interval_157_3_223.tre,existing_file,Imported from phylogeny workflow outputs.,15,TRUE,TRUE,190.25619610700,1718.56691179299992,0,6.55439578562797e-01
main_dataset,interval_157_3_223_calibration,PC3,fit_radius,tree_variant,NA,fit_radius,-3.97244007393194e-01,5.42193805305297e-01,0.000000000000000,14,NA,data/phylogeny/P01_Trees/candidate_interval_157_3_223.tre,existing_file,Imported from phylogeny workflow outputs.,15,TRUE,TRUE,190.25619610700,1718.56691179299992,0,5.42193805305297e-01
main_dataset,interval_157_3_223_calibration,PC4,abs_winding_angle_deg,tree_variant,NA,abs_winding_angle_deg,-2.80670791932717e-04,1.98854260497985e-01,0.923676318787092,14,NA,data/phylogeny/P01_Trees/candidate_interval_157_3_223.tre,existing_file,Imported from phylogeny workflow outputs.,15,TRUE,TRUE,190.25619610700,1718.56691179299992,0,2.86767730505135e-01
main_dataset,interval_157_3_223_calibration,PC4,n_turns_abs,tree_variant,NA,n_turns_abs,-1.01041485096246e-01,1.98854260499117e-01,0.923676318812948,14,NA,data/phylogeny/P01_Trees/candidate_interval_157_3_223.tre,existing_file,Imported from phylogeny workflow outputs.,15,TRUE,TRUE,190.25619610700,1718.56691179299992,0,2.86767730505135e-01
main_dataset,interval_157_3_223_calibration,PC4,start_end_dist,tree_variant,NA,start_end_dist,-3.46141491697719e-01,1.34887888108871e-01,0.830558050538732,14,NA,data/phylogeny/P01_Trees/candidate_interval_157_3_223.tre,existing_file,Imported from phylogeny workflow outputs.,15,TRUE,TRUE,190.25619610700,1718.56691179299992,0,1.65510230268828e-01
main_dataset,interval_157_3_223_calibration,PC4,axial_span,tree_variant,NA,axial_span,-5.23503441168887e-01,3.62808911879330e-02,1.000000000000000,14,NA,data/phylogeny/P01_Trees/candidate_interval_157_3_223.tre,existing_file,Imported from phylogeny workflow outputs.,15,TRUE,TRUE,190.25619610700,1718.56691179299992,0,5.00901968974402e-02
main_dataset,interval_157_3_223_calibration,PC4,axial_pitch_360,tree_variant,NA,axial_pitch_360,-6.36290446159707e-01,1.89278100555715e-02,1.000000000000000,14,NA,data/phylogeny/P01_Trees/candidate_interval_157_3_223.tre,existing_file,Imported from phylogeny workflow outputs.,15,TRUE,TRUE,190.25619610700,1718.56691179299992,0,2.90635764344261e-02
main_dataset,interval_157_3_223_calibration,PC4,fit_radius,tree_variant,NA,fit_radius,-8.32077223951402e-01,1.87300473664758e-01,0.952918094027294,14,NA,data/phylogeny/P01_Trees/candidate_interval_157_3_223.tre,existing_file,Imported from phylogeny workflow outputs.,15,TRUE,TRUE,190.25619610700,1718.56691179299992,0,2.43074010160132e-01
main_dataset,interval_157_3_223_calibration,PC5,abs_winding_angle_deg,tree_variant,NA,abs_winding_angle_deg,-1.00473056765956e-04,2.94343322634805e-01,0.000000000000000,14,NA,data/phylogeny/P01_Trees/candidate_interval_157_3_223.tre,existing_file,Imported from phylogeny workflow outputs.,15,TRUE,TRUE,190.25619610700,1718.56691179299992,0,2.94343322634805e-01
main_dataset,interval_157_3_223_calibration,PC5,n_turns_abs,tree_variant,NA,n_turns_abs,-3.61703004357442e-02,2.94343322634806e-01,0.000000000000000,14,NA,data/phylogeny/P01_Trees/candidate_interval_157_3_223.tre,existing_file,Imported from phylogeny workflow outputs.,15,TRUE,TRUE,190.25619610700,1718.56691179299992,0,2.94343322634806e-01
main_dataset,interval_157_3_223_calibration,PC5,start_end_dist,tree_variant,NA,start_end_dist,-1.87152980271037e-02,9.06232197614004e-01,0.000000000000000,14,NA,data/phylogeny/P01_Trees/candidate_interval_157_3_223.tre,existing_file,Imported from phylogeny workflow outputs.,15,TRUE,TRUE,190.25619610700,1718.56691179299992,0,9.06232197614004e-01
main_dataset,interval_157_3_223_calibration,PC5,axial_span,tree_variant,NA,axial_span,-1.94258084403611e-01,1.60554419488106e-01,0.000000000000000,14,NA,data/phylogeny/P01_Trees/candidate_interval_157_3_223.tre,existing_file,Imported from phylogeny workflow outputs.,15,TRUE,TRUE,190.25619610700,1718.56691179299992,0,2.23505957546674e-01
main_dataset,interval_157_3_223_calibration,PC5,axial_pitch_360,tree_variant,NA,axial_pitch_360,-1.53814492920692e-01,3.34223478261969e-01,0.000000000000000,14,NA,data/phylogeny/P01_Trees/candidate_interval_157_3_223.tre,existing_file,Imported from phylogeny workflow outputs.,15,TRUE,TRUE,190.25619610700,1718.56691179299992,0,4.45788981183297e-01
main_dataset,interval_157_3_223_calibration,PC5,fit_radius,tree_variant,NA,fit_radius,2.02669001659855e-02,9.45521787097248e-01,0.000000000000000,14,NA,data/phylogeny/P01_Trees/candidate_interval_157_3_223.tre,existing_file,Imported from phylogeny workflow outputs.,15,TRUE,TRUE,190.25619610700,1718.56691179299992,0,9.45521787097248e-01
main_dataset,interval_157_3_223_calibration,PC1,centroid_size,tree_variant,NA,centroid_size,-5.23799440464781e-04,2.96817735822250e-01,1.000000000000000,15,NA,data/phylogeny/P01_Trees/candidate_interval_157_3_223.tre,existing_file,Imported from phylogeny workflow outputs.,15,TRUE,TRUE,190.25619610700,1718.56691179299992,0,3.67609725688491e-01
main_dataset,interval_157_3_223_calibration,PC2,centroid_size,tree_variant,NA,centroid_size,-9.68535845575428e-04,2.05874351653648e-02,1.000000000000000,15,NA,data/phylogeny/P01_Trees/candidate_interval_157_3_223.tre,existing_file,Imported from phylogeny workflow outputs.,15,TRUE,TRUE,190.25619610700,1718.56691179299992,0,5.44706739068384e-02
main_dataset,interval_157_3_223_calibration,PC3,centroid_size,tree_variant,NA,centroid_size,-2.88692192196022e-04,4.35250983214173e-01,0.000000000000000,15,NA,data/phylogeny/P01_Trees/candidate_interval_157_3_223.tre,existing_file,Imported from phylogeny workflow outputs.,15,TRUE,TRUE,190.25619610700,1718.56691179299992,0,6.43402515467955e-01
main_dataset,interval_157_3_223_calibration,PC4,centroid_size,tree_variant,NA,centroid_size,-2.83826672581958e-04,4.08064646136605e-01,0.928623563148048,15,NA,data/phylogeny/P01_Trees/candidate_interval_157_3_223.tre,existing_file,Imported from phylogeny workflow outputs.,15,TRUE,TRUE,190.25619610700,1718.56691179299992,0,7.31549360025590e-01
main_dataset,interval_157_3_223_calibration,PC5,centroid_size,tree_variant,NA,centroid_size,-2.77565127176383e-04,1.47887811802473e-01,0.000000000000000,15,NA,data/phylogeny/P01_Trees/candidate_interval_157_3_223.tre,existing_file,Imported from phylogeny workflow outputs.,15,TRUE,TRUE,190.25619610700,1718.56691179299992,0,1.47887811802473e-01
main_dataset,interval_157_3_223_calibration,abs_winding_angle_deg,centroid_size,tree_variant,NA,centroid_size,5.58353137873254e-01,2.22177118251354e-01,1.000000000000000,14,NA,data/phylogeny/P01_Trees/candidate_interval_157_3_223.tre,existing_file,Imported from phylogeny workflow outputs.,15,TRUE,TRUE,190.25619610700,1718.56691179299992,0,2.29025088645026e-01
main_dataset,interval_157_3_223_calibration,n_turns_abs,centroid_size,tree_variant,NA,centroid_size,1.55098093853682e-03,2.22177118251354e-01,1.000000000000000,14,NA,data/phylogeny/P01_Trees/candidate_interval_157_3_223.tre,existing_file,Imported from phylogeny workflow outputs.,15,TRUE,TRUE,190.25619610700,1718.56691179299992,0,2.29025088645026e-01
main_dataset,interval_157_3_223_calibration,start_end_dist,centroid_size,tree_variant,NA,centroid_size,3.00272932671928e-04,3.79439002287201e-01,0.000000000000000,14,NA,data/phylogeny/P01_Trees/candidate_interval_157_3_223.tre,existing_file,Imported from phylogeny workflow outputs.,15,TRUE,TRUE,190.25619610700,1718.56691179299992,0,5.69158503430801e-01
main_dataset,interval_157_3_223_calibration,axial_span,centroid_size,tree_variant,NA,centroid_size,6.02454802607505e-04,1.11280255445911e-01,0.879464177578696,14,NA,data/phylogeny/P01_Trees/candidate_interval_157_3_223.tre,existing_file,Imported from phylogeny workflow outputs.,15,TRUE,TRUE,190.25619610700,1718.56691179299992,0,1.11653715106478e-01
main_dataset,interval_157_3_223_calibration,axial_pitch_360,centroid_size,tree_variant,NA,centroid_size,6.06011111607170e-04,7.17173926177243e-02,1.000000000000000,14,NA,data/phylogeny/P01_Trees/candidate_interval_157_3_223.tre,existing_file,Imported from phylogeny workflow outputs.,15,TRUE,TRUE,190.25619610700,1718.56691179299992,0,7.85243986804377e-02
main_dataset,interval_157_3_223_calibration,fit_radius,centroid_size,tree_variant,NA,centroid_size,1.34303735544024e-05,9.34432791729003e-01,1.000000000000000,14,NA,data/phylogeny/P01_Trees/candidate_interval_157_3_223.tre,existing_file,Imported from phylogeny workflow outputs.,15,TRUE,TRUE,190.25619610700,1718.56691179299992,0,9.91539891225603e-01
main_dataset,grafen_power_0_5,abs_winding_angle_deg,n_turns_abs,tree_variant,NA,NA,NA,NA,NA,NA,"No valid PGLS fit for lambda in [0, 1].",generated_in_script,generated_branch_lengths,Grafen branch lengths with power = 0.5,15,TRUE,TRUE,1.00000000000,9.70904046266321,0,NA
main_dataset,grafen_power_0_5,abs_winding_angle_deg,start_end_dist,tree_variant,NA,start_end_dist,6.00244483556655e+02,1.91497306246363e-02,1.000000000000000,14,NA,generated_in_script,generated_branch_lengths,Grafen branch lengths with power = 0.5,15,TRUE,TRUE,1.00000000000,9.70904046266321,0,5.74491918739088e-02
main_dataset,grafen_power_0_5,abs_winding_angle_deg,axial_span,tree_variant,NA,axial_span,9.53697195208550e+02,5.24994195791120e-04,1.000000000000000,14,NA,generated_in_script,generated_branch_lengths,Grafen branch lengths with power = 0.5,15,TRUE,TRUE,1.00000000000,9.70904046266321,0,2.14074593297885e-03
main_dataset,grafen_power_0_5,abs_winding_angle_deg,axial_pitch_360,tree_variant,NA,axial_pitch_360,6.83608479187368e+02,7.10187772589613e-02,1.000000000000000,14,NA,generated_in_script,generated_branch_lengths,Grafen branch lengths with power = 0.5,15,TRUE,TRUE,1.00000000000,9.70904046266321,0,1.54535527917392e-01
main_dataset,grafen_power_0_5,abs_winding_angle_deg,fit_radius,tree_variant,NA,fit_radius,1.27397078820973e+03,1.42124974314464e-01,0.879443900198703,14,NA,generated_in_script,generated_branch_lengths,Grafen branch lengths with power = 0.5,15,TRUE,TRUE,1.00000000000,9.70904046266321,0,1.66610138650948e-01
main_dataset,grafen_power_0_5,n_turns_abs,start_end_dist,tree_variant,NA,start_end_dist,1.66734578765738e+00,1.91497306246362e-02,1.000000000000000,14,NA,generated_in_script,generated_branch_lengths,Grafen branch lengths with power = 0.5,15,TRUE,TRUE,1.00000000000,9.70904046266321,0,5.74491918739086e-02
main_dataset,grafen_power_0_5,n_turns_abs,axial_span,tree_variant,NA,axial_span,2.64915887557931e+00,5.24994195791120e-04,1.000000000000000,14,NA,generated_in_script,generated_branch_lengths,Grafen branch lengths with power = 0.5,15,TRUE,TRUE,1.00000000000,9.70904046266321,0,2.14074593297885e-03
main_dataset,grafen_power_0_5,n_turns_abs,axial_pitch_360,tree_variant,NA,axial_pitch_360,1.89891244218714e+00,7.10187772589614e-02,1.000000000000000,14,NA,generated_in_script,generated_branch_lengths,Grafen branch lengths with power = 0.5,15,TRUE,TRUE,1.00000000000,9.70904046266321,0,1.54535527917392e-01
main_dataset,grafen_power_0_5,n_turns_abs,fit_radius,tree_variant,NA,fit_radius,3.53880775053322e+00,1.42124968018288e-01,0.879443853806650,14,NA,generated_in_script,generated_branch_lengths,Grafen branch lengths with power = 0.5,15,TRUE,TRUE,1.00000000000,9.70904046266321,0,1.66610138650948e-01
main_dataset,grafen_power_0_5,start_end_dist,axial_span,tree_variant,NA,axial_span,3.95242133513769e-01,1.20167638238216e-01,0.000000000000000,14,NA,generated_in_script,generated_branch_lengths,Grafen branch lengths with power = 0.5,15,TRUE,TRUE,1.00000000000,9.70904046266321,0,1.20167638238216e-01
main_dataset,grafen_power_0_5,start_end_dist,axial_pitch_360,tree_variant,NA,axial_pitch_360,3.53474373641914e-01,2.26146542588670e-01,0.000000000000000,14,NA,generated_in_script,generated_branch_lengths,Grafen branch lengths with power = 0.5,15,TRUE,TRUE,1.00000000000,9.70904046266321,0,2.26146542588670e-01
main_dataset,grafen_power_0_5,start_end_dist,fit_radius,tree_variant,NA,fit_radius,3.32326237619997e-01,5.42510542183829e-01,0.000000000000000,14,NA,generated_in_script,generated_branch_lengths,Grafen branch lengths with power = 0.5,15,TRUE,TRUE,1.00000000000,9.70904046266321,0,5.42510542183829e-01
main_dataset,grafen_power_0_5,axial_span,axial_pitch_360,tree_variant,NA,axial_pitch_360,9.89993169566226e-01,5.85051392561636e-05,0.915219291640999,14,NA,generated_in_script,generated_branch_lengths,Grafen branch lengths with power = 0.5,15,TRUE,TRUE,1.00000000000,9.70904046266321,0,8.34061910189751e-05
main_dataset,grafen_power_0_5,axial_span,fit_radius,tree_variant,NA,fit_radius,1.38267883071092e+00,8.30679662249798e-03,0.000000000000000,14,NA,generated_in_script,generated_branch_lengths,Grafen branch lengths with power = 0.5,15,TRUE,TRUE,1.00000000000,9.70904046266321,0,1.66682091063473e-02
main_dataset,grafen_power_0_5,axial_pitch_360,fit_radius,tree_variant,NA,fit_radius,1.17364597462222e+00,1.30949969976269e-02,0.000000000000000,14,NA,generated_in_script,generated_branch_lengths,Grafen branch lengths with power = 0.5,15,TRUE,TRUE,1.00000000000,9.70904046266321,0,1.96424954964404e-02
main_dataset,grafen_power_0_5,PC1,abs_winding_angle_deg,tree_variant,NA,abs_winding_angle_deg,-5.33593663369737e-04,5.78089850346384e-02,1.000000000000000,14,NA,generated_in_script,generated_branch_lengths,Grafen branch lengths with power = 0.5,15,TRUE,TRUE,1.00000000000,9.70904046266321,0,8.09137208817031e-02
main_dataset,grafen_power_0_5,PC1,n_turns_abs,tree_variant,NA,n_turns_abs,-1.92093718813105e-01,5.78089850346385e-02,1.000000000000000,14,NA,generated_in_script,generated_branch_lengths,Grafen branch lengths with power = 0.5,15,TRUE,TRUE,1.00000000000,9.70904046266321,0,8.09137208817030e-02
main_dataset,grafen_power_0_5,PC1,start_end_dist,tree_variant,NA,start_end_dist,-2.90705498041204e-01,3.15776164756834e-01,1.000000000000000,14,NA,generated_in_script,generated_branch_lengths,Grafen branch lengths with power = 0.5,15,TRUE,TRUE,1.00000000000,9.70904046266321,0,3.72430995769113e-01
main_dataset,grafen_power_0_5,PC1,axial_span,tree_variant,NA,axial_span,-6.48472817809474e-01,5.08247447477305e-02,1.000000000000000,14,NA,generated_in_script,generated_branch_lengths,Grafen branch lengths with power = 0.5,15,TRUE,TRUE,1.00000000000,9.70904046266321,0,6.05417052814707e-02
main_dataset,grafen_power_0_5,PC1,axial_pitch_360,tree_variant,NA,axial_pitch_360,-5.47374923572650e-01,1.73093739793612e-01,1.000000000000000,14,NA,generated_in_script,generated_branch_lengths,Grafen branch lengths with power = 0.5,15,TRUE,TRUE,1.00000000000,9.70904046266321,0,2.50928081100377e-01
main_dataset,grafen_power_0_5,PC1,fit_radius,tree_variant,NA,fit_radius,-2.36311529703140e+00,4.30017162688988e-03,1.000000000000000,14,NA,generated_in_script,generated_branch_lengths,Grafen branch lengths with power = 0.5,15,TRUE,TRUE,1.00000000000,9.70904046266321,0,5.37521453361235e-03
main_dataset,grafen_power_0_5,PC2,abs_winding_angle_deg,tree_variant,NA,abs_winding_angle_deg,-1.80531691313681e-05,9.48493757211388e-01,1.000000000000000,14,NA,generated_in_script,generated_branch_lengths,Grafen branch lengths with power = 0.5,15,TRUE,TRUE,1.00000000000,9.70904046266321,0,9.84394372448375e-01
main_dataset,grafen_power_0_5,PC2,n_turns_abs,tree_variant,NA,n_turns_abs,-6.49914088729246e-03,9.48493757211389e-01,1.000000000000000,14,NA,generated_in_script,generated_branch_lengths,Grafen branch lengths with power = 0.5,15,TRUE,TRUE,1.00000000000,9.70904046266321,0,9.84394372448375e-01
main_dataset,grafen_power_0_5,PC2,start_end_dist,tree_variant,NA,start_end_dist,2.14821598352923e-02,9.37183442422593e-01,1.000000000000000,14,NA,generated_in_script,generated_branch_lengths,Grafen branch lengths with power = 0.5,15,TRUE,TRUE,1.00000000000,9.70904046266321,0,9.50507841866303e-01
main_dataset,grafen_power_0_5,PC2,axial_span,tree_variant,NA,axial_span,8.50893246824008e-02,7.97096015364178e-01,1.000000000000000,14,NA,generated_in_script,generated_branch_lengths,Grafen branch lengths with power = 0.5,15,TRUE,TRUE,1.00000000000,9.70904046266321,0,9.64685569296379e-01
main_dataset,grafen_power_0_5,PC2,axial_pitch_360,tree_variant,NA,axial_pitch_360,7.21542529246244e-02,8.51195176545761e-01,1.000000000000000,14,NA,generated_in_script,generated_branch_lengths,Grafen branch lengths with power = 0.5,15,TRUE,TRUE,1.00000000000,9.70904046266321,0,9.74450361544908e-01
main_dataset,grafen_power_0_5,PC2,fit_radius,tree_variant,NA,fit_radius,1.54169564572164e+00,6.58060731856485e-02,1.000000000000000,14,NA,generated_in_script,generated_branch_lengths,Grafen branch lengths with power = 0.5,15,TRUE,TRUE,1.00000000000,9.70904046266321,0,1.53201040962214e-01
main_dataset,grafen_power_0_5,PC3,abs_winding_angle_deg,tree_variant,NA,abs_winding_angle_deg,5.12634446490029e-05,8.13327721703506e-01,0.000000000000000,14,NA,generated_in_script,generated_branch_lengths,Grafen branch lengths with power = 0.5,15,TRUE,TRUE,1.00000000000,9.70904046266321,0,8.13327721703506e-01
main_dataset,grafen_power_0_5,PC3,n_turns_abs,tree_variant,NA,n_turns_abs,1.84548400736411e-02,8.13327721703505e-01,0.000000000000000,14,NA,generated_in_script,generated_branch_lengths,Grafen branch lengths with power = 0.5,15,TRUE,TRUE,1.00000000000,9.70904046266321,0,8.13327721703505e-01
main_dataset,grafen_power_0_5,PC3,start_end_dist,tree_variant,NA,start_end_dist,1.94037704257456e-01,5.78975816720575e-01,0.000000000000000,14,NA,generated_in_script,generated_branch_lengths,Grafen branch lengths with power = 0.5,15,TRUE,TRUE,1.00000000000,9.70904046266321,0,5.78975816720575e-01
main_dataset,grafen_power_0_5,PC3,axial_span,tree_variant,NA,axial_span,1.36664901866602e-01,6.68020226465548e-01,0.000000000000000,14,NA,generated_in_script,generated_branch_lengths,Grafen branch lengths with power = 0.5,15,TRUE,TRUE,1.00000000000,9.70904046266321,0,7.15735956927372e-01
main_dataset,grafen_power_0_5,PC3,axial_pitch_360,tree_variant,NA,axial_pitch_360,-1.59966639497537e-01,6.55439578562797e-01,0.000000000000000,14,NA,generated_in_script,generated_branch_lengths,Grafen branch lengths with power = 0.5,15,TRUE,TRUE,1.00000000000,9.70904046266321,0,6.55439578562797e-01
main_dataset,grafen_power_0_5,PC3,fit_radius,tree_variant,NA,fit_radius,-3.97244007393194e-01,5.42193805305297e-01,0.000000000000000,14,NA,generated_in_script,generated_branch_lengths,Grafen branch lengths with power = 0.5,15,TRUE,TRUE,1.00000000000,9.70904046266321,0,5.42193805305297e-01
main_dataset,grafen_power_0_5,PC4,abs_winding_angle_deg,tree_variant,NA,abs_winding_angle_deg,-2.97591140289804e-04,1.35689984685602e-01,1.000000000000000,14,NA,generated_in_script,generated_branch_lengths,Grafen branch lengths with power = 0.5,15,TRUE,TRUE,1.00000000000,9.70904046266321,0,2.86767730505135e-01
main_dataset,grafen_power_0_5,PC4,n_turns_abs,tree_variant,NA,n_turns_abs,-1.07132810504329e-01,1.35689984685602e-01,1.000000000000000,14,NA,generated_in_script,generated_branch_lengths,Grafen branch lengths with power = 0.5,15,TRUE,TRUE,1.00000000000,9.70904046266321,0,2.86767730505135e-01
main_dataset,grafen_power_0_5,PC4,start_end_dist,tree_variant,NA,start_end_dist,-3.22108182300899e-01,9.37100509282760e-02,1.000000000000000,14,NA,generated_in_script,generated_branch_lengths,Grafen branch lengths with power = 0.5,15,TRUE,TRUE,1.00000000000,9.70904046266321,0,1.65510230268828e-01
main_dataset,grafen_power_0_5,PC4,axial_span,tree_variant,NA,axial_span,-4.76129170821356e-01,3.50242170899824e-02,1.000000000000000,14,NA,generated_in_script,generated_branch_lengths,Grafen branch lengths with power = 0.5,15,TRUE,TRUE,1.00000000000,9.70904046266321,0,5.00901968974402e-02
main_dataset,grafen_power_0_5,PC4,axial_pitch_360,tree_variant,NA,axial_pitch_360,-6.00771703467009e-01,1.93757176229507e-02,1.000000000000000,14,NA,generated_in_script,generated_branch_lengths,Grafen branch lengths with power = 0.5,15,TRUE,TRUE,1.00000000000,9.70904046266321,0,2.90635764344261e-02
main_dataset,grafen_power_0_5,PC4,fit_radius,tree_variant,NA,fit_radius,-8.27827811258113e-01,2.02834421123135e-01,0.996052591554394,14,NA,generated_in_script,generated_branch_lengths,Grafen branch lengths with power = 0.5,15,TRUE,TRUE,1.00000000000,9.70904046266321,0,2.43074010160132e-01
main_dataset,grafen_power_0_5,PC5,abs_winding_angle_deg,tree_variant,NA,abs_winding_angle_deg,-1.00473056765956e-04,2.94343322634805e-01,0.000000000000000,14,NA,generated_in_script,generated_branch_lengths,Grafen branch lengths with power = 0.5,15,TRUE,TRUE,1.00000000000,9.70904046266321,0,2.94343322634805e-01
main_dataset,grafen_power_0_5,PC5,n_turns_abs,tree_variant,NA,n_turns_abs,-3.61703004357442e-02,2.94343322634806e-01,0.000000000000000,14,NA,generated_in_script,generated_branch_lengths,Grafen branch lengths with power = 0.5,15,TRUE,TRUE,1.00000000000,9.70904046266321,0,2.94343322634806e-01
main_dataset,grafen_power_0_5,PC5,start_end_dist,tree_variant,NA,start_end_dist,-1.87152980271037e-02,9.06232197614004e-01,0.000000000000000,14,NA,generated_in_script,generated_branch_lengths,Grafen branch lengths with power = 0.5,15,TRUE,TRUE,1.00000000000,9.70904046266321,0,9.06232197614004e-01
main_dataset,grafen_power_0_5,PC5,axial_span,tree_variant,NA,axial_span,-1.94258084403611e-01,1.60554419488106e-01,0.000000000000000,14,NA,generated_in_script,generated_branch_lengths,Grafen branch lengths with power = 0.5,15,TRUE,TRUE,1.00000000000,9.70904046266321,0,2.23505957546674e-01
main_dataset,grafen_power_0_5,PC5,axial_pitch_360,tree_variant,NA,axial_pitch_360,-1.53814492920692e-01,3.34223478261969e-01,0.000000000000000,14,NA,generated_in_script,generated_branch_lengths,Grafen branch lengths with power = 0.5,15,TRUE,TRUE,1.00000000000,9.70904046266321,0,4.45788981183297e-01
main_dataset,grafen_power_0_5,PC5,fit_radius,tree_variant,NA,fit_radius,2.02669001659855e-02,9.45521787097248e-01,0.000000000000000,14,NA,generated_in_script,generated_branch_lengths,Grafen branch lengths with power = 0.5,15,TRUE,TRUE,1.00000000000,9.70904046266321,0,9.45521787097248e-01
main_dataset,grafen_power_0_5,PC1,centroid_size,tree_variant,NA,centroid_size,-5.07909506128344e-04,2.89138216279353e-01,1.000000000000000,15,NA,generated_in_script,generated_branch_lengths,Grafen branch lengths with power = 0.5,15,TRUE,TRUE,1.00000000000,9.70904046266321,0,3.67609725688491e-01
main_dataset,grafen_power_0_5,PC2,centroid_size,tree_variant,NA,centroid_size,-9.12142222190867e-04,2.66500330715009e-02,1.000000000000000,15,NA,generated_in_script,generated_branch_lengths,Grafen branch lengths with power = 0.5,15,TRUE,TRUE,1.00000000000,9.70904046266321,0,5.71072137246449e-02
main_dataset,grafen_power_0_5,PC3,centroid_size,tree_variant,NA,centroid_size,-2.88692192196022e-04,4.35250983214173e-01,0.000000000000000,15,NA,generated_in_script,generated_branch_lengths,Grafen branch lengths with power = 0.5,15,TRUE,TRUE,1.00000000000,9.70904046266321,0,6.43402515467955e-01
main_dataset,grafen_power_0_5,PC4,centroid_size,tree_variant,NA,centroid_size,-2.29359924334461e-04,4.87699573350393e-01,0.984817294885962,15,NA,generated_in_script,generated_branch_lengths,Grafen branch lengths with power = 0.5,15,TRUE,TRUE,1.00000000000,9.70904046266321,0,7.31549360025590e-01
main_dataset,grafen_power_0_5,PC5,centroid_size,tree_variant,NA,centroid_size,-2.77565127176383e-04,1.47887811802473e-01,0.000000000000000,15,NA,generated_in_script,generated_branch_lengths,Grafen branch lengths with power = 0.5,15,TRUE,TRUE,1.00000000000,9.70904046266321,0,1.47887811802473e-01
main_dataset,grafen_power_0_5,abs_winding_angle_deg,centroid_size,tree_variant,NA,centroid_size,7.99420364432092e-01,9.81933899595599e-02,0.733732086124485,14,NA,generated_in_script,generated_branch_lengths,Grafen branch lengths with power = 0.5,15,TRUE,TRUE,1.00000000000,9.70904046266321,0,2.29025088645026e-01
main_dataset,grafen_power_0_5,n_turns_abs,centroid_size,tree_variant,NA,centroid_size,2.22061206192275e-03,9.81933986421052e-02,0.733732130430810,14,NA,generated_in_script,generated_branch_lengths,Grafen branch lengths with power = 0.5,15,TRUE,TRUE,1.00000000000,9.70904046266321,0,2.29025088645026e-01
main_dataset,grafen_power_0_5,start_end_dist,centroid_size,tree_variant,NA,centroid_size,3.00272932671928e-04,3.79439002287201e-01,0.000000000000000,14,NA,generated_in_script,generated_branch_lengths,Grafen branch lengths with power = 0.5,15,TRUE,TRUE,1.00000000000,9.70904046266321,0,5.69158503430801e-01
main_dataset,grafen_power_0_5,axial_span,centroid_size,tree_variant,NA,centroid_size,6.68040968758398e-04,5.94518708989673e-02,0.000000000000000,14,NA,generated_in_script,generated_branch_lengths,Grafen branch lengths with power = 0.5,15,TRUE,TRUE,1.00000000000,9.70904046266321,0,9.90864514982789e-02
main_dataset,grafen_power_0_5,axial_pitch_360,centroid_size,tree_variant,NA,centroid_size,6.34249485908918e-04,5.94026039567889e-02,1.000000000000000,14,NA,generated_in_script,generated_branch_lengths,Grafen branch lengths with power = 0.5,15,TRUE,TRUE,1.00000000000,9.70904046266321,0,7.85243986804377e-02
main_dataset,grafen_power_0_5,fit_radius,centroid_size,tree_variant,NA,centroid_size,-8.40290900941253e-06,9.56786326723471e-01,1.000000000000000,14,NA,generated_in_script,generated_branch_lengths,Grafen branch lengths with power = 0.5,15,TRUE,TRUE,1.00000000000,9.70904046266321,0,9.91539891225603e-01
main_dataset,grafen_power_2,abs_winding_angle_deg,n_turns_abs,tree_variant,NA,NA,NA,NA,NA,NA,"No valid PGLS fit for lambda in [0, 1].",generated_in_script,generated_branch_lengths,Grafen branch lengths with power = 2,15,TRUE,TRUE,1.00000000000,5.63775510204082,0,NA
main_dataset,grafen_power_2,abs_winding_angle_deg,start_end_dist,tree_variant,NA,start_end_dist,6.50645392569246e+02,2.35911142495703e-06,0.985007338472029,14,NA,generated_in_script,generated_branch_lengths,Grafen branch lengths with power = 2,15,TRUE,TRUE,1.00000000000,5.63775510204082,0,3.53866713743554e-05
main_dataset,grafen_power_2,abs_winding_angle_deg,axial_span,tree_variant,NA,axial_span,8.94749075709563e+02,7.56680070057344e-04,0.789956537726167,14,NA,generated_in_script,generated_branch_lengths,Grafen branch lengths with power = 2,15,TRUE,TRUE,1.00000000000,5.63775510204082,0,2.14074593297885e-03
main_dataset,grafen_power_2,abs_winding_angle_deg,axial_pitch_360,tree_variant,NA,axial_pitch_360,6.67988026211873e+02,6.41732974023994e-02,0.816385806169928,14,NA,generated_in_script,generated_branch_lengths,Grafen branch lengths with power = 2,15,TRUE,TRUE,1.00000000000,5.63775510204082,0,1.54535527917392e-01
main_dataset,grafen_power_2,abs_winding_angle_deg,fit_radius,tree_variant,NA,fit_radius,1.24714899528033e+03,1.19006359385113e-01,0.719767527942210,14,NA,generated_in_script,generated_branch_lengths,Grafen branch lengths with power = 2,15,TRUE,TRUE,1.00000000000,5.63775510204082,0,1.66610138650948e-01
main_dataset,grafen_power_2,n_turns_abs,start_end_dist,tree_variant,NA,start_end_dist,1.80734831269232e+00,2.35911142496800e-06,0.985007338472001,14,NA,generated_in_script,generated_branch_lengths,Grafen branch lengths with power = 2,15,TRUE,TRUE,1.00000000000,5.63775510204082,0,3.53866713745199e-05
main_dataset,grafen_power_2,n_turns_abs,axial_span,tree_variant,NA,axial_span,2.48541409925727e+00,7.56680070101371e-04,0.789956537661797,14,NA,generated_in_script,generated_branch_lengths,Grafen branch lengths with power = 2,15,TRUE,TRUE,1.00000000000,5.63775510204082,0,2.14074593297885e-03
main_dataset,grafen_power_2,n_turns_abs,axial_pitch_360,tree_variant,NA,axial_pitch_360,1.85552229503945e+00,6.41732974012594e-02,0.816385806176150,14,NA,generated_in_script,generated_branch_lengths,Grafen branch lengths with power = 2,15,TRUE,TRUE,1.00000000000,5.63775510204082,0,1.54535527917392e-01
main_dataset,grafen_power_2,n_turns_abs,fit_radius,tree_variant,NA,fit_radius,3.46430276472462e+00,1.19006359347564e-01,0.719767527777872,14,NA,generated_in_script,generated_branch_lengths,Grafen branch lengths with power = 2,15,TRUE,TRUE,1.00000000000,5.63775510204082,0,1.66610138650948e-01
main_dataset,grafen_power_2,start_end_dist,axial_span,tree_variant,NA,axial_span,3.95242133513769e-01,1.20167638238216e-01,0.000000000000000,14,NA,generated_in_script,generated_branch_lengths,Grafen branch lengths with power = 2,15,TRUE,TRUE,1.00000000000,5.63775510204082,0,1.20167638238216e-01
main_dataset,grafen_power_2,start_end_dist,axial_pitch_360,tree_variant,NA,axial_pitch_360,3.53474373641914e-01,2.26146542588670e-01,0.000000000000000,14,NA,generated_in_script,generated_branch_lengths,Grafen branch lengths with power = 2,15,TRUE,TRUE,1.00000000000,5.63775510204082,0,2.26146542588670e-01
main_dataset,grafen_power_2,start_end_dist,fit_radius,tree_variant,NA,fit_radius,3.32326237619997e-01,5.42510542183829e-01,0.000000000000000,14,NA,generated_in_script,generated_branch_lengths,Grafen branch lengths with power = 2,15,TRUE,TRUE,1.00000000000,5.63775510204082,0,5.42510542183829e-01
main_dataset,grafen_power_2,axial_span,axial_pitch_360,tree_variant,NA,axial_pitch_360,1.02726125844900e+00,2.82963270624053e-05,0.783676868441909,14,NA,generated_in_script,generated_branch_lengths,Grafen branch lengths with power = 2,15,TRUE,TRUE,1.00000000000,5.63775510204082,0,8.34061910189751e-05
main_dataset,grafen_power_2,axial_span,fit_radius,tree_variant,NA,fit_radius,1.38267883071092e+00,8.30679662249798e-03,0.000000000000000,14,NA,generated_in_script,generated_branch_lengths,Grafen branch lengths with power = 2,15,TRUE,TRUE,1.00000000000,5.63775510204082,0,1.66682091063473e-02
main_dataset,grafen_power_2,axial_pitch_360,fit_radius,tree_variant,NA,fit_radius,1.17364597462222e+00,1.30949969976269e-02,0.000000000000000,14,NA,generated_in_script,generated_branch_lengths,Grafen branch lengths with power = 2,15,TRUE,TRUE,1.00000000000,5.63775510204082,0,1.96424954964404e-02
main_dataset,grafen_power_2,PC1,abs_winding_angle_deg,tree_variant,NA,abs_winding_angle_deg,-3.23666369821534e-04,3.46794357591672e-02,0.992720683090542,14,NA,generated_in_script,generated_branch_lengths,Grafen branch lengths with power = 2,15,TRUE,TRUE,1.00000000000,5.63775510204082,0,8.09137208817031e-02
main_dataset,grafen_power_2,PC1,n_turns_abs,tree_variant,NA,n_turns_abs,-1.16519893134025e-01,3.46794357493528e-02,0.992720683093985,14,NA,generated_in_script,generated_branch_lengths,Grafen branch lengths with power = 2,15,TRUE,TRUE,1.00000000000,5.63775510204082,0,8.09137208817030e-02
main_dataset,grafen_power_2,PC1,start_end_dist,tree_variant,NA,start_end_dist,-2.12302586836364e-01,3.37859091258262e-02,0.995700389146826,14,NA,generated_in_script,generated_branch_lengths,Grafen branch lengths with power = 2,15,TRUE,TRUE,1.00000000000,5.63775510204082,0,3.72430995769113e-01
main_dataset,grafen_power_2,PC1,axial_span,tree_variant,NA,axial_span,-3.83802581503553e-01,7.48843400561375e-03,0.994226687536743,14,NA,generated_in_script,generated_branch_lengths,Grafen branch lengths with power = 2,15,TRUE,TRUE,1.00000000000,5.63775510204082,0,6.05417052814707e-02
main_dataset,grafen_power_2,PC1,axial_pitch_360,tree_variant,NA,axial_pitch_360,-5.46244048489201e-01,3.35310210795498e-03,0.997282363577942,14,NA,generated_in_script,generated_branch_lengths,Grafen branch lengths with power = 2,15,TRUE,TRUE,1.00000000000,5.63775510204082,0,5.02965316193248e-02
main_dataset,grafen_power_2,PC1,fit_radius,tree_variant,NA,fit_radius,-2.45916838973832e+00,3.83387599162839e-03,0.927877189828310,14,NA,generated_in_script,generated_branch_lengths,Grafen branch lengths with power = 2,15,TRUE,TRUE,1.00000000000,5.63775510204082,0,5.22801271585689e-03
main_dataset,grafen_power_2,PC2,abs_winding_angle_deg,tree_variant,NA,abs_winding_angle_deg,1.38821547958327e-04,2.38625188250614e-01,0.995296686831629,14,NA,generated_in_script,generated_branch_lengths,Grafen branch lengths with power = 2,15,TRUE,TRUE,1.00000000000,5.63775510204082,0,9.84394372448375e-01
main_dataset,grafen_power_2,PC2,n_turns_abs,tree_variant,NA,n_turns_abs,4.99757572655007e-02,2.38625188273761e-01,0.995296686829526,14,NA,generated_in_script,generated_branch_lengths,Grafen branch lengths with power = 2,15,TRUE,TRUE,1.00000000000,5.63775510204082,0,9.84394372448375e-01
main_dataset,grafen_power_2,PC2,start_end_dist,tree_variant,NA,start_end_dist,8.25808812132581e-02,3.15494861965708e-01,0.995233883438844,14,NA,generated_in_script,generated_branch_lengths,Grafen branch lengths with power = 2,15,TRUE,TRUE,1.00000000000,5.63775510204082,0,9.50507841866303e-01
main_dataset,grafen_power_2,PC2,axial_span,tree_variant,NA,axial_span,4.61643725573816e-02,7.32122841202832e-01,0.991364724909510,14,NA,generated_in_script,generated_branch_lengths,Grafen branch lengths with power = 2,15,TRUE,TRUE,1.00000000000,5.63775510204082,0,9.64685569296379e-01
main_dataset,grafen_power_2,PC2,axial_pitch_360,tree_variant,NA,axial_pitch_360,1.90881323140047e-02,9.20384059409387e-01,0.990691078247571,14,NA,generated_in_script,generated_branch_lengths,Grafen branch lengths with power = 2,15,TRUE,TRUE,1.00000000000,5.63775510204082,0,9.74450361544908e-01
main_dataset,grafen_power_2,PC2,fit_radius,tree_variant,NA,fit_radius,1.14784027152470e+00,1.68037029242939e-01,0.974921085637630,14,NA,generated_in_script,generated_branch_lengths,Grafen branch lengths with power = 2,15,TRUE,TRUE,1.00000000000,5.63775510204082,0,1.80039674188863e-01
main_dataset,grafen_power_2,PC3,abs_winding_angle_deg,tree_variant,NA,abs_winding_angle_deg,5.12634446490029e-05,8.13327721703506e-01,0.000000000000000,14,NA,generated_in_script,generated_branch_lengths,Grafen branch lengths with power = 2,15,TRUE,TRUE,1.00000000000,5.63775510204082,0,8.13327721703506e-01
main_dataset,grafen_power_2,PC3,n_turns_abs,tree_variant,NA,n_turns_abs,1.84548400736411e-02,8.13327721703505e-01,0.000000000000000,14,NA,generated_in_script,generated_branch_lengths,Grafen branch lengths with power = 2,15,TRUE,TRUE,1.00000000000,5.63775510204082,0,8.13327721703505e-01
main_dataset,grafen_power_2,PC3,start_end_dist,tree_variant,NA,start_end_dist,1.94037704257456e-01,5.78975816720575e-01,0.000000000000000,14,NA,generated_in_script,generated_branch_lengths,Grafen branch lengths with power = 2,15,TRUE,TRUE,1.00000000000,5.63775510204082,0,5.78975816720575e-01
main_dataset,grafen_power_2,PC3,axial_span,tree_variant,NA,axial_span,1.23784661592967e+00,5.02625208735958e-07,0.991767004883602,14,NA,generated_in_script,generated_branch_lengths,Grafen branch lengths with power = 2,15,TRUE,TRUE,1.00000000000,5.63775510204082,0,7.53937813103937e-06
main_dataset,grafen_power_2,PC3,axial_pitch_360,tree_variant,NA,axial_pitch_360,-1.59966639497537e-01,6.55439578562797e-01,0.000000000000000,14,NA,generated_in_script,generated_branch_lengths,Grafen branch lengths with power = 2,15,TRUE,TRUE,1.00000000000,5.63775510204082,0,6.55439578562797e-01
main_dataset,grafen_power_2,PC3,fit_radius,tree_variant,NA,fit_radius,-3.97244007393194e-01,5.42193805305297e-01,0.000000000000000,14,NA,generated_in_script,generated_branch_lengths,Grafen branch lengths with power = 2,15,TRUE,TRUE,1.00000000000,5.63775510204082,0,5.42193805305297e-01
main_dataset,grafen_power_2,PC4,abs_winding_angle_deg,tree_variant,NA,abs_winding_angle_deg,-3.80583489936387e-04,6.67109455903383e-02,0.931745714384641,14,NA,generated_in_script,generated_branch_lengths,Grafen branch lengths with power = 2,15,TRUE,TRUE,1.00000000000,5.63775510204082,0,2.60189212921098e-01
main_dataset,grafen_power_2,PC4,n_turns_abs,tree_variant,NA,n_turns_abs,-1.37010056382187e-01,6.67109455567295e-02,0.931745714428632,14,NA,generated_in_script,generated_branch_lengths,Grafen branch lengths with power = 2,15,TRUE,TRUE,1.00000000000,5.63775510204082,0,2.60189212920981e-01
main_dataset,grafen_power_2,PC4,start_end_dist,tree_variant,NA,start_end_dist,-3.34525897317120e-01,5.85885906507211e-02,0.881468429026810,14,NA,generated_in_script,generated_branch_lengths,Grafen branch lengths with power = 2,15,TRUE,TRUE,1.00000000000,5.63775510204082,0,1.65510230268828e-01
main_dataset,grafen_power_2,PC4,axial_span,tree_variant,NA,axial_span,-4.77326481691431e-01,7.66199575452831e-03,0.971435377004696,14,NA,generated_in_script,generated_branch_lengths,Grafen branch lengths with power = 2,15,TRUE,TRUE,1.00000000000,5.63775510204082,0,3.14284824071452e-02
main_dataset,grafen_power_2,PC4,axial_pitch_360,tree_variant,NA,axial_pitch_360,-5.49955911441410e-01,3.99351004813817e-02,0.000000000000000,14,NA,generated_in_script,generated_branch_lengths,Grafen branch lengths with power = 2,15,TRUE,TRUE,1.00000000000,5.63775510204082,0,4.13472766316046e-02
main_dataset,grafen_power_2,PC4,fit_radius,tree_variant,NA,fit_radius,-5.87084128293556e-01,2.58553908375819e-01,0.000000000000000,14,NA,generated_in_script,generated_branch_lengths,Grafen branch lengths with power = 2,15,TRUE,TRUE,1.00000000000,5.63775510204082,0,2.58553908375819e-01
main_dataset,grafen_power_2,PC5,abs_winding_angle_deg,tree_variant,NA,abs_winding_angle_deg,-1.00473056765956e-04,2.94343322634805e-01,0.000000000000000,14,NA,generated_in_script,generated_branch_lengths,Grafen branch lengths with power = 2,15,TRUE,TRUE,1.00000000000,5.63775510204082,0,2.94343322634805e-01
main_dataset,grafen_power_2,PC5,n_turns_abs,tree_variant,NA,n_turns_abs,-3.61703004357442e-02,2.94343322634806e-01,0.000000000000000,14,NA,generated_in_script,generated_branch_lengths,Grafen branch lengths with power = 2,15,TRUE,TRUE,1.00000000000,5.63775510204082,0,2.94343322634806e-01
main_dataset,grafen_power_2,PC5,start_end_dist,tree_variant,NA,start_end_dist,-1.87152980271037e-02,9.06232197614004e-01,0.000000000000000,14,NA,generated_in_script,generated_branch_lengths,Grafen branch lengths with power = 2,15,TRUE,TRUE,1.00000000000,5.63775510204082,0,9.06232197614004e-01
main_dataset,grafen_power_2,PC5,axial_span,tree_variant,NA,axial_span,-1.94258084403611e-01,1.60554419488106e-01,0.000000000000000,14,NA,generated_in_script,generated_branch_lengths,Grafen branch lengths with power = 2,15,TRUE,TRUE,1.00000000000,5.63775510204082,0,2.23505957546674e-01
main_dataset,grafen_power_2,PC5,axial_pitch_360,tree_variant,NA,axial_pitch_360,-1.53814492920692e-01,3.34223478261969e-01,0.000000000000000,14,NA,generated_in_script,generated_branch_lengths,Grafen branch lengths with power = 2,15,TRUE,TRUE,1.00000000000,5.63775510204082,0,4.45788981183297e-01
main_dataset,grafen_power_2,PC5,fit_radius,tree_variant,NA,fit_radius,2.02669001659855e-02,9.45521787097248e-01,0.000000000000000,14,NA,generated_in_script,generated_branch_lengths,Grafen branch lengths with power = 2,15,TRUE,TRUE,1.00000000000,5.63775510204082,0,9.45521787097248e-01
main_dataset,grafen_power_2,PC1,centroid_size,tree_variant,NA,centroid_size,-5.51957160787174e-04,3.16058219175081e-02,0.990947756123290,15,NA,generated_in_script,generated_branch_lengths,Grafen branch lengths with power = 2,15,TRUE,TRUE,1.00000000000,5.63775510204082,0,3.67609725688491e-01
main_dataset,grafen_power_2,PC2,centroid_size,tree_variant,NA,centroid_size,-2.51942234551080e-04,3.44346203162654e-01,0.972841044232827,15,NA,generated_in_script,generated_branch_lengths,Grafen branch lengths with power = 2,15,TRUE,TRUE,1.00000000000,5.63775510204082,0,3.44346203162654e-01
main_dataset,grafen_power_2,PC3,centroid_size,tree_variant,NA,centroid_size,-2.88692192196022e-04,4.35250983214173e-01,0.000000000000000,15,NA,generated_in_script,generated_branch_lengths,Grafen branch lengths with power = 2,15,TRUE,TRUE,1.00000000000,5.63775510204082,0,6.43402515467955e-01
main_dataset,grafen_power_2,PC4,centroid_size,tree_variant,NA,centroid_size,-5.52718422230536e-05,8.55116312866358e-01,0.000000000000000,15,NA,generated_in_script,generated_branch_lengths,Grafen branch lengths with power = 2,15,TRUE,TRUE,1.00000000000,5.63775510204082,0,8.71994498873690e-01
main_dataset,grafen_power_2,PC5,centroid_size,tree_variant,NA,centroid_size,-2.77565127176383e-04,1.47887811802473e-01,0.000000000000000,15,NA,generated_in_script,generated_branch_lengths,Grafen branch lengths with power = 2,15,TRUE,TRUE,1.00000000000,5.63775510204082,0,1.47887811802473e-01
main_dataset,grafen_power_2,abs_winding_angle_deg,centroid_size,tree_variant,NA,centroid_size,5.86892427572015e-01,2.20114196026955e-01,0.684358942266535,14,NA,generated_in_script,generated_branch_lengths,Grafen branch lengths with power = 2,15,TRUE,TRUE,1.00000000000,5.63775510204082,0,2.29025088645026e-01
main_dataset,grafen_power_2,n_turns_abs,centroid_size,tree_variant,NA,centroid_size,1.63025685815066e-03,2.20114166941469e-01,0.684358898740699,14,NA,generated_in_script,generated_branch_lengths,Grafen branch lengths with power = 2,15,TRUE,TRUE,1.00000000000,5.63775510204082,0,2.29025088645026e-01
main_dataset,grafen_power_2,start_end_dist,centroid_size,tree_variant,NA,centroid_size,3.00272932671928e-04,3.79439002287201e-01,0.000000000000000,14,NA,generated_in_script,generated_branch_lengths,Grafen branch lengths with power = 2,15,TRUE,TRUE,1.00000000000,5.63775510204082,0,5.69158503430801e-01
main_dataset,grafen_power_2,axial_span,centroid_size,tree_variant,NA,centroid_size,6.68040968758398e-04,5.94518708989673e-02,0.000000000000000,14,NA,generated_in_script,generated_branch_lengths,Grafen branch lengths with power = 2,15,TRUE,TRUE,1.00000000000,5.63775510204082,0,9.90864514982789e-02
main_dataset,grafen_power_2,axial_pitch_360,centroid_size,tree_variant,NA,centroid_size,6.89177638762348e-04,3.40431788737425e-02,0.855611339247131,14,NA,generated_in_script,generated_branch_lengths,Grafen branch lengths with power = 2,15,TRUE,TRUE,1.00000000000,5.63775510204082,0,7.85243986804377e-02
main_dataset,grafen_power_2,fit_radius,centroid_size,tree_variant,NA,centroid_size,7.82631133094308e-07,9.91539891225603e-01,0.991454016662833,14,NA,generated_in_script,generated_branch_lengths,Grafen branch lengths with power = 2,15,TRUE,TRUE,1.00000000000,5.63775510204082,0,9.91539891225603e-01
