quality_set,tree_id,trait,method,estimate,statistic,p_value,reason,source_path,variant_group,note,n_tips,is_rooted,is_ultrametric,tree_height,total_branch_length,rf_distance_vs_reference
main_dataset,working_tree,PC1,Blomberg_K,1.56880542094668e+00,NA,2.00000000000000e-03,NA,data/phylogeny/P01_Trees/01_primary_tree_grafen.tre,working,Topology-based Grafen primary working tree; branch lengths are not interpreted as divergence times.,15,TRUE,TRUE,1.00000000018,7.50000000015000,0
main_dataset,working_tree,PC1,Pagel_lambda,1.03682927727923e+00,17.080128319590301,1.68901483771774e-04,NA,data/phylogeny/P01_Trees/01_primary_tree_grafen.tre,working,Topology-based Grafen primary working tree; branch lengths are not interpreted as divergence times.,15,TRUE,TRUE,1.00000000018,7.50000000015000,0
main_dataset,working_tree,PC2,Blomberg_K,2.03003555273603e+00,NA,1.00000000000000e-03,NA,data/phylogeny/P01_Trees/01_primary_tree_grafen.tre,working,Topology-based Grafen primary working tree; branch lengths are not interpreted as divergence times.,15,TRUE,TRUE,1.00000000018,7.50000000015000,0
main_dataset,working_tree,PC2,Pagel_lambda,1.05870404131069e+00,19.957119317858073,8.36841243183330e-05,NA,data/phylogeny/P01_Trees/01_primary_tree_grafen.tre,working,Topology-based Grafen primary working tree; branch lengths are not interpreted as divergence times.,15,TRUE,TRUE,1.00000000018,7.50000000015000,0
main_dataset,working_tree,PC3,Blomberg_K,2.35047529811861e-01,NA,5.36000000000000e-01,NA,data/phylogeny/P01_Trees/01_primary_tree_grafen.tre,working,Topology-based Grafen primary working tree; branch lengths are not interpreted as divergence times.,15,TRUE,TRUE,1.00000000018,7.50000000015000,0
main_dataset,working_tree,PC3,Pagel_lambda,7.89532623255345e-05,17.378136901023762,1.00000000000000e+00,NA,data/phylogeny/P01_Trees/01_primary_tree_grafen.tre,working,Topology-based Grafen primary working tree; branch lengths are not interpreted as divergence times.,15,TRUE,TRUE,1.00000000018,7.50000000015000,0
main_dataset,working_tree,PC4,Blomberg_K,5.11441297812224e-01,NA,6.20000000000000e-02,NA,data/phylogeny/P01_Trees/01_primary_tree_grafen.tre,working,Topology-based Grafen primary working tree; branch lengths are not interpreted as divergence times.,15,TRUE,TRUE,1.00000000018,7.50000000015000,0
main_dataset,working_tree,PC4,Pagel_lambda,7.89532623255345e-05,20.562574447950979,1.00000000000000e+00,NA,data/phylogeny/P01_Trees/01_primary_tree_grafen.tre,working,Topology-based Grafen primary working tree; branch lengths are not interpreted as divergence times.,15,TRUE,TRUE,1.00000000018,7.50000000015000,0
main_dataset,working_tree,PC5,Blomberg_K,3.37344764882411e-01,NA,2.75000000000000e-01,NA,data/phylogeny/P01_Trees/01_primary_tree_grafen.tre,working,Topology-based Grafen primary working tree; branch lengths are not interpreted as divergence times.,15,TRUE,TRUE,1.00000000018,7.50000000015000,0
main_dataset,working_tree,PC5,Pagel_lambda,7.89532623255345e-05,26.793147922282071,1.00000000000000e+00,NA,data/phylogeny/P01_Trees/01_primary_tree_grafen.tre,working,Topology-based Grafen primary working tree; branch lengths are not interpreted as divergence times.,15,TRUE,TRUE,1.00000000018,7.50000000015000,0
main_dataset,working_tree,abs_winding_angle_deg,Blomberg_K,8.97961215445744e-01,NA,9.00000000000000e-03,NA,data/phylogeny/P01_Trees/01_primary_tree_grafen.tre,working,Topology-based Grafen primary working tree; branch lengths are not interpreted as divergence times.,15,TRUE,TRUE,1.00000000018,7.50000000015000,0
main_dataset,working_tree,abs_winding_angle_deg,Pagel_lambda,7.72964202735995e-01,-81.881189683150723,1.63887909056173e-02,NA,data/phylogeny/P01_Trees/01_primary_tree_grafen.tre,working,Topology-based Grafen primary working tree; branch lengths are not interpreted as divergence times.,15,TRUE,TRUE,1.00000000018,7.50000000015000,0
main_dataset,working_tree,n_turns_abs,Blomberg_K,8.97961215445744e-01,NA,8.00000000000000e-03,NA,data/phylogeny/P01_Trees/01_primary_tree_grafen.tre,working,Topology-based Grafen primary working tree; branch lengths are not interpreted as divergence times.,15,TRUE,TRUE,1.00000000018,7.50000000015000,0
main_dataset,working_tree,n_turns_abs,Pagel_lambda,7.72964202736459e-01,0.524266757151441,1.63887909056175e-02,NA,data/phylogeny/P01_Trees/01_primary_tree_grafen.tre,working,Topology-based Grafen primary working tree; branch lengths are not interpreted as divergence times.,15,TRUE,TRUE,1.00000000018,7.50000000015000,0
main_dataset,working_tree,start_end_dist,Blomberg_K,1.38707600721761e-01,NA,9.40000000000001e-01,NA,data/phylogeny/P01_Trees/01_primary_tree_grafen.tre,working,Topology-based Grafen primary working tree; branch lengths are not interpreted as divergence times.,15,TRUE,TRUE,1.00000000018,7.50000000015000,0
main_dataset,working_tree,start_end_dist,Pagel_lambda,7.94232222204516e-05,18.697862005220980,1.00000000000000e+00,NA,data/phylogeny/P01_Trees/01_primary_tree_grafen.tre,working,Topology-based Grafen primary working tree; branch lengths are not interpreted as divergence times.,15,TRUE,TRUE,1.00000000018,7.50000000015000,0
main_dataset,working_tree,axial_span,Blomberg_K,3.66959974496020e-01,NA,2.18000000000000e-01,NA,data/phylogeny/P01_Trees/01_primary_tree_grafen.tre,working,Topology-based Grafen primary working tree; branch lengths are not interpreted as divergence times.,15,TRUE,TRUE,1.00000000018,7.50000000015000,0
main_dataset,working_tree,axial_span,Pagel_lambda,4.40575627341465e-01,17.694523917480307,4.13108275879160e-01,NA,data/phylogeny/P01_Trees/01_primary_tree_grafen.tre,working,Topology-based Grafen primary working tree; branch lengths are not interpreted as divergence times.,15,TRUE,TRUE,1.00000000018,7.50000000015000,0
main_dataset,working_tree,axial_pitch_360,Blomberg_K,4.28183316199580e-01,NA,1.48000000000000e-01,NA,data/phylogeny/P01_Trees/01_primary_tree_grafen.tre,working,Topology-based Grafen primary working tree; branch lengths are not interpreted as divergence times.,15,TRUE,TRUE,1.00000000018,7.50000000015000,0
main_dataset,working_tree,axial_pitch_360,Pagel_lambda,6.66208070607669e-01,19.102698954438033,6.71959405134469e-01,NA,data/phylogeny/P01_Trees/01_primary_tree_grafen.tre,working,Topology-based Grafen primary working tree; branch lengths are not interpreted as divergence times.,15,TRUE,TRUE,1.00000000018,7.50000000015000,0
main_dataset,working_tree,fit_radius,Blomberg_K,1.23136252267023e+00,NA,8.00000000000000e-03,NA,data/phylogeny/P01_Trees/01_primary_tree_grafen.tre,working,Topology-based Grafen primary working tree; branch lengths are not interpreted as divergence times.,15,TRUE,TRUE,1.00000000018,7.50000000015000,0
main_dataset,working_tree,fit_radius,Pagel_lambda,1.06103287704981e+00,34.217198355523045,2.30319355754073e-04,NA,data/phylogeny/P01_Trees/01_primary_tree_grafen.tre,working,Topology-based Grafen primary working tree; branch lengths are not interpreted as divergence times.,15,TRUE,TRUE,1.00000000018,7.50000000015000,0
main_dataset,working_tree,centroid_size,Blomberg_K,8.31667225251880e-01,NA,1.30000000000000e-02,NA,data/phylogeny/P01_Trees/01_primary_tree_grafen.tre,working,Topology-based Grafen primary working tree; branch lengths are not interpreted as divergence times.,15,TRUE,TRUE,1.00000000018,7.50000000015000,0
main_dataset,working_tree,centroid_size,Pagel_lambda,6.95490267442632e-01,-80.123281128189475,5.14737562233772e-02,NA,data/phylogeny/P01_Trees/01_primary_tree_grafen.tre,working,Topology-based Grafen primary working tree; branch lengths are not interpreted as divergence times.,15,TRUE,TRUE,1.00000000018,7.50000000015000,0
main_dataset,ml_unrooted,PC1,Blomberg_K,1.54737599251659e+00,NA,1.30000000000000e-02,NA,data/phylogeny/P01_Trees/curc_fig1.treefile,existing_file,Imported from phylogeny workflow outputs.,14,TRUE,FALSE,0.41142785540,2.09131592840000,NA
main_dataset,ml_unrooted,PC1,Pagel_lambda,9.99926686256414e-01,12.300772055984350,7.96374431604318e-03,NA,data/phylogeny/P01_Trees/curc_fig1.treefile,existing_file,Imported from phylogeny workflow outputs.,14,TRUE,FALSE,0.41142785540,2.09131592840000,NA
main_dataset,ml_unrooted,PC2,Blomberg_K,2.34935119508569e+00,NA,1.00000000000000e-03,NA,data/phylogeny/P01_Trees/curc_fig1.treefile,existing_file,Imported from phylogeny workflow outputs.,14,TRUE,FALSE,0.41142785540,2.09131592840000,NA
main_dataset,ml_unrooted,PC2,Pagel_lambda,9.99926686256414e-01,15.557297412369181,8.38044090938824e-04,NA,data/phylogeny/P01_Trees/curc_fig1.treefile,existing_file,Imported from phylogeny workflow outputs.,14,TRUE,FALSE,0.41142785540,2.09131592840000,NA
main_dataset,ml_unrooted,PC3,Blomberg_K,9.92067393783601e-01,NA,7.60000000000001e-02,NA,data/phylogeny/P01_Trees/curc_fig1.treefile,existing_file,Imported from phylogeny workflow outputs.,14,TRUE,FALSE,0.41142785540,2.09131592840000,NA
main_dataset,ml_unrooted,PC3,Pagel_lambda,9.99926686256414e-01,17.025908898772300,3.00397612906460e-01,NA,data/phylogeny/P01_Trees/curc_fig1.treefile,existing_file,Imported from phylogeny workflow outputs.,14,TRUE,FALSE,0.41142785540,2.09131592840000,NA
main_dataset,ml_unrooted,PC4,Blomberg_K,7.48651180330388e-01,NA,2.65000000000000e-01,NA,data/phylogeny/P01_Trees/curc_fig1.treefile,existing_file,Imported from phylogeny workflow outputs.,14,TRUE,FALSE,0.41142785540,2.09131592840000,NA
main_dataset,ml_unrooted,PC4,Pagel_lambda,9.99926686256414e-01,18.119126664731514,5.56873238690724e-01,NA,data/phylogeny/P01_Trees/curc_fig1.treefile,existing_file,Imported from phylogeny workflow outputs.,14,TRUE,FALSE,0.41142785540,2.09131592840000,NA
main_dataset,ml_unrooted,PC5,Blomberg_K,1.12896721123737e+00,NA,4.90000000000000e-02,NA,data/phylogeny/P01_Trees/curc_fig1.treefile,existing_file,Imported from phylogeny workflow outputs.,14,TRUE,FALSE,0.41142785540,2.09131592840000,NA
main_dataset,ml_unrooted,PC5,Pagel_lambda,9.99926686256414e-01,25.089834568890986,5.05654729067363e-02,NA,data/phylogeny/P01_Trees/curc_fig1.treefile,existing_file,Imported from phylogeny workflow outputs.,14,TRUE,FALSE,0.41142785540,2.09131592840000,NA
main_dataset,ml_unrooted,abs_winding_angle_deg,Blomberg_K,2.13954708790489e+00,NA,2.00000000000000e-03,NA,data/phylogeny/P01_Trees/curc_fig1.treefile,existing_file,Imported from phylogeny workflow outputs.,14,TRUE,FALSE,0.41142785540,2.09131592840000,NA
main_dataset,ml_unrooted,abs_winding_angle_deg,Pagel_lambda,9.99926686256414e-01,-76.174701126458984,3.51545862663261e-03,NA,data/phylogeny/P01_Trees/curc_fig1.treefile,existing_file,Imported from phylogeny workflow outputs.,14,TRUE,FALSE,0.41142785540,2.09131592840000,NA
main_dataset,ml_unrooted,n_turns_abs,Blomberg_K,2.13954708790489e+00,NA,3.00000000000000e-03,NA,data/phylogeny/P01_Trees/curc_fig1.treefile,existing_file,Imported from phylogeny workflow outputs.,14,TRUE,FALSE,0.41142785540,2.09131592840000,NA
main_dataset,ml_unrooted,n_turns_abs,Pagel_lambda,9.99926686256414e-01,0.344651282393034,3.51545862663265e-03,NA,data/phylogeny/P01_Trees/curc_fig1.treefile,existing_file,Imported from phylogeny workflow outputs.,14,TRUE,FALSE,0.41142785540,2.09131592840000,NA
main_dataset,ml_unrooted,start_end_dist,Blomberg_K,6.86852662365834e-01,NA,4.53000000000000e-01,NA,data/phylogeny/P01_Trees/curc_fig1.treefile,existing_file,Imported from phylogeny workflow outputs.,14,TRUE,FALSE,0.41142785540,2.09131592840000,NA
main_dataset,ml_unrooted,start_end_dist,Pagel_lambda,7.33137435857406e-05,18.697490071276775,1.00000000000000e+00,NA,data/phylogeny/P01_Trees/curc_fig1.treefile,existing_file,Imported from phylogeny workflow outputs.,14,TRUE,FALSE,0.41142785540,2.09131592840000,NA
main_dataset,ml_unrooted,axial_span,Blomberg_K,1.27361131604919e+00,NA,2.00000000000000e-02,NA,data/phylogeny/P01_Trees/curc_fig1.treefile,existing_file,Imported from phylogeny workflow outputs.,14,TRUE,FALSE,0.41142785540,2.09131592840000,NA
main_dataset,ml_unrooted,axial_span,Pagel_lambda,9.99926686256414e-01,17.176759147257091,4.62182067795746e-02,NA,data/phylogeny/P01_Trees/curc_fig1.treefile,existing_file,Imported from phylogeny workflow outputs.,14,TRUE,FALSE,0.41142785540,2.09131592840000,NA
main_dataset,ml_unrooted,axial_pitch_360,Blomberg_K,8.55579735920702e-01,NA,2.09000000000000e-01,NA,data/phylogeny/P01_Trees/curc_fig1.treefile,existing_file,Imported from phylogeny workflow outputs.,14,TRUE,FALSE,0.41142785540,2.09131592840000,NA
main_dataset,ml_unrooted,axial_pitch_360,Pagel_lambda,9.99926686256414e-01,17.855602407745824,1.93392783291319e-01,NA,data/phylogeny/P01_Trees/curc_fig1.treefile,existing_file,Imported from phylogeny workflow outputs.,14,TRUE,FALSE,0.41142785540,2.09131592840000,NA
main_dataset,ml_unrooted,fit_radius,Blomberg_K,9.69827801314249e-01,NA,9.90000000000001e-02,NA,data/phylogeny/P01_Trees/curc_fig1.treefile,existing_file,Imported from phylogeny workflow outputs.,14,TRUE,FALSE,0.41142785540,2.09131592840000,NA
main_dataset,ml_unrooted,fit_radius,Pagel_lambda,9.99926686256414e-01,27.763385971754129,6.33154793687646e-02,NA,data/phylogeny/P01_Trees/curc_fig1.treefile,existing_file,Imported from phylogeny workflow outputs.,14,TRUE,FALSE,0.41142785540,2.09131592840000,NA
main_dataset,ml_unrooted,centroid_size,Blomberg_K,2.05659652085219e+00,NA,3.00000000000000e-03,NA,data/phylogeny/P01_Trees/curc_fig1.treefile,existing_file,Imported from phylogeny workflow outputs.,14,TRUE,FALSE,0.41142785540,2.09131592840000,NA
main_dataset,ml_unrooted,centroid_size,Pagel_lambda,9.99926686256414e-01,-74.295180525060417,3.48502867578408e-03,NA,data/phylogeny/P01_Trees/curc_fig1.treefile,existing_file,Imported from phylogeny workflow outputs.,14,TRUE,FALSE,0.41142785540,2.09131592840000,NA
main_dataset,consensus_unrooted,PC1,Blomberg_K,1.54737145239095e+00,NA,1.20000000000000e-02,NA,data/phylogeny/P01_Trees/curc_fig1.contree,existing_file,Imported from phylogeny workflow outputs.,14,TRUE,FALSE,0.41143131210,2.09134337310000,NA
main_dataset,consensus_unrooted,PC1,Pagel_lambda,9.99926686256414e-01,12.300735910455760,7.96406066782866e-03,NA,data/phylogeny/P01_Trees/curc_fig1.contree,existing_file,Imported from phylogeny workflow outputs.,14,TRUE,FALSE,0.41143131210,2.09134337310000,NA
main_dataset,consensus_unrooted,PC2,Blomberg_K,2.34931290894695e+00,NA,2.00000000000000e-03,NA,data/phylogeny/P01_Trees/curc_fig1.contree,existing_file,Imported from phylogeny workflow outputs.,14,TRUE,FALSE,0.41143131210,2.09134337310000,NA
main_dataset,consensus_unrooted,PC2,Pagel_lambda,9.99926686256414e-01,15.557265075607567,8.38127135987941e-04,NA,data/phylogeny/P01_Trees/curc_fig1.contree,existing_file,Imported from phylogeny workflow outputs.,14,TRUE,FALSE,0.41143131210,2.09134337310000,NA
main_dataset,consensus_unrooted,PC3,Blomberg_K,9.92062661150632e-01,NA,7.30000000000001e-02,NA,data/phylogeny/P01_Trees/curc_fig1.contree,existing_file,Imported from phylogeny workflow outputs.,14,TRUE,FALSE,0.41143131210,2.09134337310000,NA
main_dataset,consensus_unrooted,PC3,Pagel_lambda,9.99926686256414e-01,17.025909121447548,3.00404507544437e-01,NA,data/phylogeny/P01_Trees/curc_fig1.contree,existing_file,Imported from phylogeny workflow outputs.,14,TRUE,FALSE,0.41143131210,2.09134337310000,NA
main_dataset,consensus_unrooted,PC4,Blomberg_K,7.48649725539637e-01,NA,2.50000000000000e-01,NA,data/phylogeny/P01_Trees/curc_fig1.contree,existing_file,Imported from phylogeny workflow outputs.,14,TRUE,FALSE,0.41143131210,2.09134337310000,NA
main_dataset,consensus_unrooted,PC4,Pagel_lambda,9.99926686256414e-01,18.119111092322022,5.56890040014927e-01,NA,data/phylogeny/P01_Trees/curc_fig1.contree,existing_file,Imported from phylogeny workflow outputs.,14,TRUE,FALSE,0.41143131210,2.09134337310000,NA
main_dataset,consensus_unrooted,PC5,Blomberg_K,1.12896462791162e+00,NA,4.20000000000000e-02,NA,data/phylogeny/P01_Trees/curc_fig1.contree,existing_file,Imported from phylogeny workflow outputs.,14,TRUE,FALSE,0.41143131210,2.09134337310000,NA
main_dataset,consensus_unrooted,PC5,Pagel_lambda,9.99926686256414e-01,25.089852574656351,5.05676670750448e-02,NA,data/phylogeny/P01_Trees/curc_fig1.contree,existing_file,Imported from phylogeny workflow outputs.,14,TRUE,FALSE,0.41143131210,2.09134337310000,NA
main_dataset,consensus_unrooted,abs_winding_angle_deg,Blomberg_K,2.13956010190226e+00,NA,3.00000000000000e-03,NA,data/phylogeny/P01_Trees/curc_fig1.contree,existing_file,Imported from phylogeny workflow outputs.,14,TRUE,FALSE,0.41143131210,2.09134337310000,NA
main_dataset,consensus_unrooted,abs_winding_angle_deg,Pagel_lambda,9.99926686256414e-01,-76.174689154591476,3.51539553566605e-03,NA,data/phylogeny/P01_Trees/curc_fig1.contree,existing_file,Imported from phylogeny workflow outputs.,14,TRUE,FALSE,0.41143131210,2.09134337310000,NA
main_dataset,consensus_unrooted,n_turns_abs,Blomberg_K,2.13956010190226e+00,NA,1.00000000000000e-03,NA,data/phylogeny/P01_Trees/curc_fig1.contree,existing_file,Imported from phylogeny workflow outputs.,14,TRUE,FALSE,0.41143131210,2.09134337310000,NA
main_dataset,consensus_unrooted,n_turns_abs,Pagel_lambda,9.99926686256414e-01,0.344663254260535,3.51539553566614e-03,NA,data/phylogeny/P01_Trees/curc_fig1.contree,existing_file,Imported from phylogeny workflow outputs.,14,TRUE,FALSE,0.41143131210,2.09134337310000,NA
main_dataset,consensus_unrooted,start_end_dist,Blomberg_K,6.86855049080482e-01,NA,4.73000000000000e-01,NA,data/phylogeny/P01_Trees/curc_fig1.contree,existing_file,Imported from phylogeny workflow outputs.,14,TRUE,FALSE,0.41143131210,2.09134337310000,NA
main_dataset,consensus_unrooted,start_end_dist,Pagel_lambda,7.33137435857406e-05,18.697485916819208,1.00000000000000e+00,NA,data/phylogeny/P01_Trees/curc_fig1.contree,existing_file,Imported from phylogeny workflow outputs.,14,TRUE,FALSE,0.41143131210,2.09134337310000,NA
main_dataset,consensus_unrooted,axial_span,Blomberg_K,1.27361468350035e+00,NA,2.50000000000000e-02,NA,data/phylogeny/P01_Trees/curc_fig1.contree,existing_file,Imported from phylogeny workflow outputs.,14,TRUE,FALSE,0.41143131210,2.09134337310000,NA
main_dataset,consensus_unrooted,axial_span,Pagel_lambda,9.99926686256414e-01,17.176765668926659,4.62177173285732e-02,NA,data/phylogeny/P01_Trees/curc_fig1.contree,existing_file,Imported from phylogeny workflow outputs.,14,TRUE,FALSE,0.41143131210,2.09134337310000,NA
main_dataset,consensus_unrooted,axial_pitch_360,Blomberg_K,8.55581049622514e-01,NA,2.09000000000000e-01,NA,data/phylogeny/P01_Trees/curc_fig1.contree,existing_file,Imported from phylogeny workflow outputs.,14,TRUE,FALSE,0.41143131210,2.09134337310000,NA
main_dataset,consensus_unrooted,axial_pitch_360,Pagel_lambda,9.99926686256414e-01,17.855612748187923,1.93388314967644e-01,NA,data/phylogeny/P01_Trees/curc_fig1.contree,existing_file,Imported from phylogeny workflow outputs.,14,TRUE,FALSE,0.41143131210,2.09134337310000,NA
main_dataset,consensus_unrooted,fit_radius,Blomberg_K,9.69829226045030e-01,NA,7.90000000000001e-02,NA,data/phylogeny/P01_Trees/curc_fig1.contree,existing_file,Imported from phylogeny workflow outputs.,14,TRUE,FALSE,0.41143131210,2.09134337310000,NA
main_dataset,consensus_unrooted,fit_radius,Pagel_lambda,9.99926686256414e-01,27.763364491934137,6.33159182313134e-02,NA,data/phylogeny/P01_Trees/curc_fig1.contree,existing_file,Imported from phylogeny workflow outputs.,14,TRUE,FALSE,0.41143131210,2.09134337310000,NA
main_dataset,consensus_unrooted,centroid_size,Blomberg_K,2.05658857883963e+00,NA,4.00000000000000e-03,NA,data/phylogeny/P01_Trees/curc_fig1.contree,existing_file,Imported from phylogeny workflow outputs.,14,TRUE,FALSE,0.41143131210,2.09134337310000,NA
main_dataset,consensus_unrooted,centroid_size,Pagel_lambda,9.99926686256414e-01,-74.295163751068344,3.48511352774510e-03,NA,data/phylogeny/P01_Trees/curc_fig1.contree,existing_file,Imported from phylogeny workflow outputs.,14,TRUE,FALSE,0.41143131210,2.09134337310000,NA
main_dataset,rooted_ml,PC1,Blomberg_K,1.54737599251659e+00,NA,1.20000000000000e-02,NA,data/phylogeny/P01_Trees/curc_fig1_rooted.tre,existing_file,Imported from phylogeny workflow outputs.,14,TRUE,FALSE,0.41142785540,2.09131592840000,NA
main_dataset,rooted_ml,PC1,Pagel_lambda,9.99926686256414e-01,12.300772055984350,7.96374431604314e-03,NA,data/phylogeny/P01_Trees/curc_fig1_rooted.tre,existing_file,Imported from phylogeny workflow outputs.,14,TRUE,FALSE,0.41142785540,2.09131592840000,NA
main_dataset,rooted_ml,PC2,Blomberg_K,2.34935119508569e+00,NA,1.00000000000000e-03,NA,data/phylogeny/P01_Trees/curc_fig1_rooted.tre,existing_file,Imported from phylogeny workflow outputs.,14,TRUE,FALSE,0.41142785540,2.09131592840000,NA
main_dataset,rooted_ml,PC2,Pagel_lambda,9.99926686256414e-01,15.557297412369191,8.38044090938813e-04,NA,data/phylogeny/P01_Trees/curc_fig1_rooted.tre,existing_file,Imported from phylogeny workflow outputs.,14,TRUE,FALSE,0.41142785540,2.09131592840000,NA
main_dataset,rooted_ml,PC3,Blomberg_K,9.92067393783601e-01,NA,7.10000000000000e-02,NA,data/phylogeny/P01_Trees/curc_fig1_rooted.tre,existing_file,Imported from phylogeny workflow outputs.,14,TRUE,FALSE,0.41142785540,2.09131592840000,NA
main_dataset,rooted_ml,PC3,Pagel_lambda,9.99926686256414e-01,17.025908898772304,3.00397612906460e-01,NA,data/phylogeny/P01_Trees/curc_fig1_rooted.tre,existing_file,Imported from phylogeny workflow outputs.,14,TRUE,FALSE,0.41142785540,2.09131592840000,NA
main_dataset,rooted_ml,PC4,Blomberg_K,7.48651180330387e-01,NA,2.34000000000000e-01,NA,data/phylogeny/P01_Trees/curc_fig1_rooted.tre,existing_file,Imported from phylogeny workflow outputs.,14,TRUE,FALSE,0.41142785540,2.09131592840000,NA
main_dataset,rooted_ml,PC4,Pagel_lambda,9.99926686256414e-01,18.119126664731517,5.56873238690704e-01,NA,data/phylogeny/P01_Trees/curc_fig1_rooted.tre,existing_file,Imported from phylogeny workflow outputs.,14,TRUE,FALSE,0.41142785540,2.09131592840000,NA
main_dataset,rooted_ml,PC5,Blomberg_K,1.12896721123737e+00,NA,4.40000000000000e-02,NA,data/phylogeny/P01_Trees/curc_fig1_rooted.tre,existing_file,Imported from phylogeny workflow outputs.,14,TRUE,FALSE,0.41142785540,2.09131592840000,NA
main_dataset,rooted_ml,PC5,Pagel_lambda,9.99926686256414e-01,25.089834568890982,5.05654729067360e-02,NA,data/phylogeny/P01_Trees/curc_fig1_rooted.tre,existing_file,Imported from phylogeny workflow outputs.,14,TRUE,FALSE,0.41142785540,2.09131592840000,NA
main_dataset,rooted_ml,abs_winding_angle_deg,Blomberg_K,2.13954708790489e+00,NA,1.00000000000000e-03,NA,data/phylogeny/P01_Trees/curc_fig1_rooted.tre,existing_file,Imported from phylogeny workflow outputs.,14,TRUE,FALSE,0.41142785540,2.09131592840000,NA
main_dataset,rooted_ml,abs_winding_angle_deg,Pagel_lambda,9.99926686256414e-01,-76.174701126458984,3.51545862663266e-03,NA,data/phylogeny/P01_Trees/curc_fig1_rooted.tre,existing_file,Imported from phylogeny workflow outputs.,14,TRUE,FALSE,0.41142785540,2.09131592840000,NA
main_dataset,rooted_ml,n_turns_abs,Blomberg_K,2.13954708790489e+00,NA,1.00000000000000e-03,NA,data/phylogeny/P01_Trees/curc_fig1_rooted.tre,existing_file,Imported from phylogeny workflow outputs.,14,TRUE,FALSE,0.41142785540,2.09131592840000,NA
main_dataset,rooted_ml,n_turns_abs,Pagel_lambda,9.99926686256414e-01,0.344651282393034,3.51545862663264e-03,NA,data/phylogeny/P01_Trees/curc_fig1_rooted.tre,existing_file,Imported from phylogeny workflow outputs.,14,TRUE,FALSE,0.41142785540,2.09131592840000,NA
main_dataset,rooted_ml,start_end_dist,Blomberg_K,6.86852662365834e-01,NA,4.89000000000000e-01,NA,data/phylogeny/P01_Trees/curc_fig1_rooted.tre,existing_file,Imported from phylogeny workflow outputs.,14,TRUE,FALSE,0.41142785540,2.09131592840000,NA
main_dataset,rooted_ml,start_end_dist,Pagel_lambda,7.33137435857406e-05,18.697490071276771,1.00000000000000e+00,NA,data/phylogeny/P01_Trees/curc_fig1_rooted.tre,existing_file,Imported from phylogeny workflow outputs.,14,TRUE,FALSE,0.41142785540,2.09131592840000,NA
main_dataset,rooted_ml,axial_span,Blomberg_K,1.27361131604919e+00,NA,2.40000000000000e-02,NA,data/phylogeny/P01_Trees/curc_fig1_rooted.tre,existing_file,Imported from phylogeny workflow outputs.,14,TRUE,FALSE,0.41142785540,2.09131592840000,NA
main_dataset,rooted_ml,axial_span,Pagel_lambda,9.99926686256414e-01,17.176759147257094,4.62182067795740e-02,NA,data/phylogeny/P01_Trees/curc_fig1_rooted.tre,existing_file,Imported from phylogeny workflow outputs.,14,TRUE,FALSE,0.41142785540,2.09131592840000,NA
main_dataset,rooted_ml,axial_pitch_360,Blomberg_K,8.55579735920702e-01,NA,1.90000000000000e-01,NA,data/phylogeny/P01_Trees/curc_fig1_rooted.tre,existing_file,Imported from phylogeny workflow outputs.,14,TRUE,FALSE,0.41142785540,2.09131592840000,NA
main_dataset,rooted_ml,axial_pitch_360,Pagel_lambda,9.99926686256414e-01,17.855602407745831,1.93392783291317e-01,NA,data/phylogeny/P01_Trees/curc_fig1_rooted.tre,existing_file,Imported from phylogeny workflow outputs.,14,TRUE,FALSE,0.41142785540,2.09131592840000,NA
main_dataset,rooted_ml,fit_radius,Blomberg_K,9.69827801314248e-01,NA,8.90000000000001e-02,NA,data/phylogeny/P01_Trees/curc_fig1_rooted.tre,existing_file,Imported from phylogeny workflow outputs.,14,TRUE,FALSE,0.41142785540,2.09131592840000,NA
main_dataset,rooted_ml,fit_radius,Pagel_lambda,9.99926686256414e-01,27.763385971754136,6.33154793687633e-02,NA,data/phylogeny/P01_Trees/curc_fig1_rooted.tre,existing_file,Imported from phylogeny workflow outputs.,14,TRUE,FALSE,0.41142785540,2.09131592840000,NA
main_dataset,rooted_ml,centroid_size,Blomberg_K,2.05659652085218e+00,NA,2.00000000000000e-03,NA,data/phylogeny/P01_Trees/curc_fig1_rooted.tre,existing_file,Imported from phylogeny workflow outputs.,14,TRUE,FALSE,0.41142785540,2.09131592840000,NA
main_dataset,rooted_ml,centroid_size,Pagel_lambda,9.99926686256414e-01,-74.295180525060417,3.48502867578408e-03,NA,data/phylogeny/P01_Trees/curc_fig1_rooted.tre,existing_file,Imported from phylogeny workflow outputs.,14,TRUE,FALSE,0.41142785540,2.09131592840000,NA
main_dataset,ultrametric,PC1,Blomberg_K,1.68273451592504e+00,NA,9.00000000000000e-03,NA,data/phylogeny/P01_Trees/curc_fig1_ultrametric.tre,existing_file,Imported from phylogeny workflow outputs.,14,TRUE,FALSE,1.49720520480,10.43444573521000,NA
main_dataset,ultrametric,PC1,Pagel_lambda,9.99926686256414e-01,12.418163923463698,9.59287988152429e-03,NA,data/phylogeny/P01_Trees/curc_fig1_ultrametric.tre,existing_file,Imported from phylogeny workflow outputs.,14,TRUE,FALSE,1.49720520480,10.43444573521000,NA
main_dataset,ultrametric,PC2,Blomberg_K,2.17359442986892e+00,NA,1.00000000000000e-03,NA,data/phylogeny/P01_Trees/curc_fig1_ultrametric.tre,existing_file,Imported from phylogeny workflow outputs.,14,TRUE,FALSE,1.49720520480,10.43444573521000,NA
main_dataset,ultrametric,PC2,Pagel_lambda,9.99926686256414e-01,14.148622989588763,1.64587232904633e-03,NA,data/phylogeny/P01_Trees/curc_fig1_ultrametric.tre,existing_file,Imported from phylogeny workflow outputs.,14,TRUE,FALSE,1.49720520480,10.43444573521000,NA
main_dataset,ultrametric,PC3,Blomberg_K,8.09340449945472e-01,NA,2.98000000000000e-01,NA,data/phylogeny/P01_Trees/curc_fig1_ultrametric.tre,existing_file,Imported from phylogeny workflow outputs.,14,TRUE,FALSE,1.49720520480,10.43444573521000,NA
main_dataset,ultrametric,PC3,Pagel_lambda,9.99926686256414e-01,15.567025280665693,3.43733906028045e-01,NA,data/phylogeny/P01_Trees/curc_fig1_ultrametric.tre,existing_file,Imported from phylogeny workflow outputs.,14,TRUE,FALSE,1.49720520480,10.43444573521000,NA
main_dataset,ultrametric,PC4,Blomberg_K,7.92774904256758e-01,NA,3.15000000000000e-01,NA,data/phylogeny/P01_Trees/curc_fig1_ultrametric.tre,existing_file,Imported from phylogeny workflow outputs.,14,TRUE,FALSE,1.49720520480,10.43444573521000,NA
main_dataset,ultrametric,PC4,Pagel_lambda,9.99926686256414e-01,17.886991854443348,3.65906793062749e-01,NA,data/phylogeny/P01_Trees/curc_fig1_ultrametric.tre,existing_file,Imported from phylogeny workflow outputs.,14,TRUE,FALSE,1.49720520480,10.43444573521000,NA
main_dataset,ultrametric,PC5,Blomberg_K,1.01973004341090e+00,NA,9.00000000000001e-02,NA,data/phylogeny/P01_Trees/curc_fig1_ultrametric.tre,existing_file,Imported from phylogeny workflow outputs.,14,TRUE,FALSE,1.49720520480,10.43444573521000,NA
main_dataset,ultrametric,PC5,Pagel_lambda,9.99926686256414e-01,24.857072841389368,1.08442774692073e-01,NA,data/phylogeny/P01_Trees/curc_fig1_ultrametric.tre,existing_file,Imported from phylogeny workflow outputs.,14,TRUE,FALSE,1.49720520480,10.43444573521000,NA
main_dataset,ultrametric,abs_winding_angle_deg,Blomberg_K,2.17386155568514e+00,NA,1.00000000000000e-03,NA,data/phylogeny/P01_Trees/curc_fig1_ultrametric.tre,existing_file,Imported from phylogeny workflow outputs.,14,TRUE,FALSE,1.49720520480,10.43444573521000,NA
main_dataset,ultrametric,abs_winding_angle_deg,Pagel_lambda,9.99926686256414e-01,-76.185519351909207,5.01268446804841e-03,NA,data/phylogeny/P01_Trees/curc_fig1_ultrametric.tre,existing_file,Imported from phylogeny workflow outputs.,14,TRUE,FALSE,1.49720520480,10.43444573521000,NA
main_dataset,ultrametric,n_turns_abs,Blomberg_K,2.17386155568514e+00,NA,2.00000000000000e-03,NA,data/phylogeny/P01_Trees/curc_fig1_ultrametric.tre,existing_file,Imported from phylogeny workflow outputs.,14,TRUE,FALSE,1.49720520480,10.43444573521000,NA
main_dataset,ultrametric,n_turns_abs,Pagel_lambda,9.99926686256414e-01,0.333833056942822,5.01268446804828e-03,NA,data/phylogeny/P01_Trees/curc_fig1_ultrametric.tre,existing_file,Imported from phylogeny workflow outputs.,14,TRUE,FALSE,1.49720520480,10.43444573521000,NA
main_dataset,ultrametric,start_end_dist,Blomberg_K,7.25669305606104e-01,NA,5.37000000000000e-01,NA,data/phylogeny/P01_Trees/curc_fig1_ultrametric.tre,existing_file,Imported from phylogeny workflow outputs.,14,TRUE,FALSE,1.49720520480,10.43444573521000,NA
main_dataset,ultrametric,start_end_dist,Pagel_lambda,7.33137435857406e-05,18.750838623727393,1.00000000000000e+00,NA,data/phylogeny/P01_Trees/curc_fig1_ultrametric.tre,existing_file,Imported from phylogeny workflow outputs.,14,TRUE,FALSE,1.49720520480,10.43444573521000,NA
main_dataset,ultrametric,axial_span,Blomberg_K,1.22548859556682e+00,NA,5.60000000000000e-02,NA,data/phylogeny/P01_Trees/curc_fig1_ultrametric.tre,existing_file,Imported from phylogeny workflow outputs.,14,TRUE,FALSE,1.49720520480,10.43444573521000,NA
main_dataset,ultrametric,axial_span,Pagel_lambda,9.99926686256414e-01,16.775468108262270,7.95622050826725e-02,NA,data/phylogeny/P01_Trees/curc_fig1_ultrametric.tre,existing_file,Imported from phylogeny workflow outputs.,14,TRUE,FALSE,1.49720520480,10.43444573521000,NA
main_dataset,ultrametric,axial_pitch_360,Blomberg_K,6.91765824761343e-01,NA,6.74000000000000e-01,NA,data/phylogeny/P01_Trees/curc_fig1_ultrametric.tre,existing_file,Imported from phylogeny workflow outputs.,14,TRUE,FALSE,1.49720520480,10.43444573521000,NA
main_dataset,ultrametric,axial_pitch_360,Pagel_lambda,9.99926686256414e-01,16.335482441859426,3.55587505144881e-01,NA,data/phylogeny/P01_Trees/curc_fig1_ultrametric.tre,existing_file,Imported from phylogeny workflow outputs.,14,TRUE,FALSE,1.49720520480,10.43444573521000,NA
main_dataset,ultrametric,fit_radius,Blomberg_K,9.16142968724208e-01,NA,2.05000000000000e-01,NA,data/phylogeny/P01_Trees/curc_fig1_ultrametric.tre,existing_file,Imported from phylogeny workflow outputs.,14,TRUE,FALSE,1.49720520480,10.43444573521000,NA
main_dataset,ultrametric,fit_radius,Pagel_lambda,9.99926686256414e-01,27.252005410444291,1.01546144522634e-01,NA,data/phylogeny/P01_Trees/curc_fig1_ultrametric.tre,existing_file,Imported from phylogeny workflow outputs.,14,TRUE,FALSE,1.49720520480,10.43444573521000,NA
main_dataset,ultrametric,centroid_size,Blomberg_K,2.16266613259798e+00,NA,6.00000000000000e-03,NA,data/phylogeny/P01_Trees/curc_fig1_ultrametric.tre,existing_file,Imported from phylogeny workflow outputs.,14,TRUE,FALSE,1.49720520480,10.43444573521000,NA
main_dataset,ultrametric,centroid_size,Pagel_lambda,9.99926686256414e-01,-74.255156692097273,4.22703112063676e-03,NA,data/phylogeny/P01_Trees/curc_fig1_ultrametric.tre,existing_file,Imported from phylogeny workflow outputs.,14,TRUE,FALSE,1.49720520480,10.43444573521000,NA
main_dataset,grafen,PC1,Blomberg_K,1.22029211813165e+00,NA,1.00000000000000e-03,NA,data/phylogeny/P01_Trees/curc_fig1_grafen.tre,existing_file,Imported from phylogeny workflow outputs.,14,TRUE,FALSE,1.92307692298,4.53846153818000,NA
main_dataset,grafen,PC1,Pagel_lambda,9.99926686256414e-01,18.190558653668194,1.58846514788472e-05,NA,data/phylogeny/P01_Trees/curc_fig1_grafen.tre,existing_file,Imported from phylogeny workflow outputs.,14,TRUE,FALSE,1.92307692298,4.53846153818000,NA
main_dataset,grafen,PC2,Blomberg_K,1.41891159085225e+00,NA,1.00000000000000e-03,NA,data/phylogeny/P01_Trees/curc_fig1_grafen.tre,existing_file,Imported from phylogeny workflow outputs.,14,TRUE,FALSE,1.92307692298,4.53846153818000,NA
main_dataset,grafen,PC2,Pagel_lambda,9.99926686256414e-01,16.272958044168298,9.22388954820027e-07,NA,data/phylogeny/P01_Trees/curc_fig1_grafen.tre,existing_file,Imported from phylogeny workflow outputs.,14,TRUE,FALSE,1.92307692298,4.53846153818000,NA
main_dataset,grafen,PC3,Blomberg_K,1.91921495459652e-01,NA,2.46000000000000e-01,NA,data/phylogeny/P01_Trees/curc_fig1_grafen.tre,existing_file,Imported from phylogeny workflow outputs.,14,TRUE,FALSE,1.92307692298,4.53846153818000,NA
main_dataset,grafen,PC3,Pagel_lambda,8.51539408712812e-01,14.100370634928208,2.87315688388640e-02,NA,data/phylogeny/P01_Trees/curc_fig1_grafen.tre,existing_file,Imported from phylogeny workflow outputs.,14,TRUE,FALSE,1.92307692298,4.53846153818000,NA
main_dataset,grafen,PC4,Blomberg_K,2.37318871255318e-01,NA,1.40000000000000e-01,NA,data/phylogeny/P01_Trees/curc_fig1_grafen.tre,existing_file,Imported from phylogeny workflow outputs.,14,TRUE,FALSE,1.92307692298,4.53846153818000,NA
main_dataset,grafen,PC4,Pagel_lambda,9.99513288867452e-01,17.323663176118338,6.70195740014857e-03,NA,data/phylogeny/P01_Trees/curc_fig1_grafen.tre,existing_file,Imported from phylogeny workflow outputs.,14,TRUE,FALSE,1.92307692298,4.53846153818000,NA
main_dataset,grafen,PC5,Blomberg_K,1.97739798704172e-01,NA,2.64000000000000e-01,NA,data/phylogeny/P01_Trees/curc_fig1_grafen.tre,existing_file,Imported from phylogeny workflow outputs.,14,TRUE,FALSE,1.92307692298,4.53846153818000,NA
main_dataset,grafen,PC5,Pagel_lambda,9.56641008190999e-01,21.131969880791541,9.66470281501628e-03,NA,data/phylogeny/P01_Trees/curc_fig1_grafen.tre,existing_file,Imported from phylogeny workflow outputs.,14,TRUE,FALSE,1.92307692298,4.53846153818000,NA
main_dataset,grafen,abs_winding_angle_deg,Blomberg_K,6.37137621619332e-01,NA,1.80000000000000e-02,NA,data/phylogeny/P01_Trees/curc_fig1_grafen.tre,existing_file,Imported from phylogeny workflow outputs.,14,TRUE,FALSE,1.92307692298,4.53846153818000,NA
main_dataset,grafen,abs_winding_angle_deg,Pagel_lambda,9.17658160216220e-01,-75.677178734409765,7.79124562463727e-04,NA,data/phylogeny/P01_Trees/curc_fig1_grafen.tre,existing_file,Imported from phylogeny workflow outputs.,14,TRUE,FALSE,1.92307692298,4.53846153818000,NA
main_dataset,grafen,n_turns_abs,Blomberg_K,6.37137621619332e-01,NA,8.00000000000000e-03,NA,data/phylogeny/P01_Trees/curc_fig1_grafen.tre,existing_file,Imported from phylogeny workflow outputs.,14,TRUE,FALSE,1.92307692298,4.53846153818000,NA
main_dataset,grafen,n_turns_abs,Pagel_lambda,9.17658160216293e-01,0.842173674442254,7.79124562463730e-04,NA,data/phylogeny/P01_Trees/curc_fig1_grafen.tre,existing_file,Imported from phylogeny workflow outputs.,14,TRUE,FALSE,1.92307692298,4.53846153818000,NA
main_dataset,grafen,start_end_dist,Blomberg_K,7.26726944524140e-02,NA,9.69000000000001e-01,NA,data/phylogeny/P01_Trees/curc_fig1_grafen.tre,existing_file,Imported from phylogeny workflow outputs.,14,TRUE,FALSE,1.92307692298,4.53846153818000,NA
main_dataset,grafen,start_end_dist,Pagel_lambda,7.33137435857406e-05,20.216661725203711,1.00000000000000e+00,NA,data/phylogeny/P01_Trees/curc_fig1_grafen.tre,existing_file,Imported from phylogeny workflow outputs.,14,TRUE,FALSE,1.92307692298,4.53846153818000,NA
main_dataset,grafen,axial_span,Blomberg_K,2.56126913528748e-01,NA,1.95000000000000e-01,NA,data/phylogeny/P01_Trees/curc_fig1_grafen.tre,existing_file,Imported from phylogeny workflow outputs.,14,TRUE,FALSE,1.92307692298,4.53846153818000,NA
main_dataset,grafen,axial_span,Pagel_lambda,8.44969694181368e-01,15.589573484198009,4.03829677813616e-02,NA,data/phylogeny/P01_Trees/curc_fig1_grafen.tre,existing_file,Imported from phylogeny workflow outputs.,14,TRUE,FALSE,1.92307692298,4.53846153818000,NA
main_dataset,grafen,axial_pitch_360,Blomberg_K,1.88403798924307e-01,NA,2.98000000000000e-01,NA,data/phylogeny/P01_Trees/curc_fig1_grafen.tre,existing_file,Imported from phylogeny workflow outputs.,14,TRUE,FALSE,1.92307692298,4.53846153818000,NA
main_dataset,grafen,axial_pitch_360,Pagel_lambda,9.90316611949316e-01,15.029319455980936,1.82613847659367e-02,NA,data/phylogeny/P01_Trees/curc_fig1_grafen.tre,existing_file,Imported from phylogeny workflow outputs.,14,TRUE,FALSE,1.92307692298,4.53846153818000,NA
main_dataset,grafen,fit_radius,Blomberg_K,4.17432740420727e-01,NA,7.50000000000001e-02,NA,data/phylogeny/P01_Trees/curc_fig1_grafen.tre,existing_file,Imported from phylogeny workflow outputs.,14,TRUE,FALSE,1.92307692298,4.53846153818000,NA
main_dataset,grafen,fit_radius,Pagel_lambda,9.99926686256414e-01,30.578515373191411,1.90132718669469e-04,NA,data/phylogeny/P01_Trees/curc_fig1_grafen.tre,existing_file,Imported from phylogeny workflow outputs.,14,TRUE,FALSE,1.92307692298,4.53846153818000,NA
main_dataset,grafen,centroid_size,Blomberg_K,8.71721009013885e-01,NA,4.00000000000000e-03,NA,data/phylogeny/P01_Trees/curc_fig1_grafen.tre,existing_file,Imported from phylogeny workflow outputs.,14,TRUE,FALSE,1.92307692298,4.53846153818000,NA
main_dataset,grafen,centroid_size,Pagel_lambda,9.61900362948347e-01,-74.518279638564934,3.78756695186721e-04,NA,data/phylogeny/P01_Trees/curc_fig1_grafen.tre,existing_file,Imported from phylogeny workflow outputs.,14,TRUE,FALSE,1.92307692298,4.53846153818000,NA
main_dataset,with_caridae_calibrated,PC1,Blomberg_K,1.64963395997093e+00,NA,1.00000000000000e-03,NA,data/phylogeny/P01_Trees/curc_fig1_withCaridae_calibrated.tre,existing_file,Imported from phylogeny workflow outputs.,15,TRUE,TRUE,190.36440163600,1948.52462195399994,0
main_dataset,with_caridae_calibrated,PC1,Pagel_lambda,1.17037093664771e+00,17.374895804603806,1.23506885386373e-04,NA,data/phylogeny/P01_Trees/curc_fig1_withCaridae_calibrated.tre,existing_file,Imported from phylogeny workflow outputs.,15,TRUE,TRUE,190.36440163600,1948.52462195399994,0
main_dataset,with_caridae_calibrated,PC2,Blomberg_K,1.47310517480298e+00,NA,1.00000000000000e-03,NA,data/phylogeny/P01_Trees/curc_fig1_withCaridae_calibrated.tre,existing_file,Imported from phylogeny workflow outputs.,15,TRUE,TRUE,190.36440163600,1948.52462195399994,0
main_dataset,with_caridae_calibrated,PC2,Pagel_lambda,1.14834690779796e+00,16.638034800327237,2.95505285379363e-03,NA,data/phylogeny/P01_Trees/curc_fig1_withCaridae_calibrated.tre,existing_file,Imported from phylogeny workflow outputs.,15,TRUE,TRUE,190.36440163600,1948.52462195399994,0
main_dataset,with_caridae_calibrated,PC3,Blomberg_K,7.06788941042680e-01,NA,3.40000000000000e-01,NA,data/phylogeny/P01_Trees/curc_fig1_withCaridae_calibrated.tre,existing_file,Imported from phylogeny workflow outputs.,15,TRUE,TRUE,190.36440163600,1948.52462195399994,0
main_dataset,with_caridae_calibrated,PC3,Pagel_lambda,4.52395074719172e-05,17.378280965696653,1.00000000000000e+00,NA,data/phylogeny/P01_Trees/curc_fig1_withCaridae_calibrated.tre,existing_file,Imported from phylogeny workflow outputs.,15,TRUE,TRUE,190.36440163600,1948.52462195399994,0
main_dataset,with_caridae_calibrated,PC4,Blomberg_K,8.77276168605793e-01,NA,7.90000000000001e-02,NA,data/phylogeny/P01_Trees/curc_fig1_withCaridae_calibrated.tre,existing_file,Imported from phylogeny workflow outputs.,15,TRUE,TRUE,190.36440163600,1948.52462195399994,0
main_dataset,with_caridae_calibrated,PC4,Pagel_lambda,9.47727611723614e-01,20.881255956818361,4.24762287634756e-01,NA,data/phylogeny/P01_Trees/curc_fig1_withCaridae_calibrated.tre,existing_file,Imported from phylogeny workflow outputs.,15,TRUE,TRUE,190.36440163600,1948.52462195399994,0
main_dataset,with_caridae_calibrated,PC5,Blomberg_K,8.61013941886414e-01,NA,1.17000000000000e-01,NA,data/phylogeny/P01_Trees/curc_fig1_withCaridae_calibrated.tre,existing_file,Imported from phylogeny workflow outputs.,15,TRUE,TRUE,190.36440163600,1948.52462195399994,0
main_dataset,with_caridae_calibrated,PC5,Pagel_lambda,5.40431213387747e-01,27.141630093481059,4.03833633064229e-01,NA,data/phylogeny/P01_Trees/curc_fig1_withCaridae_calibrated.tre,existing_file,Imported from phylogeny workflow outputs.,15,TRUE,TRUE,190.36440163600,1948.52462195399994,0
main_dataset,with_caridae_calibrated,abs_winding_angle_deg,Blomberg_K,1.58812500933126e+00,NA,3.00000000000000e-03,NA,data/phylogeny/P01_Trees/curc_fig1_withCaridae_calibrated.tre,existing_file,Imported from phylogeny workflow outputs.,15,TRUE,TRUE,190.36440163600,1948.52462195399994,0
main_dataset,with_caridae_calibrated,abs_winding_angle_deg,Pagel_lambda,1.14322391575369e+00,-80.520916405380518,3.58831418040644e-03,NA,data/phylogeny/P01_Trees/curc_fig1_withCaridae_calibrated.tre,existing_file,Imported from phylogeny workflow outputs.,15,TRUE,TRUE,190.36440163600,1948.52462195399994,0
main_dataset,with_caridae_calibrated,n_turns_abs,Blomberg_K,1.58812500933126e+00,NA,2.00000000000000e-03,NA,data/phylogeny/P01_Trees/curc_fig1_withCaridae_calibrated.tre,existing_file,Imported from phylogeny workflow outputs.,15,TRUE,TRUE,190.36440163600,1948.52462195399994,0
main_dataset,with_caridae_calibrated,n_turns_abs,Pagel_lambda,1.14322391575357e+00,1.884540034921667,3.58831418040641e-03,NA,data/phylogeny/P01_Trees/curc_fig1_withCaridae_calibrated.tre,existing_file,Imported from phylogeny workflow outputs.,15,TRUE,TRUE,190.36440163600,1948.52462195399994,0
main_dataset,with_caridae_calibrated,start_end_dist,Blomberg_K,5.73519158949713e-01,NA,5.85000000000000e-01,NA,data/phylogeny/P01_Trees/curc_fig1_withCaridae_calibrated.tre,existing_file,Imported from phylogeny workflow outputs.,15,TRUE,TRUE,190.36440163600,1948.52462195399994,0
main_dataset,with_caridae_calibrated,start_end_dist,Pagel_lambda,4.55400227644791e-05,18.698092760451690,1.00000000000000e+00,NA,data/phylogeny/P01_Trees/curc_fig1_withCaridae_calibrated.tre,existing_file,Imported from phylogeny workflow outputs.,15,TRUE,TRUE,190.36440163600,1948.52462195399994,0
main_dataset,with_caridae_calibrated,axial_span,Blomberg_K,9.75046287808276e-01,NA,6.80000000000000e-02,NA,data/phylogeny/P01_Trees/curc_fig1_withCaridae_calibrated.tre,existing_file,Imported from phylogeny workflow outputs.,15,TRUE,TRUE,190.36440163600,1948.52462195399994,0
main_dataset,with_caridae_calibrated,axial_span,Pagel_lambda,1.10774636025598e+00,18.426253063938002,1.44130565959412e-01,NA,data/phylogeny/P01_Trees/curc_fig1_withCaridae_calibrated.tre,existing_file,Imported from phylogeny workflow outputs.,15,TRUE,TRUE,190.36440163600,1948.52462195399994,0
main_dataset,with_caridae_calibrated,axial_pitch_360,Blomberg_K,8.71149111736651e-01,NA,8.60000000000001e-02,NA,data/phylogeny/P01_Trees/curc_fig1_withCaridae_calibrated.tre,existing_file,Imported from phylogeny workflow outputs.,15,TRUE,TRUE,190.36440163600,1948.52462195399994,0
main_dataset,with_caridae_calibrated,axial_pitch_360,Pagel_lambda,1.07424876379854e+00,19.693600317925004,2.43343225267198e-01,NA,data/phylogeny/P01_Trees/curc_fig1_withCaridae_calibrated.tre,existing_file,Imported from phylogeny workflow outputs.,15,TRUE,TRUE,190.36440163600,1948.52462195399994,0
main_dataset,with_caridae_calibrated,fit_radius,Blomberg_K,1.28051198621543e+00,NA,7.00000000000000e-03,NA,data/phylogeny/P01_Trees/curc_fig1_withCaridae_calibrated.tre,existing_file,Imported from phylogeny workflow outputs.,15,TRUE,TRUE,190.36440163600,1948.52462195399994,0
main_dataset,with_caridae_calibrated,fit_radius,Pagel_lambda,1.14674304535784e+00,31.717610850739604,3.42343148219481e-03,NA,data/phylogeny/P01_Trees/curc_fig1_withCaridae_calibrated.tre,existing_file,Imported from phylogeny workflow outputs.,15,TRUE,TRUE,190.36440163600,1948.52462195399994,0
main_dataset,with_caridae_calibrated,centroid_size,Blomberg_K,1.26954971616011e+00,NA,4.00000000000000e-03,NA,data/phylogeny/P01_Trees/curc_fig1_withCaridae_calibrated.tre,existing_file,Imported from phylogeny workflow outputs.,15,TRUE,TRUE,190.36440163600,1948.52462195399994,0
main_dataset,with_caridae_calibrated,centroid_size,Pagel_lambda,1.15823264906076e+00,-79.760674323612307,3.35399302062394e-02,NA,data/phylogeny/P01_Trees/curc_fig1_withCaridae_calibrated.tre,existing_file,Imported from phylogeny workflow outputs.,15,TRUE,TRUE,190.36440163600,1948.52462195399994,0
main_dataset,ultrametric_with_caridae,PC1,Blomberg_K,1.55454681631879e+00,NA,4.00000000000000e-03,NA,data/phylogeny/P01_Trees/curc_fig1_ultrametric_withCaridae_correct.tre,existing_file,Imported from phylogeny workflow outputs.,15,TRUE,TRUE,1.00000000003,7.45410652886000,0
main_dataset,ultrametric_with_caridae,PC1,Pagel_lambda,1.03520813563008e+00,17.058937380912337,1.72749929764728e-04,NA,data/phylogeny/P01_Trees/curc_fig1_ultrametric_withCaridae_correct.tre,existing_file,Imported from phylogeny workflow outputs.,15,TRUE,TRUE,1.00000000003,7.45410652886000,0
main_dataset,ultrametric_with_caridae,PC2,Blomberg_K,2.03441529959273e+00,NA,1.00000000000000e-03,NA,data/phylogeny/P01_Trees/curc_fig1_ultrametric_withCaridae_correct.tre,existing_file,Imported from phylogeny workflow outputs.,15,TRUE,TRUE,1.00000000003,7.45410652886000,0
main_dataset,ultrametric_with_caridae,PC2,Pagel_lambda,1.05691472806700e+00,19.971862736320848,8.23887792709820e-05,NA,data/phylogeny/P01_Trees/curc_fig1_ultrametric_withCaridae_correct.tre,existing_file,Imported from phylogeny workflow outputs.,15,TRUE,TRUE,1.00000000003,7.45410652886000,0
main_dataset,ultrametric_with_caridae,PC3,Blomberg_K,2.30575514994869e-01,NA,5.38000000000000e-01,NA,data/phylogeny/P01_Trees/curc_fig1_ultrametric_withCaridae_correct.tre,existing_file,Imported from phylogeny workflow outputs.,15,TRUE,TRUE,1.00000000003,7.45410652886000,0
main_dataset,ultrametric_with_caridae,PC3,Pagel_lambda,7.88084938657480e-05,17.378135970751288,1.00000000000000e+00,NA,data/phylogeny/P01_Trees/curc_fig1_ultrametric_withCaridae_correct.tre,existing_file,Imported from phylogeny workflow outputs.,15,TRUE,TRUE,1.00000000003,7.45410652886000,0
main_dataset,ultrametric_with_caridae,PC4,Blomberg_K,5.03574872092853e-01,NA,6.40000000000000e-02,NA,data/phylogeny/P01_Trees/curc_fig1_ultrametric_withCaridae_correct.tre,existing_file,Imported from phylogeny workflow outputs.,15,TRUE,TRUE,1.00000000003,7.45410652886000,0
main_dataset,ultrametric_with_caridae,PC4,Pagel_lambda,7.88084938657480e-05,20.562572507964646,1.00000000000000e+00,NA,data/phylogeny/P01_Trees/curc_fig1_ultrametric_withCaridae_correct.tre,existing_file,Imported from phylogeny workflow outputs.,15,TRUE,TRUE,1.00000000003,7.45410652886000,0
main_dataset,ultrametric_with_caridae,PC5,Blomberg_K,3.32066813733808e-01,NA,2.58000000000000e-01,NA,data/phylogeny/P01_Trees/curc_fig1_ultrametric_withCaridae_correct.tre,existing_file,Imported from phylogeny workflow outputs.,15,TRUE,TRUE,1.00000000003,7.45410652886000,0
main_dataset,ultrametric_with_caridae,PC5,Pagel_lambda,7.88084938657480e-05,26.793146126336083,1.00000000000000e+00,NA,data/phylogeny/P01_Trees/curc_fig1_ultrametric_withCaridae_correct.tre,existing_file,Imported from phylogeny workflow outputs.,15,TRUE,TRUE,1.00000000003,7.45410652886000,0
main_dataset,ultrametric_with_caridae,abs_winding_angle_deg,Blomberg_K,8.88582286394797e-01,NA,1.60000000000000e-02,NA,data/phylogeny/P01_Trees/curc_fig1_ultrametric_withCaridae_correct.tre,existing_file,Imported from phylogeny workflow outputs.,15,TRUE,TRUE,1.00000000003,7.45410652886000,0
main_dataset,ultrametric_with_caridae,abs_winding_angle_deg,Pagel_lambda,7.72947853410397e-01,-81.867227894378090,1.61304591230858e-02,NA,data/phylogeny/P01_Trees/curc_fig1_ultrametric_withCaridae_correct.tre,existing_file,Imported from phylogeny workflow outputs.,15,TRUE,TRUE,1.00000000003,7.45410652886000,0
main_dataset,ultrametric_with_caridae,n_turns_abs,Blomberg_K,8.88582286394796e-01,NA,1.00000000000000e-02,NA,data/phylogeny/P01_Trees/curc_fig1_ultrametric_withCaridae_correct.tre,existing_file,Imported from phylogeny workflow outputs.,15,TRUE,TRUE,1.00000000003,7.45410652886000,0
main_dataset,ultrametric_with_caridae,n_turns_abs,Pagel_lambda,7.72947853409246e-01,0.538228545924085,1.61304591230862e-02,NA,data/phylogeny/P01_Trees/curc_fig1_ultrametric_withCaridae_correct.tre,existing_file,Imported from phylogeny workflow outputs.,15,TRUE,TRUE,1.00000000003,7.45410652886000,0
main_dataset,ultrametric_with_caridae,start_end_dist,Blomberg_K,1.35755387813044e-01,NA,9.39000000000001e-01,NA,data/phylogeny/P01_Trees/curc_fig1_ultrametric_withCaridae_correct.tre,existing_file,Imported from phylogeny workflow outputs.,15,TRUE,TRUE,1.00000000003,7.45410652886000,0
main_dataset,ultrametric_with_caridae,start_end_dist,Pagel_lambda,7.92607624861932e-05,18.697860099280028,1.00000000000000e+00,NA,data/phylogeny/P01_Trees/curc_fig1_ultrametric_withCaridae_correct.tre,existing_file,Imported from phylogeny workflow outputs.,15,TRUE,TRUE,1.00000000003,7.45410652886000,0
main_dataset,ultrametric_with_caridae,axial_span,Blomberg_K,3.61200429088082e-01,NA,1.97000000000000e-01,NA,data/phylogeny/P01_Trees/curc_fig1_ultrametric_withCaridae_correct.tre,existing_file,Imported from phylogeny workflow outputs.,15,TRUE,TRUE,1.00000000003,7.45410652886000,0
main_dataset,ultrametric_with_caridae,axial_span,Pagel_lambda,4.42685941857591e-01,17.693189514806949,4.14040482397313e-01,NA,data/phylogeny/P01_Trees/curc_fig1_ultrametric_withCaridae_correct.tre,existing_file,Imported from phylogeny workflow outputs.,15,TRUE,TRUE,1.00000000003,7.45410652886000,0
main_dataset,ultrametric_with_caridae,axial_pitch_360,Blomberg_K,4.22040901584723e-01,NA,1.59000000000000e-01,NA,data/phylogeny/P01_Trees/curc_fig1_ultrametric_withCaridae_correct.tre,existing_file,Imported from phylogeny workflow outputs.,15,TRUE,TRUE,1.00000000003,7.45410652886000,0
main_dataset,ultrametric_with_caridae,axial_pitch_360,Pagel_lambda,6.68781686567466e-01,19.106953878692515,6.64730087821927e-01,NA,data/phylogeny/P01_Trees/curc_fig1_ultrametric_withCaridae_correct.tre,existing_file,Imported from phylogeny workflow outputs.,15,TRUE,TRUE,1.00000000003,7.45410652886000,0
main_dataset,ultrametric_with_caridae,fit_radius,Blomberg_K,1.22182267412489e+00,NA,3.00000000000000e-03,NA,data/phylogeny/P01_Trees/curc_fig1_ultrametric_withCaridae_correct.tre,existing_file,Imported from phylogeny workflow outputs.,15,TRUE,TRUE,1.00000000003,7.45410652886000,0
main_dataset,ultrametric_with_caridae,fit_radius,Pagel_lambda,1.05941833992405e+00,34.215897095961566,2.30638922571807e-04,NA,data/phylogeny/P01_Trees/curc_fig1_ultrametric_withCaridae_correct.tre,existing_file,Imported from phylogeny workflow outputs.,15,TRUE,TRUE,1.00000000003,7.45410652886000,0
main_dataset,ultrametric_with_caridae,centroid_size,Blomberg_K,8.25350577341803e-01,NA,1.10000000000000e-02,NA,data/phylogeny/P01_Trees/curc_fig1_ultrametric_withCaridae_correct.tre,existing_file,Imported from phylogeny workflow outputs.,15,TRUE,TRUE,1.00000000003,7.45410652886000,0
main_dataset,ultrametric_with_caridae,centroid_size,Pagel_lambda,6.95162400726872e-01,-80.102631805796491,5.02202608393799e-02,NA,data/phylogeny/P01_Trees/curc_fig1_ultrametric_withCaridae_correct.tre,existing_file,Imported from phylogeny workflow outputs.,15,TRUE,TRUE,1.00000000003,7.45410652886000,0
main_dataset,historical_223_calibration,PC1,Blomberg_K,1.69605147768914e+00,NA,1.00000000000000e-03,NA,data/phylogeny/P01_Trees/candidate_historical_223.tre,existing_file,Imported from phylogeny workflow outputs.,15,TRUE,TRUE,223.00000001300,2084.37987039000018,0
main_dataset,historical_223_calibration,PC1,Pagel_lambda,1.14072452606432e+00,17.461619165014429,1.12655000742896e-04,NA,data/phylogeny/P01_Trees/candidate_historical_223.tre,existing_file,Imported from phylogeny workflow outputs.,15,TRUE,TRUE,223.00000001300,2084.37987039000018,0
main_dataset,historical_223_calibration,PC2,Blomberg_K,1.70522797948022e+00,NA,1.00000000000000e-03,NA,data/phylogeny/P01_Trees/candidate_historical_223.tre,existing_file,Imported from phylogeny workflow outputs.,15,TRUE,TRUE,223.00000001300,2084.37987039000018,0
main_dataset,historical_223_calibration,PC2,Pagel_lambda,1.12008512048192e+00,17.141460605914748,1.70584353775227e-03,NA,data/phylogeny/P01_Trees/candidate_historical_223.tre,existing_file,Imported from phylogeny workflow outputs.,15,TRUE,TRUE,223.00000001300,2084.37987039000018,0
main_dataset,historical_223_calibration,PC3,Blomberg_K,6.64895532448441e-01,NA,2.95000000000000e-01,NA,data/phylogeny/P01_Trees/candidate_historical_223.tre,existing_file,Imported from phylogeny workflow outputs.,15,TRUE,TRUE,223.00000001300,2084.37987039000018,0
main_dataset,historical_223_calibration,PC3,Pagel_lambda,4.30542001610062e-05,17.378268902023450,1.00000000000000e+00,NA,data/phylogeny/P01_Trees/candidate_historical_223.tre,existing_file,Imported from phylogeny workflow outputs.,15,TRUE,TRUE,223.00000001300,2084.37987039000018,0
main_dataset,historical_223_calibration,PC4,Blomberg_K,8.34483346135141e-01,NA,6.90000000000000e-02,NA,data/phylogeny/P01_Trees/candidate_historical_223.tre,existing_file,Imported from phylogeny workflow outputs.,15,TRUE,TRUE,223.00000001300,2084.37987039000018,0
main_dataset,historical_223_calibration,PC4,Pagel_lambda,9.31999725040018e-01,20.693221625582627,6.09411371720229e-01,NA,data/phylogeny/P01_Trees/candidate_historical_223.tre,existing_file,Imported from phylogeny workflow outputs.,15,TRUE,TRUE,223.00000001300,2084.37987039000018,0
main_dataset,historical_223_calibration,PC5,Blomberg_K,8.32697306463859e-01,NA,1.00000000000000e-01,NA,data/phylogeny/P01_Trees/candidate_historical_223.tre,existing_file,Imported from phylogeny workflow outputs.,15,TRUE,TRUE,223.00000001300,2084.37987039000018,0
main_dataset,historical_223_calibration,PC5,Pagel_lambda,5.11572174449098e-01,27.003485915989408,5.16641356757246e-01,NA,data/phylogeny/P01_Trees/candidate_historical_223.tre,existing_file,Imported from phylogeny workflow outputs.,15,TRUE,TRUE,223.00000001300,2084.37987039000018,0
main_dataset,historical_223_calibration,abs_winding_angle_deg,Blomberg_K,1.74713671561088e+00,NA,1.00000000000000e-03,NA,data/phylogeny/P01_Trees/candidate_historical_223.tre,existing_file,Imported from phylogeny workflow outputs.,15,TRUE,TRUE,223.00000001300,2084.37987039000018,0
main_dataset,historical_223_calibration,abs_winding_angle_deg,Pagel_lambda,1.11894901798869e+00,-80.298138885383338,2.81020137642246e-03,NA,data/phylogeny/P01_Trees/candidate_historical_223.tre,existing_file,Imported from phylogeny workflow outputs.,15,TRUE,TRUE,223.00000001300,2084.37987039000018,0
main_dataset,historical_223_calibration,n_turns_abs,Blomberg_K,1.74713671561087e+00,NA,3.00000000000000e-03,NA,data/phylogeny/P01_Trees/candidate_historical_223.tre,existing_file,Imported from phylogeny workflow outputs.,15,TRUE,TRUE,223.00000001300,2084.37987039000018,0
main_dataset,historical_223_calibration,n_turns_abs,Pagel_lambda,1.11894901798863e+00,2.107317554918829,2.81020137642254e-03,NA,data/phylogeny/P01_Trees/candidate_historical_223.tre,existing_file,Imported from phylogeny workflow outputs.,15,TRUE,TRUE,223.00000001300,2084.37987039000018,0
main_dataset,historical_223_calibration,start_end_dist,Blomberg_K,5.23713563320904e-01,NA,6.03000000000000e-01,NA,data/phylogeny/P01_Trees/candidate_historical_223.tre,existing_file,Imported from phylogeny workflow outputs.,15,TRUE,TRUE,223.00000001300,2084.37987039000018,0
main_dataset,historical_223_calibration,start_end_dist,Pagel_lambda,4.36026388252858e-05,18.698079396884893,1.00000000000000e+00,NA,data/phylogeny/P01_Trees/candidate_historical_223.tre,existing_file,Imported from phylogeny workflow outputs.,15,TRUE,TRUE,223.00000001300,2084.37987039000018,0
main_dataset,historical_223_calibration,axial_span,Blomberg_K,9.55492191716104e-01,NA,4.50000000000000e-02,NA,data/phylogeny/P01_Trees/candidate_historical_223.tre,existing_file,Imported from phylogeny workflow outputs.,15,TRUE,TRUE,223.00000001300,2084.37987039000018,0
main_dataset,historical_223_calibration,axial_span,Pagel_lambda,1.07651495772060e+00,18.226058916151469,1.88040011880350e-01,NA,data/phylogeny/P01_Trees/candidate_historical_223.tre,existing_file,Imported from phylogeny workflow outputs.,15,TRUE,TRUE,223.00000001300,2084.37987039000018,0
main_dataset,historical_223_calibration,axial_pitch_360,Blomberg_K,8.39046091612820e-01,NA,9.80000000000001e-02,NA,data/phylogeny/P01_Trees/candidate_historical_223.tre,existing_file,Imported from phylogeny workflow outputs.,15,TRUE,TRUE,223.00000001300,2084.37987039000018,0
main_dataset,historical_223_calibration,axial_pitch_360,Pagel_lambda,1.05378189733347e+00,19.627210236896889,2.67729867798925e-01,NA,data/phylogeny/P01_Trees/candidate_historical_223.tre,existing_file,Imported from phylogeny workflow outputs.,15,TRUE,TRUE,223.00000001300,2084.37987039000018,0
main_dataset,historical_223_calibration,fit_radius,Blomberg_K,1.24826189202857e+00,NA,1.30000000000000e-02,NA,data/phylogeny/P01_Trees/candidate_historical_223.tre,existing_file,Imported from phylogeny workflow outputs.,15,TRUE,TRUE,223.00000001300,2084.37987039000018,0
main_dataset,historical_223_calibration,fit_radius,Pagel_lambda,1.12351710335528e+00,31.735223695013008,3.35784215733620e-03,NA,data/phylogeny/P01_Trees/candidate_historical_223.tre,existing_file,Imported from phylogeny workflow outputs.,15,TRUE,TRUE,223.00000001300,2084.37987039000018,0
main_dataset,historical_223_calibration,centroid_size,Blomberg_K,1.40957549253372e+00,NA,7.00000000000000e-03,NA,data/phylogeny/P01_Trees/candidate_historical_223.tre,existing_file,Imported from phylogeny workflow outputs.,15,TRUE,TRUE,223.00000001300,2084.37987039000018,0
main_dataset,historical_223_calibration,centroid_size,Pagel_lambda,1.12831681861079e+00,-79.760849296099295,3.35467915732690e-02,NA,data/phylogeny/P01_Trees/candidate_historical_223.tre,existing_file,Imported from phylogeny workflow outputs.,15,TRUE,TRUE,223.00000001300,2084.37987039000018,0
main_dataset,fixed_195_calibration,PC1,Blomberg_K,1.60882803298720e+00,NA,6.00000000000000e-03,NA,data/phylogeny/P01_Trees/candidate_fixed_195.tre,existing_file,Imported from phylogeny workflow outputs.,15,TRUE,TRUE,195.00000003000,1740.61792733599987,0
main_dataset,fixed_195_calibration,PC1,Pagel_lambda,1.12590273989576e+00,17.152683465813301,1.56366862311445e-04,NA,data/phylogeny/P01_Trees/candidate_fixed_195.tre,existing_file,Imported from phylogeny workflow outputs.,15,TRUE,TRUE,195.00000003000,1740.61792733599987,0
main_dataset,fixed_195_calibration,PC2,Blomberg_K,1.79751050242620e+00,NA,2.00000000000000e-03,NA,data/phylogeny/P01_Trees/candidate_fixed_195.tre,existing_file,Imported from phylogeny workflow outputs.,15,TRUE,TRUE,195.00000003000,1740.61792733599987,0
main_dataset,fixed_195_calibration,PC2,Pagel_lambda,1.10604041936729e+00,17.295685262960259,1.44276551218877e-03,NA,data/phylogeny/P01_Trees/candidate_fixed_195.tre,existing_file,Imported from phylogeny workflow outputs.,15,TRUE,TRUE,195.00000003000,1740.61792733599987,0
main_dataset,fixed_195_calibration,PC3,Blomberg_K,6.36577325570501e-01,NA,3.09000000000000e-01,NA,data/phylogeny/P01_Trees/candidate_fixed_195.tre,existing_file,Imported from phylogeny workflow outputs.,15,TRUE,TRUE,195.00000003000,1740.61792733599987,0
main_dataset,fixed_195_calibration,PC3,Pagel_lambda,4.19561645018208e-05,17.378261354791057,1.00000000000000e+00,NA,data/phylogeny/P01_Trees/candidate_fixed_195.tre,existing_file,Imported from phylogeny workflow outputs.,15,TRUE,TRUE,195.00000003000,1740.61792733599987,0
main_dataset,fixed_195_calibration,PC4,Blomberg_K,7.99015295778166e-01,NA,8.80000000000001e-02,NA,data/phylogeny/P01_Trees/candidate_fixed_195.tre,existing_file,Imported from phylogeny workflow outputs.,15,TRUE,TRUE,195.00000003000,1740.61792733599987,0
main_dataset,fixed_195_calibration,PC4,Pagel_lambda,4.19561645018208e-05,20.562662593100100,1.00000000000000e+00,NA,data/phylogeny/P01_Trees/candidate_fixed_195.tre,existing_file,Imported from phylogeny workflow outputs.,15,TRUE,TRUE,195.00000003000,1740.61792733599987,0
main_dataset,fixed_195_calibration,PC5,Blomberg_K,8.25592200107095e-01,NA,8.10000000000001e-02,NA,data/phylogeny/P01_Trees/candidate_fixed_195.tre,existing_file,Imported from phylogeny workflow outputs.,15,TRUE,TRUE,195.00000003000,1740.61792733599987,0
main_dataset,fixed_195_calibration,PC5,Pagel_lambda,5.11003909904107e-01,27.011804704654111,5.08462233382693e-01,NA,data/phylogeny/P01_Trees/candidate_fixed_195.tre,existing_file,Imported from phylogeny workflow outputs.,15,TRUE,TRUE,195.00000003000,1740.61792733599987,0
main_dataset,fixed_195_calibration,abs_winding_angle_deg,Blomberg_K,1.77247822587688e+00,NA,1.00000000000000e-03,NA,data/phylogeny/P01_Trees/candidate_fixed_195.tre,existing_file,Imported from phylogeny workflow outputs.,15,TRUE,TRUE,195.00000003000,1740.61792733599987,0
main_dataset,fixed_195_calibration,abs_winding_angle_deg,Pagel_lambda,1.10614009342255e+00,-80.353852231790299,2.98707210139863e-03,NA,data/phylogeny/P01_Trees/candidate_fixed_195.tre,existing_file,Imported from phylogeny workflow outputs.,15,TRUE,TRUE,195.00000003000,1740.61792733599987,0
main_dataset,fixed_195_calibration,n_turns_abs,Blomberg_K,1.77247822587688e+00,NA,1.00000000000000e-03,NA,data/phylogeny/P01_Trees/candidate_fixed_195.tre,existing_file,Imported from phylogeny workflow outputs.,15,TRUE,TRUE,195.00000003000,1740.61792733599987,0
main_dataset,fixed_195_calibration,n_turns_abs,Pagel_lambda,1.10614009342288e+00,2.051604208511868,2.98707210139869e-03,NA,data/phylogeny/P01_Trees/candidate_fixed_195.tre,existing_file,Imported from phylogeny workflow outputs.,15,TRUE,TRUE,195.00000003000,1740.61792733599987,0
main_dataset,fixed_195_calibration,start_end_dist,Blomberg_K,4.93171557099588e-01,NA,6.15000000000000e-01,NA,data/phylogeny/P01_Trees/candidate_fixed_195.tre,existing_file,Imported from phylogeny workflow outputs.,15,TRUE,TRUE,195.00000003000,1740.61792733599987,0
main_dataset,fixed_195_calibration,start_end_dist,Pagel_lambda,4.25604988132442e-05,18.698069612270970,1.00000000000000e+00,NA,data/phylogeny/P01_Trees/candidate_fixed_195.tre,existing_file,Imported from phylogeny workflow outputs.,15,TRUE,TRUE,195.00000003000,1740.61792733599987,0
main_dataset,fixed_195_calibration,axial_span,Blomberg_K,9.39363418796296e-01,NA,4.00000000000000e-02,NA,data/phylogeny/P01_Trees/candidate_fixed_195.tre,existing_file,Imported from phylogeny workflow outputs.,15,TRUE,TRUE,195.00000003000,1740.61792733599987,0
main_dataset,fixed_195_calibration,axial_span,Pagel_lambda,1.05410140186450e+00,18.117128597036260,2.18370596399735e-01,NA,data/phylogeny/P01_Trees/candidate_fixed_195.tre,existing_file,Imported from phylogeny workflow outputs.,15,TRUE,TRUE,195.00000003000,1740.61792733599987,0
main_dataset,fixed_195_calibration,axial_pitch_360,Blomberg_K,8.21205940385846e-01,NA,9.90000000000001e-02,NA,data/phylogeny/P01_Trees/candidate_fixed_195.tre,existing_file,Imported from phylogeny workflow outputs.,15,TRUE,TRUE,195.00000003000,1740.61792733599987,0
main_dataset,fixed_195_calibration,axial_pitch_360,Pagel_lambda,1.04193064136452e+00,19.612892648661106,2.73380432354358e-01,NA,data/phylogeny/P01_Trees/candidate_fixed_195.tre,existing_file,Imported from phylogeny workflow outputs.,15,TRUE,TRUE,195.00000003000,1740.61792733599987,0
main_dataset,fixed_195_calibration,fit_radius,Blomberg_K,1.19858181523242e+00,NA,1.60000000000000e-02,NA,data/phylogeny/P01_Trees/candidate_fixed_195.tre,existing_file,Imported from phylogeny workflow outputs.,15,TRUE,TRUE,195.00000003000,1740.61792733599987,0
main_dataset,fixed_195_calibration,fit_radius,Pagel_lambda,1.11126748945224e+00,31.575044246834459,4.00467417509258e-03,NA,data/phylogeny/P01_Trees/candidate_fixed_195.tre,existing_file,Imported from phylogeny workflow outputs.,15,TRUE,TRUE,195.00000003000,1740.61792733599987,0
main_dataset,fixed_195_calibration,centroid_size,Blomberg_K,1.45778744694178e+00,NA,3.00000000000000e-03,NA,data/phylogeny/P01_Trees/candidate_fixed_195.tre,existing_file,Imported from phylogeny workflow outputs.,15,TRUE,TRUE,195.00000003000,1740.61792733599987,0
main_dataset,fixed_195_calibration,centroid_size,Pagel_lambda,1.11368689645076e+00,-79.745345671011464,3.29444858301936e-02,NA,data/phylogeny/P01_Trees/candidate_fixed_195.tre,existing_file,Imported from phylogeny workflow outputs.,15,TRUE,TRUE,195.00000003000,1740.61792733599987,0
main_dataset,interval_157_3_195_calibration,PC1,Blomberg_K,1.66069613675024e+00,NA,3.00000000000000e-03,NA,data/phylogeny/P01_Trees/candidate_interval_157_3_195.tre,existing_file,Imported from phylogeny workflow outputs.,15,TRUE,TRUE,176.49736953500,1654.61692485499998,0
main_dataset,interval_157_3_195_calibration,PC1,Pagel_lambda,1.14106349800705e+00,17.318627314003773,1.31104877127697e-04,NA,data/phylogeny/P01_Trees/candidate_interval_157_3_195.tre,existing_file,Imported from phylogeny workflow outputs.,15,TRUE,TRUE,176.49736953500,1654.61692485499998,0
main_dataset,interval_157_3_195_calibration,PC2,Blomberg_K,1.68411372578064e+00,NA,1.00000000000000e-03,NA,data/phylogeny/P01_Trees/candidate_interval_157_3_195.tre,existing_file,Imported from phylogeny workflow outputs.,15,TRUE,TRUE,176.49736953500,1654.61692485499998,0
main_dataset,interval_157_3_195_calibration,PC2,Pagel_lambda,1.12045495967307e+00,17.051862829899836,1.88050051131024e-03,NA,data/phylogeny/P01_Trees/candidate_interval_157_3_195.tre,existing_file,Imported from phylogeny workflow outputs.,15,TRUE,TRUE,176.49736953500,1654.61692485499998,0
main_dataset,interval_157_3_195_calibration,PC3,Blomberg_K,6.66290441346769e-01,NA,3.38000000000000e-01,NA,data/phylogeny/P01_Trees/candidate_interval_157_3_195.tre,existing_file,Imported from phylogeny workflow outputs.,15,TRUE,TRUE,176.49736953500,1654.61692485499998,0
main_dataset,interval_157_3_195_calibration,PC3,Pagel_lambda,4.30757304226167e-05,17.378268087720137,1.00000000000000e+00,NA,data/phylogeny/P01_Trees/candidate_interval_157_3_195.tre,existing_file,Imported from phylogeny workflow outputs.,15,TRUE,TRUE,176.49736953500,1654.61692485499998,0
main_dataset,interval_157_3_195_calibration,PC4,Blomberg_K,8.32619627856024e-01,NA,9.60000000000001e-02,NA,data/phylogeny/P01_Trees/candidate_interval_157_3_195.tre,existing_file,Imported from phylogeny workflow outputs.,15,TRUE,TRUE,176.49736953500,1654.61692485499998,0
main_dataset,interval_157_3_195_calibration,PC4,Pagel_lambda,9.27316529038573e-01,20.669132386925455,6.44539216491969e-01,NA,data/phylogeny/P01_Trees/candidate_interval_157_3_195.tre,existing_file,Imported from phylogeny workflow outputs.,15,TRUE,TRUE,176.49736953500,1654.61692485499998,0
main_dataset,interval_157_3_195_calibration,PC5,Blomberg_K,8.45184731928201e-01,NA,9.90000000000001e-02,NA,data/phylogeny/P01_Trees/candidate_interval_157_3_195.tre,existing_file,Imported from phylogeny workflow outputs.,15,TRUE,TRUE,176.49736953500,1654.61692485499998,0
main_dataset,interval_157_3_195_calibration,PC5,Pagel_lambda,5.21974243882702e-01,27.045758440872760,4.77251217826433e-01,NA,data/phylogeny/P01_Trees/candidate_interval_157_3_195.tre,existing_file,Imported from phylogeny workflow outputs.,15,TRUE,TRUE,176.49736953500,1654.61692485499998,0
main_dataset,interval_157_3_195_calibration,abs_winding_angle_deg,Blomberg_K,1.72977030974916e+00,NA,2.00000000000000e-03,NA,data/phylogeny/P01_Trees/candidate_interval_157_3_195.tre,existing_file,Imported from phylogeny workflow outputs.,15,TRUE,TRUE,176.49736953500,1654.61692485499998,0
main_dataset,interval_157_3_195_calibration,abs_winding_angle_deg,Pagel_lambda,1.11918615135147e+00,-80.366014075223617,3.02716202755122e-03,NA,data/phylogeny/P01_Trees/candidate_interval_157_3_195.tre,existing_file,Imported from phylogeny workflow outputs.,15,TRUE,TRUE,176.49736953500,1654.61692485499998,0
main_dataset,interval_157_3_195_calibration,n_turns_abs,Blomberg_K,1.72977030974916e+00,NA,1.00000000000000e-03,NA,data/phylogeny/P01_Trees/candidate_interval_157_3_195.tre,existing_file,Imported from phylogeny workflow outputs.,15,TRUE,TRUE,176.49736953500,1654.61692485499998,0
main_dataset,interval_157_3_195_calibration,n_turns_abs,Pagel_lambda,1.11918615135147e+00,2.039442365078571,3.02716202755118e-03,NA,data/phylogeny/P01_Trees/candidate_interval_157_3_195.tre,existing_file,Imported from phylogeny workflow outputs.,15,TRUE,TRUE,176.49736953500,1654.61692485499998,0
main_dataset,interval_157_3_195_calibration,start_end_dist,Blomberg_K,5.24991563620162e-01,NA,5.93000000000000e-01,NA,data/phylogeny/P01_Trees/candidate_interval_157_3_195.tre,existing_file,Imported from phylogeny workflow outputs.,15,TRUE,TRUE,176.49736953500,1654.61692485499998,0
main_dataset,interval_157_3_195_calibration,start_end_dist,Pagel_lambda,4.36268341787305e-05,18.698078338173694,1.00000000000000e+00,NA,data/phylogeny/P01_Trees/candidate_interval_157_3_195.tre,existing_file,Imported from phylogeny workflow outputs.,15,TRUE,TRUE,176.49736953500,1654.61692485499998,0
main_dataset,interval_157_3_195_calibration,axial_span,Blomberg_K,9.61253532798313e-01,NA,6.60000000000000e-02,NA,data/phylogeny/P01_Trees/candidate_interval_157_3_195.tre,existing_file,Imported from phylogeny workflow outputs.,15,TRUE,TRUE,176.49736953500,1654.61692485499998,0
main_dataset,interval_157_3_195_calibration,axial_span,Pagel_lambda,1.07796924307988e+00,18.240615578307324,1.84372658888598e-01,NA,data/phylogeny/P01_Trees/candidate_interval_157_3_195.tre,existing_file,Imported from phylogeny workflow outputs.,15,TRUE,TRUE,176.49736953500,1654.61692485499998,0
main_dataset,interval_157_3_195_calibration,axial_pitch_360,Blomberg_K,8.42624428654189e-01,NA,9.30000000000001e-02,NA,data/phylogeny/P01_Trees/candidate_interval_157_3_195.tre,existing_file,Imported from phylogeny workflow outputs.,15,TRUE,TRUE,176.49736953500,1654.61692485499998,0
main_dataset,interval_157_3_195_calibration,axial_pitch_360,Pagel_lambda,1.05385821502976e+00,19.630279398507543,2.66537633079283e-01,NA,data/phylogeny/P01_Trees/candidate_interval_157_3_195.tre,existing_file,Imported from phylogeny workflow outputs.,15,TRUE,TRUE,176.49736953500,1654.61692485499998,0
main_dataset,interval_157_3_195_calibration,fit_radius,Blomberg_K,1.23780999174400e+00,NA,1.70000000000000e-02,NA,data/phylogeny/P01_Trees/candidate_interval_157_3_195.tre,existing_file,Imported from phylogeny workflow outputs.,15,TRUE,TRUE,176.49736953500,1654.61692485499998,0
main_dataset,interval_157_3_195_calibration,fit_radius,Pagel_lambda,1.12388945791162e+00,31.644500600460226,3.70991896675503e-03,NA,data/phylogeny/P01_Trees/candidate_interval_157_3_195.tre,existing_file,Imported from phylogeny workflow outputs.,15,TRUE,TRUE,176.49736953500,1654.61692485499998,0
main_dataset,interval_157_3_195_calibration,centroid_size,Blomberg_K,1.40495419106723e+00,NA,3.00000000000000e-03,NA,data/phylogeny/P01_Trees/candidate_interval_157_3_195.tre,existing_file,Imported from phylogeny workflow outputs.,15,TRUE,TRUE,176.49736953500,1654.61692485499998,0
main_dataset,interval_157_3_195_calibration,centroid_size,Pagel_lambda,1.12896708279101e+00,-79.742515316769229,3.28357531097087e-02,NA,data/phylogeny/P01_Trees/candidate_interval_157_3_195.tre,existing_file,Imported from phylogeny workflow outputs.,15,TRUE,TRUE,176.49736953500,1654.61692485499998,0
main_dataset,interval_157_3_170_calibration,PC1,Blomberg_K,1.67636764753516e+00,NA,3.00000000000000e-03,NA,data/phylogeny/P01_Trees/candidate_interval_157_3_170.tre,existing_file,Imported from phylogeny workflow outputs.,15,TRUE,TRUE,166.07723750000,1598.94413811499999,0
main_dataset,interval_157_3_170_calibration,PC1,Pagel_lambda,1.15152787131450e+00,17.371388365715021,1.23967271424468e-04,NA,data/phylogeny/P01_Trees/candidate_interval_157_3_170.tre,existing_file,Imported from phylogeny workflow outputs.,15,TRUE,TRUE,166.07723750000,1598.94413811499999,0
main_dataset,interval_157_3_170_calibration,PC2,Blomberg_K,1.63056389855449e+00,NA,1.00000000000000e-03,NA,data/phylogeny/P01_Trees/candidate_interval_157_3_170.tre,existing_file,Imported from phylogeny workflow outputs.,15,TRUE,TRUE,166.07723750000,1598.94413811499999,0
main_dataset,interval_157_3_170_calibration,PC2,Pagel_lambda,1.13047035437398e+00,16.939862729153401,2.12457464417836e-03,NA,data/phylogeny/P01_Trees/candidate_interval_157_3_170.tre,existing_file,Imported from phylogeny workflow outputs.,15,TRUE,TRUE,166.07723750000,1598.94413811499999,0
main_dataset,interval_157_3_170_calibration,PC3,Blomberg_K,6.83526120296619e-01,NA,3.13000000000000e-01,NA,data/phylogeny/P01_Trees/candidate_interval_157_3_170.tre,existing_file,Imported from phylogeny workflow outputs.,15,TRUE,TRUE,166.07723750000,1598.94413811499999,0
main_dataset,interval_157_3_170_calibration,PC3,Pagel_lambda,4.38506234957733e-05,17.378271815608489,1.00000000000000e+00,NA,data/phylogeny/P01_Trees/candidate_interval_157_3_170.tre,existing_file,Imported from phylogeny workflow outputs.,15,TRUE,TRUE,166.07723750000,1598.94413811499999,0
main_dataset,interval_157_3_170_calibration,PC4,Blomberg_K,8.55424645399016e-01,NA,7.50000000000001e-02,NA,data/phylogeny/P01_Trees/candidate_interval_157_3_170.tre,existing_file,Imported from phylogeny workflow outputs.,15,TRUE,TRUE,166.07723750000,1598.94413811499999,0
main_dataset,interval_157_3_170_calibration,PC4,Pagel_lambda,9.39633584847138e-01,20.761399666029366,5.28440745586156e-01,NA,data/phylogeny/P01_Trees/candidate_interval_157_3_170.tre,existing_file,Imported from phylogeny workflow outputs.,15,TRUE,TRUE,166.07723750000,1598.94413811499999,0
main_dataset,interval_157_3_170_calibration,PC5,Blomberg_K,8.53034812130305e-01,NA,9.80000000000001e-02,NA,data/phylogeny/P01_Trees/candidate_interval_157_3_170.tre,existing_file,Imported from phylogeny workflow outputs.,15,TRUE,TRUE,166.07723750000,1598.94413811499999,0
main_dataset,interval_157_3_170_calibration,PC5,Pagel_lambda,5.26183136990396e-01,27.050678436322961,4.72991856110277e-01,NA,data/phylogeny/P01_Trees/candidate_interval_157_3_170.tre,existing_file,Imported from phylogeny workflow outputs.,15,TRUE,TRUE,166.07723750000,1598.94413811499999,0
main_dataset,interval_157_3_170_calibration,abs_winding_angle_deg,Blomberg_K,1.70192631718598e+00,NA,2.00000000000000e-03,NA,data/phylogeny/P01_Trees/candidate_interval_157_3_170.tre,existing_file,Imported from phylogeny workflow outputs.,15,TRUE,TRUE,166.07723750000,1598.94413811499999,0
main_dataset,interval_157_3_170_calibration,abs_winding_angle_deg,Pagel_lambda,1.12879847507277e+00,-80.379991671070712,3.07391307302315e-03,NA,data/phylogeny/P01_Trees/candidate_interval_157_3_170.tre,existing_file,Imported from phylogeny workflow outputs.,15,TRUE,TRUE,166.07723750000,1598.94413811499999,0
main_dataset,interval_157_3_170_calibration,n_turns_abs,Blomberg_K,1.70192631718598e+00,NA,1.00000000000000e-03,NA,data/phylogeny/P01_Trees/candidate_interval_157_3_170.tre,existing_file,Imported from phylogeny workflow outputs.,15,TRUE,TRUE,166.07723750000,1598.94413811499999,0
main_dataset,interval_157_3_170_calibration,n_turns_abs,Pagel_lambda,1.12879847507293e+00,2.025464769231451,3.07391307302317e-03,NA,data/phylogeny/P01_Trees/candidate_interval_157_3_170.tre,existing_file,Imported from phylogeny workflow outputs.,15,TRUE,TRUE,166.07723750000,1598.94413811499999,0
main_dataset,interval_157_3_170_calibration,start_end_dist,Blomberg_K,5.45309695579427e-01,NA,5.75000000000000e-01,NA,data/phylogeny/P01_Trees/candidate_interval_157_3_170.tre,existing_file,Imported from phylogeny workflow outputs.,15,TRUE,TRUE,166.07723750000,1598.94413811499999,0
main_dataset,interval_157_3_170_calibration,start_end_dist,Pagel_lambda,4.43831161893986e-05,18.698083947945261,1.00000000000000e+00,NA,data/phylogeny/P01_Trees/candidate_interval_157_3_170.tre,existing_file,Imported from phylogeny workflow outputs.,15,TRUE,TRUE,166.07723750000,1598.94413811499999,0
main_dataset,interval_157_3_170_calibration,axial_span,Blomberg_K,9.69492607804739e-01,NA,5.50000000000000e-02,NA,data/phylogeny/P01_Trees/candidate_interval_157_3_170.tre,existing_file,Imported from phylogeny workflow outputs.,15,TRUE,TRUE,166.07723750000,1598.94413811499999,0
main_dataset,interval_157_3_170_calibration,axial_span,Pagel_lambda,1.09055318658939e+00,18.294856945172011,1.71417420634024e-01,NA,data/phylogeny/P01_Trees/candidate_interval_157_3_170.tre,existing_file,Imported from phylogeny workflow outputs.,15,TRUE,TRUE,166.07723750000,1598.94413811499999,0
main_dataset,interval_157_3_170_calibration,axial_pitch_360,Blomberg_K,8.54103561223411e-01,NA,1.07000000000000e-01,NA,data/phylogeny/P01_Trees/candidate_interval_157_3_170.tre,existing_file,Imported from phylogeny workflow outputs.,15,TRUE,TRUE,166.07723750000,1598.94413811499999,0
main_dataset,interval_157_3_170_calibration,axial_pitch_360,Pagel_lambda,1.06266657078448e+00,19.641034711927421,2.62411457649161e-01,NA,data/phylogeny/P01_Trees/candidate_interval_157_3_170.tre,existing_file,Imported from phylogeny workflow outputs.,15,TRUE,TRUE,166.07723750000,1598.94413811499999,0
main_dataset,interval_157_3_170_calibration,fit_radius,Blomberg_K,1.25684582907779e+00,NA,9.00000000000000e-03,NA,data/phylogeny/P01_Trees/candidate_interval_157_3_170.tre,existing_file,Imported from phylogeny workflow outputs.,15,TRUE,TRUE,166.07723750000,1598.94413811499999,0
main_dataset,interval_157_3_170_calibration,fit_radius,Pagel_lambda,1.13308464956430e+00,31.679171617192054,3.57113791000017e-03,NA,data/phylogeny/P01_Trees/candidate_interval_157_3_170.tre,existing_file,Imported from phylogeny workflow outputs.,15,TRUE,TRUE,166.07723750000,1598.94413811499999,0
main_dataset,interval_157_3_170_calibration,centroid_size,Blomberg_K,1.37738826517090e+00,NA,3.00000000000000e-03,NA,data/phylogeny/P01_Trees/candidate_interval_157_3_170.tre,existing_file,Imported from phylogeny workflow outputs.,15,TRUE,TRUE,166.07723750000,1598.94413811499999,0
main_dataset,interval_157_3_170_calibration,centroid_size,Pagel_lambda,1.13929642343726e+00,-79.749817644234199,3.31170510806582e-02,NA,data/phylogeny/P01_Trees/candidate_interval_157_3_170.tre,existing_file,Imported from phylogeny workflow outputs.,15,TRUE,TRUE,166.07723750000,1598.94413811499999,0
main_dataset,interval_157_3_223_calibration,PC1,Blomberg_K,1.62255123530390e+00,NA,8.00000000000000e-03,NA,data/phylogeny/P01_Trees/candidate_interval_157_3_223.tre,existing_file,Imported from phylogeny workflow outputs.,15,TRUE,TRUE,190.25619610700,1718.56691179299992,0
main_dataset,interval_157_3_223_calibration,PC1,Pagel_lambda,1.12948130263333e+00,17.193040402704781,1.49804664052019e-04,NA,data/phylogeny/P01_Trees/candidate_interval_157_3_223.tre,existing_file,Imported from phylogeny workflow outputs.,15,TRUE,TRUE,190.25619610700,1718.56691179299992,0
main_dataset,interval_157_3_223_calibration,PC2,Blomberg_K,1.77014191589783e+00,NA,1.00000000000000e-03,NA,data/phylogeny/P01_Trees/candidate_interval_157_3_223.tre,existing_file,Imported from phylogeny workflow outputs.,15,TRUE,TRUE,190.25619610700,1718.56691179299992,0
main_dataset,interval_157_3_223_calibration,PC2,Pagel_lambda,1.10943192588672e+00,17.233701535130621,1.54316697163924e-03,NA,data/phylogeny/P01_Trees/candidate_interval_157_3_223.tre,existing_file,Imported from phylogeny workflow outputs.,15,TRUE,TRUE,190.25619610700,1718.56691179299992,0
main_dataset,interval_157_3_223_calibration,PC3,Blomberg_K,6.44065926383270e-01,NA,3.34000000000000e-01,NA,data/phylogeny/P01_Trees/candidate_interval_157_3_223.tre,existing_file,Imported from phylogeny workflow outputs.,15,TRUE,TRUE,190.25619610700,1718.56691179299992,0
main_dataset,interval_157_3_223_calibration,PC3,Pagel_lambda,4.22194340670349e-05,17.378262895407907,1.00000000000000e+00,NA,data/phylogeny/P01_Trees/candidate_interval_157_3_223.tre,existing_file,Imported from phylogeny workflow outputs.,15,TRUE,TRUE,190.25619610700,1718.56691179299992,0
main_dataset,interval_157_3_223_calibration,PC4,Blomberg_K,8.07643328013875e-01,NA,8.90000000000001e-02,NA,data/phylogeny/P01_Trees/candidate_interval_157_3_223.tre,existing_file,Imported from phylogeny workflow outputs.,15,TRUE,TRUE,190.25619610700,1718.56691179299992,0
main_dataset,interval_157_3_223_calibration,PC4,Pagel_lambda,9.16025220230735e-01,20.585253040763003,8.31827954428059e-01,NA,data/phylogeny/P01_Trees/candidate_interval_157_3_223.tre,existing_file,Imported from phylogeny workflow outputs.,15,TRUE,TRUE,190.25619610700,1718.56691179299992,0
main_dataset,interval_157_3_223_calibration,PC5,Blomberg_K,8.31369951236596e-01,NA,7.90000000000001e-02,NA,data/phylogeny/P01_Trees/candidate_interval_157_3_223.tre,existing_file,Imported from phylogeny workflow outputs.,15,TRUE,TRUE,190.25619610700,1718.56691179299992,0
main_dataset,interval_157_3_223_calibration,PC5,Pagel_lambda,5.13976341059428e-01,27.020710646540326,4.99950102675058e-01,NA,data/phylogeny/P01_Trees/candidate_interval_157_3_223.tre,existing_file,Imported from phylogeny workflow outputs.,15,TRUE,TRUE,190.25619610700,1718.56691179299992,0
main_dataset,interval_157_3_223_calibration,abs_winding_angle_deg,Blomberg_K,1.76375820725057e+00,NA,1.00000000000000e-03,NA,data/phylogeny/P01_Trees/candidate_interval_157_3_223.tre,existing_file,Imported from phylogeny workflow outputs.,15,TRUE,TRUE,190.25619610700,1718.56691179299992,0
main_dataset,interval_157_3_223_calibration,abs_winding_angle_deg,Pagel_lambda,1.10921448453784e+00,-80.355551735234400,2.99264171073758e-03,NA,data/phylogeny/P01_Trees/candidate_interval_157_3_223.tre,existing_file,Imported from phylogeny workflow outputs.,15,TRUE,TRUE,190.25619610700,1718.56691179299992,0
main_dataset,interval_157_3_223_calibration,n_turns_abs,Blomberg_K,1.76375820725057e+00,NA,3.00000000000000e-03,NA,data/phylogeny/P01_Trees/candidate_interval_157_3_223.tre,existing_file,Imported from phylogeny workflow outputs.,15,TRUE,TRUE,190.25619610700,1718.56691179299992,0
main_dataset,interval_157_3_223_calibration,n_turns_abs,Pagel_lambda,1.10921448453756e+00,2.049904705067796,2.99264171073752e-03,NA,data/phylogeny/P01_Trees/candidate_interval_157_3_223.tre,existing_file,Imported from phylogeny workflow outputs.,15,TRUE,TRUE,190.25619610700,1718.56691179299992,0
main_dataset,interval_157_3_223_calibration,start_end_dist,Blomberg_K,5.01047711125495e-01,NA,5.71000000000000e-01,NA,data/phylogeny/P01_Trees/candidate_interval_157_3_223.tre,existing_file,Imported from phylogeny workflow outputs.,15,TRUE,TRUE,190.25619610700,1718.56691179299992,0
main_dataset,interval_157_3_223_calibration,start_end_dist,Pagel_lambda,4.28143458476526e-05,18.698071663452293,1.00000000000000e+00,NA,data/phylogeny/P01_Trees/candidate_interval_157_3_223.tre,existing_file,Imported from phylogeny workflow outputs.,15,TRUE,TRUE,190.25619610700,1718.56691179299992,0
main_dataset,interval_157_3_223_calibration,axial_span,Blomberg_K,9.45471881541175e-01,NA,5.20000000000000e-02,NA,data/phylogeny/P01_Trees/candidate_interval_157_3_223.tre,existing_file,Imported from phylogeny workflow outputs.,15,TRUE,TRUE,190.25619610700,1718.56691179299992,0
main_dataset,interval_157_3_223_calibration,axial_span,Pagel_lambda,1.06123341870102e+00,18.147359432403086,2.09408845080203e-01,NA,data/phylogeny/P01_Trees/candidate_interval_157_3_223.tre,existing_file,Imported from phylogeny workflow outputs.,15,TRUE,TRUE,190.25619610700,1718.56691179299992,0
main_dataset,interval_157_3_223_calibration,axial_pitch_360,Blomberg_K,8.26775419268579e-01,NA,1.02000000000000e-01,NA,data/phylogeny/P01_Trees/candidate_interval_157_3_223.tre,existing_file,Imported from phylogeny workflow outputs.,15,TRUE,TRUE,190.25619610700,1718.56691179299992,0
main_dataset,interval_157_3_223_calibration,axial_pitch_360,Pagel_lambda,1.04481774668314e+00,19.616145888750776,2.72083514769130e-01,NA,data/phylogeny/P01_Trees/candidate_interval_157_3_223.tre,existing_file,Imported from phylogeny workflow outputs.,15,TRUE,TRUE,190.25619610700,1718.56691179299992,0
main_dataset,interval_157_3_223_calibration,fit_radius,Blomberg_K,1.20831108597105e+00,NA,1.20000000000000e-02,NA,data/phylogeny/P01_Trees/candidate_interval_157_3_223.tre,existing_file,Imported from phylogeny workflow outputs.,15,TRUE,TRUE,190.25619610700,1718.56691179299992,0
main_dataset,interval_157_3_223_calibration,fit_radius,Pagel_lambda,1.11427127137172e+00,31.589419299440461,3.94177433983634e-03,NA,data/phylogeny/P01_Trees/candidate_interval_157_3_223.tre,existing_file,Imported from phylogeny workflow outputs.,15,TRUE,TRUE,190.25619610700,1718.56691179299992,0
main_dataset,interval_157_3_223_calibration,centroid_size,Blomberg_K,1.44630107345015e+00,NA,2.00000000000000e-03,NA,data/phylogeny/P01_Trees/candidate_interval_157_3_223.tre,existing_file,Imported from phylogeny workflow outputs.,15,TRUE,TRUE,190.25619610700,1718.56691179299992,0
main_dataset,interval_157_3_223_calibration,centroid_size,Pagel_lambda,1.11728259437760e+00,-79.744275622257078,3.29033340112081e-02,NA,data/phylogeny/P01_Trees/candidate_interval_157_3_223.tre,existing_file,Imported from phylogeny workflow outputs.,15,TRUE,TRUE,190.25619610700,1718.56691179299992,0
main_dataset,grafen_power_0_5,PC1,Blomberg_K,1.73936861004007e+00,NA,2.00000000000000e-03,NA,generated_in_script,generated_branch_lengths,Grafen branch lengths with power = 0.5,15,TRUE,TRUE,1.00000000000,9.70904046266321,0
main_dataset,grafen_power_0_5,PC1,Pagel_lambda,1.30743494206518e+00,17.096202156357666,1.66040029659354e-04,NA,generated_in_script,generated_branch_lengths,Grafen branch lengths with power = 0.5,15,TRUE,TRUE,1.00000000000,9.70904046266321,0
main_dataset,grafen_power_0_5,PC2,Blomberg_K,1.81546637745118e+00,NA,1.00000000000000e-03,NA,generated_in_script,generated_branch_lengths,Grafen branch lengths with power = 0.5,15,TRUE,TRUE,1.00000000000,9.70904046266321,0
main_dataset,grafen_power_0_5,PC2,Pagel_lambda,1.33970388077782e+00,19.609158394601337,1.20985594818389e-04,NA,generated_in_script,generated_branch_lengths,Grafen branch lengths with power = 0.5,15,TRUE,TRUE,1.00000000000,9.70904046266321,0
main_dataset,grafen_power_0_5,PC3,Blomberg_K,5.99403027257503e-01,NA,5.64000000000000e-01,NA,generated_in_script,generated_branch_lengths,Grafen branch lengths with power = 0.5,15,TRUE,TRUE,1.00000000000,9.70904046266321,0
main_dataset,grafen_power_0_5,PC3,Pagel_lambda,5.93643036070222e-05,17.378236799883005,1.00000000000000e+00,NA,generated_in_script,generated_branch_lengths,Grafen branch lengths with power = 0.5,15,TRUE,TRUE,1.00000000000,9.70904046266321,0
main_dataset,grafen_power_0_5,PC4,Blomberg_K,8.83948771213517e-01,NA,1.05000000000000e-01,NA,generated_in_script,generated_branch_lengths,Grafen branch lengths with power = 0.5,15,TRUE,TRUE,1.00000000000,9.70904046266321,0
main_dataset,grafen_power_0_5,PC4,Pagel_lambda,9.79385139466400e-01,20.664803747794288,6.51354087812034e-01,NA,generated_in_script,generated_branch_lengths,Grafen branch lengths with power = 0.5,15,TRUE,TRUE,1.00000000000,9.70904046266321,0
main_dataset,grafen_power_0_5,PC5,Blomberg_K,7.81971433580122e-01,NA,2.46000000000000e-01,NA,generated_in_script,generated_branch_lengths,Grafen branch lengths with power = 0.5,15,TRUE,TRUE,1.00000000000,9.70904046266321,0
main_dataset,grafen_power_0_5,PC5,Pagel_lambda,2.18472781479037e-01,26.796757599387156,9.32677736131179e-01,NA,generated_in_script,generated_branch_lengths,Grafen branch lengths with power = 0.5,15,TRUE,TRUE,1.00000000000,9.70904046266321,0
main_dataset,grafen_power_0_5,abs_winding_angle_deg,Blomberg_K,1.50761290247741e+00,NA,6.00000000000000e-03,NA,generated_in_script,generated_branch_lengths,Grafen branch lengths with power = 0.5,15,TRUE,TRUE,1.00000000000,9.70904046266321,0
main_dataset,grafen_power_0_5,abs_winding_angle_deg,Pagel_lambda,9.52921743117392e-01,-82.258900139868572,2.52705192944927e-02,NA,generated_in_script,generated_branch_lengths,Grafen branch lengths with power = 0.5,15,TRUE,TRUE,1.00000000000,9.70904046266321,0
main_dataset,grafen_power_0_5,n_turns_abs,Blomberg_K,1.50761290247741e+00,NA,1.00000000000000e-03,NA,generated_in_script,generated_branch_lengths,Grafen branch lengths with power = 0.5,15,TRUE,TRUE,1.00000000000,9.70904046266321,0
main_dataset,grafen_power_0_5,n_turns_abs,Pagel_lambda,9.52921743117314e-01,0.146556300433605,2.52705192944928e-02,NA,generated_in_script,generated_branch_lengths,Grafen branch lengths with power = 0.5,15,TRUE,TRUE,1.00000000000,9.70904046266321,0
main_dataset,grafen_power_0_5,start_end_dist,Blomberg_K,4.28580307878090e-01,NA,9.31000000000001e-01,NA,generated_in_script,generated_branch_lengths,Grafen branch lengths with power = 0.5,15,TRUE,TRUE,1.00000000000,9.70904046266321,0
main_dataset,grafen_power_0_5,start_end_dist,Pagel_lambda,6.07611550140279e-05,18.698017477304585,1.00000000000000e+00,NA,generated_in_script,generated_branch_lengths,Grafen branch lengths with power = 0.5,15,TRUE,TRUE,1.00000000000,9.70904046266321,0
main_dataset,grafen_power_0_5,axial_span,Blomberg_K,8.26733037524153e-01,NA,1.87000000000000e-01,NA,generated_in_script,generated_branch_lengths,Grafen branch lengths with power = 0.5,15,TRUE,TRUE,1.00000000000,9.70904046266321,0
main_dataset,grafen_power_0_5,axial_span,Pagel_lambda,4.89927013404556e-01,17.641988960501688,4.52345671979850e-01,NA,generated_in_script,generated_branch_lengths,Grafen branch lengths with power = 0.5,15,TRUE,TRUE,1.00000000000,9.70904046266321,0
main_dataset,grafen_power_0_5,axial_pitch_360,Blomberg_K,8.16596175516475e-01,NA,2.08000000000000e-01,NA,generated_in_script,generated_branch_lengths,Grafen branch lengths with power = 0.5,15,TRUE,TRUE,1.00000000000,9.70904046266321,0
main_dataset,grafen_power_0_5,axial_pitch_360,Pagel_lambda,7.62698383292475e-01,19.035761888554376,8.31188685816660e-01,NA,generated_in_script,generated_branch_lengths,Grafen branch lengths with power = 0.5,15,TRUE,TRUE,1.00000000000,9.70904046266321,0
main_dataset,grafen_power_0_5,fit_radius,Blomberg_K,1.34517115652384e+00,NA,8.00000000000000e-03,NA,generated_in_script,generated_branch_lengths,Grafen branch lengths with power = 0.5,15,TRUE,TRUE,1.00000000000,9.70904046266321,0
main_dataset,grafen_power_0_5,fit_radius,Pagel_lambda,1.35124466900545e+00,34.046537524747400,2.76286750115301e-04,NA,generated_in_script,generated_branch_lengths,Grafen branch lengths with power = 0.5,15,TRUE,TRUE,1.00000000000,9.70904046266321,0
main_dataset,grafen_power_0_5,centroid_size,Blomberg_K,1.38442792743587e+00,NA,5.00000000000000e-03,NA,generated_in_script,generated_branch_lengths,Grafen branch lengths with power = 0.5,15,TRUE,TRUE,1.00000000000,9.70904046266321,0
main_dataset,grafen_power_0_5,centroid_size,Pagel_lambda,8.75707668127126e-01,-80.398221258464503,7.17330983530843e-02,NA,generated_in_script,generated_branch_lengths,Grafen branch lengths with power = 0.5,15,TRUE,TRUE,1.00000000000,9.70904046266321,0
main_dataset,grafen_power_2,PC1,Blomberg_K,4.68490812386634e-01,NA,1.00000000000000e-03,NA,generated_in_script,generated_branch_lengths,Grafen branch lengths with power = 2,15,TRUE,TRUE,1.00000000000,5.63775510204082,0
main_dataset,grafen_power_2,PC1,Pagel_lambda,9.74127908444222e-01,16.639479173510761,2.70041514001591e-04,NA,generated_in_script,generated_branch_lengths,Grafen branch lengths with power = 2,15,TRUE,TRUE,1.00000000000,5.63775510204082,0
main_dataset,grafen_power_2,PC2,Blomberg_K,9.80435440706464e-01,NA,1.00000000000000e-03,NA,generated_in_script,generated_branch_lengths,Grafen branch lengths with power = 2,15,TRUE,TRUE,1.00000000000,5.63775510204082,0
main_dataset,grafen_power_2,PC2,Pagel_lambda,9.89748786363052e-01,20.009402040194967,7.91809350012389e-05,NA,generated_in_script,generated_branch_lengths,Grafen branch lengths with power = 2,15,TRUE,TRUE,1.00000000000,5.63775510204082,0
main_dataset,grafen_power_2,PC3,Blomberg_K,2.22600841665059e-02,NA,5.64000000000000e-01,NA,generated_in_script,generated_branch_lengths,Grafen branch lengths with power = 2,15,TRUE,TRUE,1.00000000000,5.63775510204082,0
main_dataset,grafen_power_2,PC3,Pagel_lambda,7.36897115015649e-05,17.378092055713246,1.00000000000000e+00,NA,generated_in_script,generated_branch_lengths,Grafen branch lengths with power = 2,15,TRUE,TRUE,1.00000000000,5.63775510204082,0
main_dataset,grafen_power_2,PC4,Blomberg_K,7.25411737857657e-02,NA,5.10000000000000e-02,NA,generated_in_script,generated_branch_lengths,Grafen branch lengths with power = 2,15,TRUE,TRUE,1.00000000000,5.63775510204082,0
main_dataset,grafen_power_2,PC4,Pagel_lambda,7.36897115015649e-05,20.562489298527112,1.00000000000000e+00,NA,generated_in_script,generated_branch_lengths,Grafen branch lengths with power = 2,15,TRUE,TRUE,1.00000000000,5.63775510204082,0
main_dataset,grafen_power_2,PC5,Blomberg_K,3.47466201902829e-02,NA,3.20000000000000e-01,NA,generated_in_script,generated_branch_lengths,Grafen branch lengths with power = 2,15,TRUE,TRUE,1.00000000000,5.63775510204082,0
main_dataset,grafen_power_2,PC5,Pagel_lambda,7.36897115015649e-05,26.793091098399877,1.00000000000000e+00,NA,generated_in_script,generated_branch_lengths,Grafen branch lengths with power = 2,15,TRUE,TRUE,1.00000000000,5.63775510204082,0
main_dataset,grafen_power_2,abs_winding_angle_deg,Blomberg_K,1.12179010469857e-01,NA,3.10000000000000e-02,NA,generated_in_script,generated_branch_lengths,Grafen branch lengths with power = 2,15,TRUE,TRUE,1.00000000000,5.63775510204082,0
main_dataset,grafen_power_2,abs_winding_angle_deg,Pagel_lambda,7.70657145870769e-01,-81.354748927721303,9.04684911958162e-03,NA,generated_in_script,generated_branch_lengths,Grafen branch lengths with power = 2,15,TRUE,TRUE,1.00000000000,5.63775510204082,0
main_dataset,grafen_power_2,n_turns_abs,Blomberg_K,1.12179010469859e-01,NA,3.80000000000000e-02,NA,generated_in_script,generated_branch_lengths,Grafen branch lengths with power = 2,15,TRUE,TRUE,1.00000000000,5.63775510204082,0
main_dataset,grafen_power_2,n_turns_abs,Pagel_lambda,7.70657145869707e-01,1.050707512580864,9.04684911958185e-03,NA,generated_in_script,generated_branch_lengths,Grafen branch lengths with power = 2,15,TRUE,TRUE,1.00000000000,5.63775510204082,0
main_dataset,grafen_power_2,start_end_dist,Blomberg_K,1.20308224387144e-02,NA,9.46000000000001e-01,NA,generated_in_script,generated_branch_lengths,Grafen branch lengths with power = 2,15,TRUE,TRUE,1.00000000000,5.63775510204082,0
main_dataset,grafen_power_2,start_end_dist,Pagel_lambda,7.37501349166081e-05,18.697813104879053,1.00000000000000e+00,NA,generated_in_script,generated_branch_lengths,Grafen branch lengths with power = 2,15,TRUE,TRUE,1.00000000000,5.63775510204082,0
main_dataset,grafen_power_2,axial_span,Blomberg_K,3.92605534753154e-02,NA,2.69000000000000e-01,NA,generated_in_script,generated_branch_lengths,Grafen branch lengths with power = 2,15,TRUE,TRUE,1.00000000000,5.63775510204082,0
main_dataset,grafen_power_2,axial_span,Pagel_lambda,5.08047850473285e-01,17.733039277234983,3.87469593652031e-01,NA,generated_in_script,generated_branch_lengths,Grafen branch lengths with power = 2,15,TRUE,TRUE,1.00000000000,5.63775510204082,0
main_dataset,grafen_power_2,axial_pitch_360,Blomberg_K,5.26267473974251e-02,NA,1.65000000000000e-01,NA,generated_in_script,generated_branch_lengths,Grafen branch lengths with power = 2,15,TRUE,TRUE,1.00000000000,5.63775510204082,0
main_dataset,grafen_power_2,axial_pitch_360,Pagel_lambda,7.16073420970826e-01,19.279535040094245,4.65352147999416e-01,NA,generated_in_script,generated_branch_lengths,Grafen branch lengths with power = 2,15,TRUE,TRUE,1.00000000000,5.63775510204082,0
main_dataset,grafen_power_2,fit_radius,Blomberg_K,5.19003438978602e-01,NA,1.00000000000000e-03,NA,generated_in_script,generated_branch_lengths,Grafen branch lengths with power = 2,15,TRUE,TRUE,1.00000000000,5.63775510204082,0
main_dataset,grafen_power_2,fit_radius,Pagel_lambda,9.91469477259593e-01,34.546068062234895,1.62309709804319e-04,NA,generated_in_script,generated_branch_lengths,Grafen branch lengths with power = 2,15,TRUE,TRUE,1.00000000000,5.63775510204082,0
main_dataset,grafen_power_2,centroid_size,Blomberg_K,1.09868059678626e-01,NA,3.60000000000000e-02,NA,generated_in_script,generated_branch_lengths,Grafen branch lengths with power = 2,15,TRUE,TRUE,1.00000000000,5.63775510204082,0
main_dataset,grafen_power_2,centroid_size,Pagel_lambda,6.73778579692825e-01,-79.760745329914286,3.35427144674445e-02,NA,generated_in_script,generated_branch_lengths,Grafen branch lengths with power = 2,15,TRUE,TRUE,1.00000000000,5.63775510204082,0
high_confidence,working_tree,PC1,Blomberg_K,1.56880542094668e+00,NA,1.00000000000000e-03,NA,data/phylogeny/P01_Trees/01_primary_tree_grafen.tre,working,Topology-based Grafen primary working tree; branch lengths are not interpreted as divergence times.,15,TRUE,TRUE,1.00000000018,7.50000000015000,0
high_confidence,working_tree,PC1,Pagel_lambda,1.03682927727923e+00,17.08012831959030,1.68901483771774e-04,NA,data/phylogeny/P01_Trees/01_primary_tree_grafen.tre,working,Topology-based Grafen primary working tree; branch lengths are not interpreted as divergence times.,15,TRUE,TRUE,1.00000000018,7.50000000015000,0
high_confidence,working_tree,PC2,Blomberg_K,2.03003555273603e+00,NA,1.00000000000000e-03,NA,data/phylogeny/P01_Trees/01_primary_tree_grafen.tre,working,Topology-based Grafen primary working tree; branch lengths are not interpreted as divergence times.,15,TRUE,TRUE,1.00000000018,7.50000000015000,0
high_confidence,working_tree,PC2,Pagel_lambda,1.05870404131069e+00,19.95711931785807,8.36841243183330e-05,NA,data/phylogeny/P01_Trees/01_primary_tree_grafen.tre,working,Topology-based Grafen primary working tree; branch lengths are not interpreted as divergence times.,15,TRUE,TRUE,1.00000000018,7.50000000015000,0
high_confidence,working_tree,PC3,Blomberg_K,2.35047529811861e-01,NA,5.60000000000000e-01,NA,data/phylogeny/P01_Trees/01_primary_tree_grafen.tre,working,Topology-based Grafen primary working tree; branch lengths are not interpreted as divergence times.,15,TRUE,TRUE,1.00000000018,7.50000000015000,0
high_confidence,working_tree,PC3,Pagel_lambda,7.89532623255345e-05,17.37813690102376,1.00000000000000e+00,NA,data/phylogeny/P01_Trees/01_primary_tree_grafen.tre,working,Topology-based Grafen primary working tree; branch lengths are not interpreted as divergence times.,15,TRUE,TRUE,1.00000000018,7.50000000015000,0
high_confidence,working_tree,PC4,Blomberg_K,5.11441297812224e-01,NA,6.00000000000000e-02,NA,data/phylogeny/P01_Trees/01_primary_tree_grafen.tre,working,Topology-based Grafen primary working tree; branch lengths are not interpreted as divergence times.,15,TRUE,TRUE,1.00000000018,7.50000000015000,0
high_confidence,working_tree,PC4,Pagel_lambda,7.89532623255345e-05,20.56257444795098,1.00000000000000e+00,NA,data/phylogeny/P01_Trees/01_primary_tree_grafen.tre,working,Topology-based Grafen primary working tree; branch lengths are not interpreted as divergence times.,15,TRUE,TRUE,1.00000000018,7.50000000015000,0
high_confidence,working_tree,PC5,Blomberg_K,3.37344764882411e-01,NA,2.81000000000000e-01,NA,data/phylogeny/P01_Trees/01_primary_tree_grafen.tre,working,Topology-based Grafen primary working tree; branch lengths are not interpreted as divergence times.,15,TRUE,TRUE,1.00000000018,7.50000000015000,0
high_confidence,working_tree,PC5,Pagel_lambda,7.89532623255345e-05,26.79314792228207,1.00000000000000e+00,NA,data/phylogeny/P01_Trees/01_primary_tree_grafen.tre,working,Topology-based Grafen primary working tree; branch lengths are not interpreted as divergence times.,15,TRUE,TRUE,1.00000000018,7.50000000015000,0
high_confidence,working_tree,abs_winding_angle_deg,Blomberg_K,2.35520128972074e-01,NA,7.01000000000001e-01,NA,data/phylogeny/P01_Trees/01_primary_tree_grafen.tre,working,Topology-based Grafen primary working tree; branch lengths are not interpreted as divergence times.,15,TRUE,TRUE,1.00000000018,7.50000000015000,0
high_confidence,working_tree,abs_winding_angle_deg,Pagel_lambda,7.94232222204516e-05,-65.97119636373519,1.00000000000000e+00,NA,data/phylogeny/P01_Trees/01_primary_tree_grafen.tre,working,Topology-based Grafen primary working tree; branch lengths are not interpreted as divergence times.,15,TRUE,TRUE,1.00000000018,7.50000000015000,0
high_confidence,working_tree,n_turns_abs,Blomberg_K,2.35520128972074e-01,NA,6.41000000000000e-01,NA,data/phylogeny/P01_Trees/01_primary_tree_grafen.tre,working,Topology-based Grafen primary working tree; branch lengths are not interpreted as divergence times.,15,TRUE,TRUE,1.00000000018,7.50000000015000,0
high_confidence,working_tree,n_turns_abs,Pagel_lambda,7.94232222204516e-05,4.66205201366668,1.00000000000000e+00,NA,data/phylogeny/P01_Trees/01_primary_tree_grafen.tre,working,Topology-based Grafen primary working tree; branch lengths are not interpreted as divergence times.,15,TRUE,TRUE,1.00000000018,7.50000000015000,0
high_confidence,working_tree,start_end_dist,Blomberg_K,1.51825611646431e-01,NA,9.40000000000001e-01,NA,data/phylogeny/P01_Trees/01_primary_tree_grafen.tre,working,Topology-based Grafen primary working tree; branch lengths are not interpreted as divergence times.,15,TRUE,TRUE,1.00000000018,7.50000000015000,0
high_confidence,working_tree,start_end_dist,Pagel_lambda,7.94232222204516e-05,15.13971517418504,1.00000000000000e+00,NA,data/phylogeny/P01_Trees/01_primary_tree_grafen.tre,working,Topology-based Grafen primary working tree; branch lengths are not interpreted as divergence times.,15,TRUE,TRUE,1.00000000018,7.50000000015000,0
high_confidence,working_tree,axial_span,Blomberg_K,1.30223708868222e-01,NA,9.74000000000001e-01,NA,data/phylogeny/P01_Trees/01_primary_tree_grafen.tre,working,Topology-based Grafen primary working tree; branch lengths are not interpreted as divergence times.,15,TRUE,TRUE,1.00000000018,7.50000000015000,0
high_confidence,working_tree,axial_span,Pagel_lambda,7.94232222204516e-05,20.86304813487412,1.00000000000000e+00,NA,data/phylogeny/P01_Trees/01_primary_tree_grafen.tre,working,Topology-based Grafen primary working tree; branch lengths are not interpreted as divergence times.,15,TRUE,TRUE,1.00000000018,7.50000000015000,0
high_confidence,working_tree,axial_pitch_360,Blomberg_K,3.84171601745787e-01,NA,3.40000000000000e-01,NA,data/phylogeny/P01_Trees/01_primary_tree_grafen.tre,working,Topology-based Grafen primary working tree; branch lengths are not interpreted as divergence times.,15,TRUE,TRUE,1.00000000018,7.50000000015000,0
high_confidence,working_tree,axial_pitch_360,Pagel_lambda,7.94232222204516e-05,18.94798737356383,1.00000000000000e+00,NA,data/phylogeny/P01_Trees/01_primary_tree_grafen.tre,working,Topology-based Grafen primary working tree; branch lengths are not interpreted as divergence times.,15,TRUE,TRUE,1.00000000018,7.50000000015000,0
high_confidence,working_tree,fit_radius,Blomberg_K,9.53968743592375e-01,NA,2.10000000000000e-02,NA,data/phylogeny/P01_Trees/01_primary_tree_grafen.tre,working,Topology-based Grafen primary working tree; branch lengths are not interpreted as divergence times.,15,TRUE,TRUE,1.00000000018,7.50000000015000,0
high_confidence,working_tree,fit_radius,Pagel_lambda,1.00694741380885e+00,34.30987993650316,3.95525272625487e-02,NA,data/phylogeny/P01_Trees/01_primary_tree_grafen.tre,working,Topology-based Grafen primary working tree; branch lengths are not interpreted as divergence times.,15,TRUE,TRUE,1.00000000018,7.50000000015000,0
high_confidence,working_tree,centroid_size,Blomberg_K,8.31667225251880e-01,NA,1.10000000000000e-02,NA,data/phylogeny/P01_Trees/01_primary_tree_grafen.tre,working,Topology-based Grafen primary working tree; branch lengths are not interpreted as divergence times.,15,TRUE,TRUE,1.00000000018,7.50000000015000,0
high_confidence,working_tree,centroid_size,Pagel_lambda,6.95490267442632e-01,-80.12328112818948,5.14737562233772e-02,NA,data/phylogeny/P01_Trees/01_primary_tree_grafen.tre,working,Topology-based Grafen primary working tree; branch lengths are not interpreted as divergence times.,15,TRUE,TRUE,1.00000000018,7.50000000015000,0
high_confidence,ml_unrooted,PC1,Blomberg_K,1.54737599251659e+00,NA,1.20000000000000e-02,NA,data/phylogeny/P01_Trees/curc_fig1.treefile,existing_file,Imported from phylogeny workflow outputs.,14,TRUE,FALSE,0.41142785540,2.09131592840000,NA
high_confidence,ml_unrooted,PC1,Pagel_lambda,9.99926686256414e-01,12.30077205598435,7.96374431604318e-03,NA,data/phylogeny/P01_Trees/curc_fig1.treefile,existing_file,Imported from phylogeny workflow outputs.,14,TRUE,FALSE,0.41142785540,2.09131592840000,NA
high_confidence,ml_unrooted,PC2,Blomberg_K,2.34935119508569e+00,NA,1.00000000000000e-03,NA,data/phylogeny/P01_Trees/curc_fig1.treefile,existing_file,Imported from phylogeny workflow outputs.,14,TRUE,FALSE,0.41142785540,2.09131592840000,NA
high_confidence,ml_unrooted,PC2,Pagel_lambda,9.99926686256414e-01,15.55729741236918,8.38044090938824e-04,NA,data/phylogeny/P01_Trees/curc_fig1.treefile,existing_file,Imported from phylogeny workflow outputs.,14,TRUE,FALSE,0.41142785540,2.09131592840000,NA
high_confidence,ml_unrooted,PC3,Blomberg_K,9.92067393783601e-01,NA,6.50000000000000e-02,NA,data/phylogeny/P01_Trees/curc_fig1.treefile,existing_file,Imported from phylogeny workflow outputs.,14,TRUE,FALSE,0.41142785540,2.09131592840000,NA
high_confidence,ml_unrooted,PC3,Pagel_lambda,9.99926686256414e-01,17.02590889877230,3.00397612906460e-01,NA,data/phylogeny/P01_Trees/curc_fig1.treefile,existing_file,Imported from phylogeny workflow outputs.,14,TRUE,FALSE,0.41142785540,2.09131592840000,NA
high_confidence,ml_unrooted,PC4,Blomberg_K,7.48651180330388e-01,NA,2.43000000000000e-01,NA,data/phylogeny/P01_Trees/curc_fig1.treefile,existing_file,Imported from phylogeny workflow outputs.,14,TRUE,FALSE,0.41142785540,2.09131592840000,NA
high_confidence,ml_unrooted,PC4,Pagel_lambda,9.99926686256414e-01,18.11912666473151,5.56873238690724e-01,NA,data/phylogeny/P01_Trees/curc_fig1.treefile,existing_file,Imported from phylogeny workflow outputs.,14,TRUE,FALSE,0.41142785540,2.09131592840000,NA
high_confidence,ml_unrooted,PC5,Blomberg_K,1.12896721123737e+00,NA,4.80000000000000e-02,NA,data/phylogeny/P01_Trees/curc_fig1.treefile,existing_file,Imported from phylogeny workflow outputs.,14,TRUE,FALSE,0.41142785540,2.09131592840000,NA
high_confidence,ml_unrooted,PC5,Pagel_lambda,9.99926686256414e-01,25.08983456889099,5.05654729067363e-02,NA,data/phylogeny/P01_Trees/curc_fig1.treefile,existing_file,Imported from phylogeny workflow outputs.,14,TRUE,FALSE,0.41142785540,2.09131592840000,NA
high_confidence,ml_unrooted,abs_winding_angle_deg,Blomberg_K,8.54545938732025e-01,NA,2.09000000000000e-01,NA,data/phylogeny/P01_Trees/curc_fig1.treefile,existing_file,Imported from phylogeny workflow outputs.,14,TRUE,FALSE,0.41142785540,2.09131592840000,NA
high_confidence,ml_unrooted,abs_winding_angle_deg,Pagel_lambda,9.99926686256414e-01,-59.38742391577560,6.20339733488007e-01,NA,data/phylogeny/P01_Trees/curc_fig1.treefile,existing_file,Imported from phylogeny workflow outputs.,14,TRUE,FALSE,0.41142785540,2.09131592840000,NA
high_confidence,ml_unrooted,n_turns_abs,Blomberg_K,8.54545938732025e-01,NA,2.04000000000000e-01,NA,data/phylogeny/P01_Trees/curc_fig1.treefile,existing_file,Imported from phylogeny workflow outputs.,14,TRUE,FALSE,0.41142785540,2.09131592840000,NA
high_confidence,ml_unrooted,n_turns_abs,Pagel_lambda,9.99926686256414e-01,5.35972043017612,6.20339733487982e-01,NA,data/phylogeny/P01_Trees/curc_fig1.treefile,existing_file,Imported from phylogeny workflow outputs.,14,TRUE,FALSE,0.41142785540,2.09131592840000,NA
high_confidence,ml_unrooted,start_end_dist,Blomberg_K,6.98097406479274e-01,NA,4.31000000000000e-01,NA,data/phylogeny/P01_Trees/curc_fig1.treefile,existing_file,Imported from phylogeny workflow outputs.,14,TRUE,FALSE,0.41142785540,2.09131592840000,NA
high_confidence,ml_unrooted,start_end_dist,Pagel_lambda,7.33137435857406e-05,14.65259389262954,1.00000000000000e+00,NA,data/phylogeny/P01_Trees/curc_fig1.treefile,existing_file,Imported from phylogeny workflow outputs.,14,TRUE,FALSE,0.41142785540,2.09131592840000,NA
high_confidence,ml_unrooted,axial_span,Blomberg_K,8.00050783207721e-01,NA,3.42000000000000e-01,NA,data/phylogeny/P01_Trees/curc_fig1.treefile,existing_file,Imported from phylogeny workflow outputs.,14,TRUE,FALSE,0.41142785540,2.09131592840000,NA
high_confidence,ml_unrooted,axial_span,Pagel_lambda,7.33137435857406e-05,20.24418568454793,1.00000000000000e+00,NA,data/phylogeny/P01_Trees/curc_fig1.treefile,existing_file,Imported from phylogeny workflow outputs.,14,TRUE,FALSE,0.41142785540,2.09131592840000,NA
high_confidence,ml_unrooted,axial_pitch_360,Blomberg_K,8.86341567416456e-01,NA,2.34000000000000e-01,NA,data/phylogeny/P01_Trees/curc_fig1.treefile,existing_file,Imported from phylogeny workflow outputs.,14,TRUE,FALSE,0.41142785540,2.09131592840000,NA
high_confidence,ml_unrooted,axial_pitch_360,Pagel_lambda,9.99926686256414e-01,17.80255835732583,3.31114241137528e-01,NA,data/phylogeny/P01_Trees/curc_fig1.treefile,existing_file,Imported from phylogeny workflow outputs.,14,TRUE,FALSE,0.41142785540,2.09131592840000,NA
high_confidence,ml_unrooted,fit_radius,Blomberg_K,8.37736956474853e-01,NA,2.72000000000000e-01,NA,data/phylogeny/P01_Trees/curc_fig1.treefile,existing_file,Imported from phylogeny workflow outputs.,14,TRUE,FALSE,0.41142785540,2.09131592840000,NA
high_confidence,ml_unrooted,fit_radius,Pagel_lambda,9.99926686256414e-01,32.62238794897673,5.37096685710234e-01,NA,data/phylogeny/P01_Trees/curc_fig1.treefile,existing_file,Imported from phylogeny workflow outputs.,14,TRUE,FALSE,0.41142785540,2.09131592840000,NA
high_confidence,ml_unrooted,centroid_size,Blomberg_K,2.05659652085219e+00,NA,6.00000000000000e-03,NA,data/phylogeny/P01_Trees/curc_fig1.treefile,existing_file,Imported from phylogeny workflow outputs.,14,TRUE,FALSE,0.41142785540,2.09131592840000,NA
high_confidence,ml_unrooted,centroid_size,Pagel_lambda,9.99926686256414e-01,-74.29518052506042,3.48502867578408e-03,NA,data/phylogeny/P01_Trees/curc_fig1.treefile,existing_file,Imported from phylogeny workflow outputs.,14,TRUE,FALSE,0.41142785540,2.09131592840000,NA
high_confidence,consensus_unrooted,PC1,Blomberg_K,1.54737145239095e+00,NA,1.40000000000000e-02,NA,data/phylogeny/P01_Trees/curc_fig1.contree,existing_file,Imported from phylogeny workflow outputs.,14,TRUE,FALSE,0.41143131210,2.09134337310000,NA
high_confidence,consensus_unrooted,PC1,Pagel_lambda,9.99926686256414e-01,12.30073591045576,7.96406066782866e-03,NA,data/phylogeny/P01_Trees/curc_fig1.contree,existing_file,Imported from phylogeny workflow outputs.,14,TRUE,FALSE,0.41143131210,2.09134337310000,NA
high_confidence,consensus_unrooted,PC2,Blomberg_K,2.34931290894695e+00,NA,1.00000000000000e-03,NA,data/phylogeny/P01_Trees/curc_fig1.contree,existing_file,Imported from phylogeny workflow outputs.,14,TRUE,FALSE,0.41143131210,2.09134337310000,NA
high_confidence,consensus_unrooted,PC2,Pagel_lambda,9.99926686256414e-01,15.55726507560757,8.38127135987941e-04,NA,data/phylogeny/P01_Trees/curc_fig1.contree,existing_file,Imported from phylogeny workflow outputs.,14,TRUE,FALSE,0.41143131210,2.09134337310000,NA
high_confidence,consensus_unrooted,PC3,Blomberg_K,9.92062661150632e-01,NA,7.80000000000001e-02,NA,data/phylogeny/P01_Trees/curc_fig1.contree,existing_file,Imported from phylogeny workflow outputs.,14,TRUE,FALSE,0.41143131210,2.09134337310000,NA
high_confidence,consensus_unrooted,PC3,Pagel_lambda,9.99926686256414e-01,17.02590912144755,3.00404507544437e-01,NA,data/phylogeny/P01_Trees/curc_fig1.contree,existing_file,Imported from phylogeny workflow outputs.,14,TRUE,FALSE,0.41143131210,2.09134337310000,NA
high_confidence,consensus_unrooted,PC4,Blomberg_K,7.48649725539637e-01,NA,2.65000000000000e-01,NA,data/phylogeny/P01_Trees/curc_fig1.contree,existing_file,Imported from phylogeny workflow outputs.,14,TRUE,FALSE,0.41143131210,2.09134337310000,NA
high_confidence,consensus_unrooted,PC4,Pagel_lambda,9.99926686256414e-01,18.11911109232202,5.56890040014927e-01,NA,data/phylogeny/P01_Trees/curc_fig1.contree,existing_file,Imported from phylogeny workflow outputs.,14,TRUE,FALSE,0.41143131210,2.09134337310000,NA
high_confidence,consensus_unrooted,PC5,Blomberg_K,1.12896462791162e+00,NA,3.90000000000000e-02,NA,data/phylogeny/P01_Trees/curc_fig1.contree,existing_file,Imported from phylogeny workflow outputs.,14,TRUE,FALSE,0.41143131210,2.09134337310000,NA
high_confidence,consensus_unrooted,PC5,Pagel_lambda,9.99926686256414e-01,25.08985257465635,5.05676670750448e-02,NA,data/phylogeny/P01_Trees/curc_fig1.contree,existing_file,Imported from phylogeny workflow outputs.,14,TRUE,FALSE,0.41143131210,2.09134337310000,NA
high_confidence,consensus_unrooted,abs_winding_angle_deg,Blomberg_K,8.54552685682857e-01,NA,1.84000000000000e-01,NA,data/phylogeny/P01_Trees/curc_fig1.contree,existing_file,Imported from phylogeny workflow outputs.,14,TRUE,FALSE,0.41143131210,2.09134337310000,NA
high_confidence,consensus_unrooted,abs_winding_angle_deg,Pagel_lambda,9.99926686256414e-01,-59.38741212965326,6.20309484129975e-01,NA,data/phylogeny/P01_Trees/curc_fig1.contree,existing_file,Imported from phylogeny workflow outputs.,14,TRUE,FALSE,0.41143131210,2.09134337310000,NA
high_confidence,consensus_unrooted,n_turns_abs,Blomberg_K,8.54552685682857e-01,NA,2.19000000000000e-01,NA,data/phylogeny/P01_Trees/curc_fig1.contree,existing_file,Imported from phylogeny workflow outputs.,14,TRUE,FALSE,0.41143131210,2.09134337310000,NA
high_confidence,consensus_unrooted,n_turns_abs,Pagel_lambda,9.99926686256414e-01,5.35973221629844,6.20309484129990e-01,NA,data/phylogeny/P01_Trees/curc_fig1.contree,existing_file,Imported from phylogeny workflow outputs.,14,TRUE,FALSE,0.41143131210,2.09134337310000,NA
high_confidence,consensus_unrooted,start_end_dist,Blomberg_K,6.98100042278799e-01,NA,4.62000000000000e-01,NA,data/phylogeny/P01_Trees/curc_fig1.contree,existing_file,Imported from phylogeny workflow outputs.,14,TRUE,FALSE,0.41143131210,2.09134337310000,NA
high_confidence,consensus_unrooted,start_end_dist,Pagel_lambda,7.33137435857406e-05,14.65259665214375,1.00000000000000e+00,NA,data/phylogeny/P01_Trees/curc_fig1.contree,existing_file,Imported from phylogeny workflow outputs.,14,TRUE,FALSE,0.41143131210,2.09134337310000,NA
high_confidence,consensus_unrooted,axial_span,Blomberg_K,8.00057183575302e-01,NA,3.03000000000000e-01,NA,data/phylogeny/P01_Trees/curc_fig1.contree,existing_file,Imported from phylogeny workflow outputs.,14,TRUE,FALSE,0.41143131210,2.09134337310000,NA
high_confidence,consensus_unrooted,axial_span,Pagel_lambda,7.33137435857406e-05,20.24418959666210,1.00000000000000e+00,NA,data/phylogeny/P01_Trees/curc_fig1.contree,existing_file,Imported from phylogeny workflow outputs.,14,TRUE,FALSE,0.41143131210,2.09134337310000,NA
high_confidence,consensus_unrooted,axial_pitch_360,Blomberg_K,8.86352288392514e-01,NA,2.40000000000000e-01,NA,data/phylogeny/P01_Trees/curc_fig1.contree,existing_file,Imported from phylogeny workflow outputs.,14,TRUE,FALSE,0.41143131210,2.09134337310000,NA
high_confidence,consensus_unrooted,axial_pitch_360,Pagel_lambda,9.99926686256414e-01,17.80257761781210,3.31100679061032e-01,NA,data/phylogeny/P01_Trees/curc_fig1.contree,existing_file,Imported from phylogeny workflow outputs.,14,TRUE,FALSE,0.41143131210,2.09134337310000,NA
high_confidence,consensus_unrooted,fit_radius,Blomberg_K,8.37743652742516e-01,NA,2.37000000000000e-01,NA,data/phylogeny/P01_Trees/curc_fig1.contree,existing_file,Imported from phylogeny workflow outputs.,14,TRUE,FALSE,0.41143131210,2.09134337310000,NA
high_confidence,consensus_unrooted,fit_radius,Pagel_lambda,9.99926686256414e-01,32.62239320056772,5.37075139610497e-01,NA,data/phylogeny/P01_Trees/curc_fig1.contree,existing_file,Imported from phylogeny workflow outputs.,14,TRUE,FALSE,0.41143131210,2.09134337310000,NA
high_confidence,consensus_unrooted,centroid_size,Blomberg_K,2.05658857883963e+00,NA,2.00000000000000e-03,NA,data/phylogeny/P01_Trees/curc_fig1.contree,existing_file,Imported from phylogeny workflow outputs.,14,TRUE,FALSE,0.41143131210,2.09134337310000,NA
high_confidence,consensus_unrooted,centroid_size,Pagel_lambda,9.99926686256414e-01,-74.29516375106834,3.48511352774510e-03,NA,data/phylogeny/P01_Trees/curc_fig1.contree,existing_file,Imported from phylogeny workflow outputs.,14,TRUE,FALSE,0.41143131210,2.09134337310000,NA
high_confidence,rooted_ml,PC1,Blomberg_K,1.54737599251659e+00,NA,1.40000000000000e-02,NA,data/phylogeny/P01_Trees/curc_fig1_rooted.tre,existing_file,Imported from phylogeny workflow outputs.,14,TRUE,FALSE,0.41142785540,2.09131592840000,NA
high_confidence,rooted_ml,PC1,Pagel_lambda,9.99926686256414e-01,12.30077205598435,7.96374431604314e-03,NA,data/phylogeny/P01_Trees/curc_fig1_rooted.tre,existing_file,Imported from phylogeny workflow outputs.,14,TRUE,FALSE,0.41142785540,2.09131592840000,NA
high_confidence,rooted_ml,PC2,Blomberg_K,2.34935119508569e+00,NA,1.00000000000000e-03,NA,data/phylogeny/P01_Trees/curc_fig1_rooted.tre,existing_file,Imported from phylogeny workflow outputs.,14,TRUE,FALSE,0.41142785540,2.09131592840000,NA
high_confidence,rooted_ml,PC2,Pagel_lambda,9.99926686256414e-01,15.55729741236919,8.38044090938813e-04,NA,data/phylogeny/P01_Trees/curc_fig1_rooted.tre,existing_file,Imported from phylogeny workflow outputs.,14,TRUE,FALSE,0.41142785540,2.09131592840000,NA
high_confidence,rooted_ml,PC3,Blomberg_K,9.92067393783601e-01,NA,8.80000000000001e-02,NA,data/phylogeny/P01_Trees/curc_fig1_rooted.tre,existing_file,Imported from phylogeny workflow outputs.,14,TRUE,FALSE,0.41142785540,2.09131592840000,NA
high_confidence,rooted_ml,PC3,Pagel_lambda,9.99926686256414e-01,17.02590889877230,3.00397612906460e-01,NA,data/phylogeny/P01_Trees/curc_fig1_rooted.tre,existing_file,Imported from phylogeny workflow outputs.,14,TRUE,FALSE,0.41142785540,2.09131592840000,NA
high_confidence,rooted_ml,PC4,Blomberg_K,7.48651180330387e-01,NA,2.54000000000000e-01,NA,data/phylogeny/P01_Trees/curc_fig1_rooted.tre,existing_file,Imported from phylogeny workflow outputs.,14,TRUE,FALSE,0.41142785540,2.09131592840000,NA
high_confidence,rooted_ml,PC4,Pagel_lambda,9.99926686256414e-01,18.11912666473152,5.56873238690704e-01,NA,data/phylogeny/P01_Trees/curc_fig1_rooted.tre,existing_file,Imported from phylogeny workflow outputs.,14,TRUE,FALSE,0.41142785540,2.09131592840000,NA
high_confidence,rooted_ml,PC5,Blomberg_K,1.12896721123737e+00,NA,3.90000000000000e-02,NA,data/phylogeny/P01_Trees/curc_fig1_rooted.tre,existing_file,Imported from phylogeny workflow outputs.,14,TRUE,FALSE,0.41142785540,2.09131592840000,NA
high_confidence,rooted_ml,PC5,Pagel_lambda,9.99926686256414e-01,25.08983456889098,5.05654729067360e-02,NA,data/phylogeny/P01_Trees/curc_fig1_rooted.tre,existing_file,Imported from phylogeny workflow outputs.,14,TRUE,FALSE,0.41142785540,2.09131592840000,NA
high_confidence,rooted_ml,abs_winding_angle_deg,Blomberg_K,8.54545938732025e-01,NA,2.24000000000000e-01,NA,data/phylogeny/P01_Trees/curc_fig1_rooted.tre,existing_file,Imported from phylogeny workflow outputs.,14,TRUE,FALSE,0.41142785540,2.09131592840000,NA
high_confidence,rooted_ml,abs_winding_angle_deg,Pagel_lambda,9.99926686256414e-01,-59.38742391577560,6.20339733487997e-01,NA,data/phylogeny/P01_Trees/curc_fig1_rooted.tre,existing_file,Imported from phylogeny workflow outputs.,14,TRUE,FALSE,0.41142785540,2.09131592840000,NA
high_confidence,rooted_ml,n_turns_abs,Blomberg_K,8.54545938732024e-01,NA,2.43000000000000e-01,NA,data/phylogeny/P01_Trees/curc_fig1_rooted.tre,existing_file,Imported from phylogeny workflow outputs.,14,TRUE,FALSE,0.41142785540,2.09131592840000,NA
high_confidence,rooted_ml,n_turns_abs,Pagel_lambda,9.99926686256414e-01,5.35972043017612,6.20339733487977e-01,NA,data/phylogeny/P01_Trees/curc_fig1_rooted.tre,existing_file,Imported from phylogeny workflow outputs.,14,TRUE,FALSE,0.41142785540,2.09131592840000,NA
high_confidence,rooted_ml,start_end_dist,Blomberg_K,6.98097406479275e-01,NA,4.50000000000000e-01,NA,data/phylogeny/P01_Trees/curc_fig1_rooted.tre,existing_file,Imported from phylogeny workflow outputs.,14,TRUE,FALSE,0.41142785540,2.09131592840000,NA
high_confidence,rooted_ml,start_end_dist,Pagel_lambda,7.33137435857406e-05,14.65259389262954,1.00000000000000e+00,NA,data/phylogeny/P01_Trees/curc_fig1_rooted.tre,existing_file,Imported from phylogeny workflow outputs.,14,TRUE,FALSE,0.41142785540,2.09131592840000,NA
high_confidence,rooted_ml,axial_span,Blomberg_K,8.00050783207721e-01,NA,3.32000000000000e-01,NA,data/phylogeny/P01_Trees/curc_fig1_rooted.tre,existing_file,Imported from phylogeny workflow outputs.,14,TRUE,FALSE,0.41142785540,2.09131592840000,NA
high_confidence,rooted_ml,axial_span,Pagel_lambda,7.33137435857406e-05,20.24418568454792,1.00000000000000e+00,NA,data/phylogeny/P01_Trees/curc_fig1_rooted.tre,existing_file,Imported from phylogeny workflow outputs.,14,TRUE,FALSE,0.41142785540,2.09131592840000,NA
high_confidence,rooted_ml,axial_pitch_360,Blomberg_K,8.86341567416456e-01,NA,2.33000000000000e-01,NA,data/phylogeny/P01_Trees/curc_fig1_rooted.tre,existing_file,Imported from phylogeny workflow outputs.,14,TRUE,FALSE,0.41142785540,2.09131592840000,NA
high_confidence,rooted_ml,axial_pitch_360,Pagel_lambda,9.99926686256414e-01,17.80255835732583,3.31114241137528e-01,NA,data/phylogeny/P01_Trees/curc_fig1_rooted.tre,existing_file,Imported from phylogeny workflow outputs.,14,TRUE,FALSE,0.41142785540,2.09131592840000,NA
high_confidence,rooted_ml,fit_radius,Blomberg_K,8.37736956474853e-01,NA,2.56000000000000e-01,NA,data/phylogeny/P01_Trees/curc_fig1_rooted.tre,existing_file,Imported from phylogeny workflow outputs.,14,TRUE,FALSE,0.41142785540,2.09131592840000,NA
high_confidence,rooted_ml,fit_radius,Pagel_lambda,9.99926686256414e-01,32.62238794897674,5.37096685710227e-01,NA,data/phylogeny/P01_Trees/curc_fig1_rooted.tre,existing_file,Imported from phylogeny workflow outputs.,14,TRUE,FALSE,0.41142785540,2.09131592840000,NA
high_confidence,rooted_ml,centroid_size,Blomberg_K,2.05659652085218e+00,NA,4.00000000000000e-03,NA,data/phylogeny/P01_Trees/curc_fig1_rooted.tre,existing_file,Imported from phylogeny workflow outputs.,14,TRUE,FALSE,0.41142785540,2.09131592840000,NA
high_confidence,rooted_ml,centroid_size,Pagel_lambda,9.99926686256414e-01,-74.29518052506042,3.48502867578408e-03,NA,data/phylogeny/P01_Trees/curc_fig1_rooted.tre,existing_file,Imported from phylogeny workflow outputs.,14,TRUE,FALSE,0.41142785540,2.09131592840000,NA
high_confidence,ultrametric,PC1,Blomberg_K,1.68273451592504e+00,NA,6.00000000000000e-03,NA,data/phylogeny/P01_Trees/curc_fig1_ultrametric.tre,existing_file,Imported from phylogeny workflow outputs.,14,TRUE,FALSE,1.49720520480,10.43444573521000,NA
high_confidence,ultrametric,PC1,Pagel_lambda,9.99926686256414e-01,12.41816392346370,9.59287988152429e-03,NA,data/phylogeny/P01_Trees/curc_fig1_ultrametric.tre,existing_file,Imported from phylogeny workflow outputs.,14,TRUE,FALSE,1.49720520480,10.43444573521000,NA
high_confidence,ultrametric,PC2,Blomberg_K,2.17359442986892e+00,NA,1.00000000000000e-03,NA,data/phylogeny/P01_Trees/curc_fig1_ultrametric.tre,existing_file,Imported from phylogeny workflow outputs.,14,TRUE,FALSE,1.49720520480,10.43444573521000,NA
high_confidence,ultrametric,PC2,Pagel_lambda,9.99926686256414e-01,14.14862298958876,1.64587232904633e-03,NA,data/phylogeny/P01_Trees/curc_fig1_ultrametric.tre,existing_file,Imported from phylogeny workflow outputs.,14,TRUE,FALSE,1.49720520480,10.43444573521000,NA
high_confidence,ultrametric,PC3,Blomberg_K,8.09340449945472e-01,NA,2.68000000000000e-01,NA,data/phylogeny/P01_Trees/curc_fig1_ultrametric.tre,existing_file,Imported from phylogeny workflow outputs.,14,TRUE,FALSE,1.49720520480,10.43444573521000,NA
high_confidence,ultrametric,PC3,Pagel_lambda,9.99926686256414e-01,15.56702528066569,3.43733906028045e-01,NA,data/phylogeny/P01_Trees/curc_fig1_ultrametric.tre,existing_file,Imported from phylogeny workflow outputs.,14,TRUE,FALSE,1.49720520480,10.43444573521000,NA
high_confidence,ultrametric,PC4,Blomberg_K,7.92774904256758e-01,NA,3.25000000000000e-01,NA,data/phylogeny/P01_Trees/curc_fig1_ultrametric.tre,existing_file,Imported from phylogeny workflow outputs.,14,TRUE,FALSE,1.49720520480,10.43444573521000,NA
high_confidence,ultrametric,PC4,Pagel_lambda,9.99926686256414e-01,17.88699185444335,3.65906793062749e-01,NA,data/phylogeny/P01_Trees/curc_fig1_ultrametric.tre,existing_file,Imported from phylogeny workflow outputs.,14,TRUE,FALSE,1.49720520480,10.43444573521000,NA
high_confidence,ultrametric,PC5,Blomberg_K,1.01973004341090e+00,NA,8.30000000000001e-02,NA,data/phylogeny/P01_Trees/curc_fig1_ultrametric.tre,existing_file,Imported from phylogeny workflow outputs.,14,TRUE,FALSE,1.49720520480,10.43444573521000,NA
high_confidence,ultrametric,PC5,Pagel_lambda,9.99926686256414e-01,24.85707284138937,1.08442774692073e-01,NA,data/phylogeny/P01_Trees/curc_fig1_ultrametric.tre,existing_file,Imported from phylogeny workflow outputs.,14,TRUE,FALSE,1.49720520480,10.43444573521000,NA
high_confidence,ultrametric,abs_winding_angle_deg,Blomberg_K,7.51300211110310e-01,NA,5.16000000000000e-01,NA,data/phylogeny/P01_Trees/curc_fig1_ultrametric.tre,existing_file,Imported from phylogeny workflow outputs.,14,TRUE,FALSE,1.49720520480,10.43444573521000,NA
high_confidence,ultrametric,abs_winding_angle_deg,Pagel_lambda,7.33137435857406e-05,-60.34464191537958,1.00000000000000e+00,NA,data/phylogeny/P01_Trees/curc_fig1_ultrametric.tre,existing_file,Imported from phylogeny workflow outputs.,14,TRUE,FALSE,1.49720520480,10.43444573521000,NA
high_confidence,ultrametric,n_turns_abs,Blomberg_K,7.51300211110311e-01,NA,5.05000000000000e-01,NA,data/phylogeny/P01_Trees/curc_fig1_ultrametric.tre,existing_file,Imported from phylogeny workflow outputs.,14,TRUE,FALSE,1.49720520480,10.43444573521000,NA
high_confidence,ultrametric,n_turns_abs,Pagel_lambda,7.33137435857406e-05,4.40250243057212,1.00000000000000e+00,NA,data/phylogeny/P01_Trees/curc_fig1_ultrametric.tre,existing_file,Imported from phylogeny workflow outputs.,14,TRUE,FALSE,1.49720520480,10.43444573521000,NA
high_confidence,ultrametric,start_end_dist,Blomberg_K,7.47133991143491e-01,NA,4.76000000000000e-01,NA,data/phylogeny/P01_Trees/curc_fig1_ultrametric.tre,existing_file,Imported from phylogeny workflow outputs.,14,TRUE,FALSE,1.49720520480,10.43444573521000,NA
high_confidence,ultrametric,start_end_dist,Pagel_lambda,7.33137435857406e-05,14.62815849090935,1.00000000000000e+00,NA,data/phylogeny/P01_Trees/curc_fig1_ultrametric.tre,existing_file,Imported from phylogeny workflow outputs.,14,TRUE,FALSE,1.49720520480,10.43444573521000,NA
high_confidence,ultrametric,axial_span,Blomberg_K,7.12700126146848e-01,NA,6.38000000000000e-01,NA,data/phylogeny/P01_Trees/curc_fig1_ultrametric.tre,existing_file,Imported from phylogeny workflow outputs.,14,TRUE,FALSE,1.49720520480,10.43444573521000,NA
high_confidence,ultrametric,axial_span,Pagel_lambda,7.33137435857406e-05,19.48186843315623,1.00000000000000e+00,NA,data/phylogeny/P01_Trees/curc_fig1_ultrametric.tre,existing_file,Imported from phylogeny workflow outputs.,14,TRUE,FALSE,1.49720520480,10.43444573521000,NA
high_confidence,ultrametric,axial_pitch_360,Blomberg_K,6.95724263679377e-01,NA,6.41000000000000e-01,NA,data/phylogeny/P01_Trees/curc_fig1_ultrametric.tre,existing_file,Imported from phylogeny workflow outputs.,14,TRUE,FALSE,1.49720520480,10.43444573521000,NA
high_confidence,ultrametric,axial_pitch_360,Pagel_lambda,9.99926686256414e-01,16.31948273902487,4.23116927717948e-01,NA,data/phylogeny/P01_Trees/curc_fig1_ultrametric.tre,existing_file,Imported from phylogeny workflow outputs.,14,TRUE,FALSE,1.49720520480,10.43444573521000,NA
high_confidence,ultrametric,fit_radius,Blomberg_K,7.93292638364200e-01,NA,4.13000000000000e-01,NA,data/phylogeny/P01_Trees/curc_fig1_ultrametric.tre,existing_file,Imported from phylogeny workflow outputs.,14,TRUE,FALSE,1.49720520480,10.43444573521000,NA
high_confidence,ultrametric,fit_radius,Pagel_lambda,9.99926686256414e-01,31.91022953479334,4.80826104383736e-01,NA,data/phylogeny/P01_Trees/curc_fig1_ultrametric.tre,existing_file,Imported from phylogeny workflow outputs.,14,TRUE,FALSE,1.49720520480,10.43444573521000,NA
high_confidence,ultrametric,centroid_size,Blomberg_K,2.16266613259798e+00,NA,2.00000000000000e-03,NA,data/phylogeny/P01_Trees/curc_fig1_ultrametric.tre,existing_file,Imported from phylogeny workflow outputs.,14,TRUE,FALSE,1.49720520480,10.43444573521000,NA
high_confidence,ultrametric,centroid_size,Pagel_lambda,9.99926686256414e-01,-74.25515669209727,4.22703112063676e-03,NA,data/phylogeny/P01_Trees/curc_fig1_ultrametric.tre,existing_file,Imported from phylogeny workflow outputs.,14,TRUE,FALSE,1.49720520480,10.43444573521000,NA
high_confidence,grafen,PC1,Blomberg_K,1.22029211813165e+00,NA,1.00000000000000e-03,NA,data/phylogeny/P01_Trees/curc_fig1_grafen.tre,existing_file,Imported from phylogeny workflow outputs.,14,TRUE,FALSE,1.92307692298,4.53846153818000,NA
high_confidence,grafen,PC1,Pagel_lambda,9.99926686256414e-01,18.19055865366819,1.58846514788472e-05,NA,data/phylogeny/P01_Trees/curc_fig1_grafen.tre,existing_file,Imported from phylogeny workflow outputs.,14,TRUE,FALSE,1.92307692298,4.53846153818000,NA
high_confidence,grafen,PC2,Blomberg_K,1.41891159085225e+00,NA,1.00000000000000e-03,NA,data/phylogeny/P01_Trees/curc_fig1_grafen.tre,existing_file,Imported from phylogeny workflow outputs.,14,TRUE,FALSE,1.92307692298,4.53846153818000,NA
high_confidence,grafen,PC2,Pagel_lambda,9.99926686256414e-01,16.27295804416830,9.22388954820027e-07,NA,data/phylogeny/P01_Trees/curc_fig1_grafen.tre,existing_file,Imported from phylogeny workflow outputs.,14,TRUE,FALSE,1.92307692298,4.53846153818000,NA
high_confidence,grafen,PC3,Blomberg_K,1.91921495459652e-01,NA,2.53000000000000e-01,NA,data/phylogeny/P01_Trees/curc_fig1_grafen.tre,existing_file,Imported from phylogeny workflow outputs.,14,TRUE,FALSE,1.92307692298,4.53846153818000,NA
high_confidence,grafen,PC3,Pagel_lambda,8.51539408712812e-01,14.10037063492821,2.87315688388640e-02,NA,data/phylogeny/P01_Trees/curc_fig1_grafen.tre,existing_file,Imported from phylogeny workflow outputs.,14,TRUE,FALSE,1.92307692298,4.53846153818000,NA
high_confidence,grafen,PC4,Blomberg_K,2.37318871255318e-01,NA,1.81000000000000e-01,NA,data/phylogeny/P01_Trees/curc_fig1_grafen.tre,existing_file,Imported from phylogeny workflow outputs.,14,TRUE,FALSE,1.92307692298,4.53846153818000,NA
high_confidence,grafen,PC4,Pagel_lambda,9.99513288867452e-01,17.32366317611834,6.70195740014857e-03,NA,data/phylogeny/P01_Trees/curc_fig1_grafen.tre,existing_file,Imported from phylogeny workflow outputs.,14,TRUE,FALSE,1.92307692298,4.53846153818000,NA
high_confidence,grafen,PC5,Blomberg_K,1.97739798704172e-01,NA,2.44000000000000e-01,NA,data/phylogeny/P01_Trees/curc_fig1_grafen.tre,existing_file,Imported from phylogeny workflow outputs.,14,TRUE,FALSE,1.92307692298,4.53846153818000,NA
high_confidence,grafen,PC5,Pagel_lambda,9.56641008190999e-01,21.13196988079154,9.66470281501628e-03,NA,data/phylogeny/P01_Trees/curc_fig1_grafen.tre,existing_file,Imported from phylogeny workflow outputs.,14,TRUE,FALSE,1.92307692298,4.53846153818000,NA
high_confidence,grafen,abs_winding_angle_deg,Blomberg_K,8.47493408327907e-02,NA,8.78000000000001e-01,NA,data/phylogeny/P01_Trees/curc_fig1_grafen.tre,existing_file,Imported from phylogeny workflow outputs.,14,TRUE,FALSE,1.92307692298,4.53846153818000,NA
high_confidence,grafen,abs_winding_angle_deg,Pagel_lambda,7.33137435857406e-05,-62.07857474293133,1.00000000000000e+00,NA,data/phylogeny/P01_Trees/curc_fig1_grafen.tre,existing_file,Imported from phylogeny workflow outputs.,14,TRUE,FALSE,1.92307692298,4.53846153818000,NA
high_confidence,grafen,n_turns_abs,Blomberg_K,8.47493408327908e-02,NA,8.82000000000001e-01,NA,data/phylogeny/P01_Trees/curc_fig1_grafen.tre,existing_file,Imported from phylogeny workflow outputs.,14,TRUE,FALSE,1.92307692298,4.53846153818000,NA
high_confidence,grafen,n_turns_abs,Pagel_lambda,7.33137435857406e-05,2.66856960302038,1.00000000000000e+00,NA,data/phylogeny/P01_Trees/curc_fig1_grafen.tre,existing_file,Imported from phylogeny workflow outputs.,14,TRUE,FALSE,1.92307692298,4.53846153818000,NA
high_confidence,grafen,start_end_dist,Blomberg_K,8.04175980743315e-02,NA,9.20000000000001e-01,NA,data/phylogeny/P01_Trees/curc_fig1_grafen.tre,existing_file,Imported from phylogeny workflow outputs.,14,TRUE,FALSE,1.92307692298,4.53846153818000,NA
high_confidence,grafen,start_end_dist,Pagel_lambda,3.74845853132081e-02,14.60562428874711,8.99460282956330e-01,NA,data/phylogeny/P01_Trees/curc_fig1_grafen.tre,existing_file,Imported from phylogeny workflow outputs.,14,TRUE,FALSE,1.92307692298,4.53846153818000,NA
high_confidence,grafen,axial_span,Blomberg_K,6.50310671083622e-02,NA,9.60000000000001e-01,NA,data/phylogeny/P01_Trees/curc_fig1_grafen.tre,existing_file,Imported from phylogeny workflow outputs.,14,TRUE,FALSE,1.92307692298,4.53846153818000,NA
high_confidence,grafen,axial_span,Pagel_lambda,7.33137435857406e-05,20.37250186912714,1.00000000000000e+00,NA,data/phylogeny/P01_Trees/curc_fig1_grafen.tre,existing_file,Imported from phylogeny workflow outputs.,14,TRUE,FALSE,1.92307692298,4.53846153818000,NA
high_confidence,grafen,axial_pitch_360,Blomberg_K,1.23667643629191e-01,NA,5.98000000000000e-01,NA,data/phylogeny/P01_Trees/curc_fig1_grafen.tre,existing_file,Imported from phylogeny workflow outputs.,14,TRUE,FALSE,1.92307692298,4.53846153818000,NA
high_confidence,grafen,axial_pitch_360,Pagel_lambda,9.44059426885486e-01,14.67580040613111,4.96493883511260e-02,NA,data/phylogeny/P01_Trees/curc_fig1_grafen.tre,existing_file,Imported from phylogeny workflow outputs.,14,TRUE,FALSE,1.92307692298,4.53846153818000,NA
high_confidence,grafen,fit_radius,Blomberg_K,2.23707443801997e-01,NA,3.13000000000000e-01,NA,data/phylogeny/P01_Trees/curc_fig1_grafen.tre,existing_file,Imported from phylogeny workflow outputs.,14,TRUE,FALSE,1.92307692298,4.53846153818000,NA
high_confidence,grafen,fit_radius,Pagel_lambda,9.99926686256414e-01,32.33371032756314,1.29521522107234e-02,NA,data/phylogeny/P01_Trees/curc_fig1_grafen.tre,existing_file,Imported from phylogeny workflow outputs.,14,TRUE,FALSE,1.92307692298,4.53846153818000,NA
high_confidence,grafen,centroid_size,Blomberg_K,8.71721009013885e-01,NA,1.00000000000000e-03,NA,data/phylogeny/P01_Trees/curc_fig1_grafen.tre,existing_file,Imported from phylogeny workflow outputs.,14,TRUE,FALSE,1.92307692298,4.53846153818000,NA
high_confidence,grafen,centroid_size,Pagel_lambda,9.61900362948347e-01,-74.51827963856493,3.78756695186721e-04,NA,data/phylogeny/P01_Trees/curc_fig1_grafen.tre,existing_file,Imported from phylogeny workflow outputs.,14,TRUE,FALSE,1.92307692298,4.53846153818000,NA
high_confidence,with_caridae_calibrated,PC1,Blomberg_K,1.64963395997093e+00,NA,3.00000000000000e-03,NA,data/phylogeny/P01_Trees/curc_fig1_withCaridae_calibrated.tre,existing_file,Imported from phylogeny workflow outputs.,15,TRUE,TRUE,190.36440163600,1948.52462195399994,0
high_confidence,with_caridae_calibrated,PC1,Pagel_lambda,1.17037093664771e+00,17.37489580460381,1.23506885386373e-04,NA,data/phylogeny/P01_Trees/curc_fig1_withCaridae_calibrated.tre,existing_file,Imported from phylogeny workflow outputs.,15,TRUE,TRUE,190.36440163600,1948.52462195399994,0
high_confidence,with_caridae_calibrated,PC2,Blomberg_K,1.47310517480298e+00,NA,1.00000000000000e-03,NA,data/phylogeny/P01_Trees/curc_fig1_withCaridae_calibrated.tre,existing_file,Imported from phylogeny workflow outputs.,15,TRUE,TRUE,190.36440163600,1948.52462195399994,0
high_confidence,with_caridae_calibrated,PC2,Pagel_lambda,1.14834690779796e+00,16.63803480032724,2.95505285379363e-03,NA,data/phylogeny/P01_Trees/curc_fig1_withCaridae_calibrated.tre,existing_file,Imported from phylogeny workflow outputs.,15,TRUE,TRUE,190.36440163600,1948.52462195399994,0
high_confidence,with_caridae_calibrated,PC3,Blomberg_K,7.06788941042680e-01,NA,3.28000000000000e-01,NA,data/phylogeny/P01_Trees/curc_fig1_withCaridae_calibrated.tre,existing_file,Imported from phylogeny workflow outputs.,15,TRUE,TRUE,190.36440163600,1948.52462195399994,0
high_confidence,with_caridae_calibrated,PC3,Pagel_lambda,4.52395074719172e-05,17.37828096569665,1.00000000000000e+00,NA,data/phylogeny/P01_Trees/curc_fig1_withCaridae_calibrated.tre,existing_file,Imported from phylogeny workflow outputs.,15,TRUE,TRUE,190.36440163600,1948.52462195399994,0
high_confidence,with_caridae_calibrated,PC4,Blomberg_K,8.77276168605793e-01,NA,8.00000000000001e-02,NA,data/phylogeny/P01_Trees/curc_fig1_withCaridae_calibrated.tre,existing_file,Imported from phylogeny workflow outputs.,15,TRUE,TRUE,190.36440163600,1948.52462195399994,0
high_confidence,with_caridae_calibrated,PC4,Pagel_lambda,9.47727611723614e-01,20.88125595681836,4.24762287634756e-01,NA,data/phylogeny/P01_Trees/curc_fig1_withCaridae_calibrated.tre,existing_file,Imported from phylogeny workflow outputs.,15,TRUE,TRUE,190.36440163600,1948.52462195399994,0
high_confidence,with_caridae_calibrated,PC5,Blomberg_K,8.61013941886414e-01,NA,1.15000000000000e-01,NA,data/phylogeny/P01_Trees/curc_fig1_withCaridae_calibrated.tre,existing_file,Imported from phylogeny workflow outputs.,15,TRUE,TRUE,190.36440163600,1948.52462195399994,0
high_confidence,with_caridae_calibrated,PC5,Pagel_lambda,5.40431213387747e-01,27.14163009348106,4.03833633064229e-01,NA,data/phylogeny/P01_Trees/curc_fig1_withCaridae_calibrated.tre,existing_file,Imported from phylogeny workflow outputs.,15,TRUE,TRUE,190.36440163600,1948.52462195399994,0
high_confidence,with_caridae_calibrated,abs_winding_angle_deg,Blomberg_K,7.81739789128409e-01,NA,1.84000000000000e-01,NA,data/phylogeny/P01_Trees/curc_fig1_withCaridae_calibrated.tre,existing_file,Imported from phylogeny workflow outputs.,15,TRUE,TRUE,190.36440163600,1948.52462195399994,0
high_confidence,with_caridae_calibrated,abs_winding_angle_deg,Pagel_lambda,4.55400227644791e-05,-65.97106723857051,1.00000000000000e+00,NA,data/phylogeny/P01_Trees/curc_fig1_withCaridae_calibrated.tre,existing_file,Imported from phylogeny workflow outputs.,15,TRUE,TRUE,190.36440163600,1948.52462195399994,0
high_confidence,with_caridae_calibrated,n_turns_abs,Blomberg_K,7.81739789128409e-01,NA,1.91000000000000e-01,NA,data/phylogeny/P01_Trees/curc_fig1_withCaridae_calibrated.tre,existing_file,Imported from phylogeny workflow outputs.,15,TRUE,TRUE,190.36440163600,1948.52462195399994,0
high_confidence,with_caridae_calibrated,n_turns_abs,Pagel_lambda,4.55400227644791e-05,4.66218113883135,1.00000000000000e+00,NA,data/phylogeny/P01_Trees/curc_fig1_withCaridae_calibrated.tre,existing_file,Imported from phylogeny workflow outputs.,15,TRUE,TRUE,190.36440163600,1948.52462195399994,0
high_confidence,with_caridae_calibrated,start_end_dist,Blomberg_K,5.86039662585402e-01,NA,5.21000000000000e-01,NA,data/phylogeny/P01_Trees/curc_fig1_withCaridae_calibrated.tre,existing_file,Imported from phylogeny workflow outputs.,15,TRUE,TRUE,190.36440163600,1948.52462195399994,0
high_confidence,with_caridae_calibrated,start_end_dist,Pagel_lambda,4.55400227644791e-05,15.13991641130426,1.00000000000000e+00,NA,data/phylogeny/P01_Trees/curc_fig1_withCaridae_calibrated.tre,existing_file,Imported from phylogeny workflow outputs.,15,TRUE,TRUE,190.36440163600,1948.52462195399994,0
high_confidence,with_caridae_calibrated,axial_span,Blomberg_K,5.38484647041566e-01,NA,6.59000000000000e-01,NA,data/phylogeny/P01_Trees/curc_fig1_withCaridae_calibrated.tre,existing_file,Imported from phylogeny workflow outputs.,15,TRUE,TRUE,190.36440163600,1948.52462195399994,0
high_confidence,with_caridae_calibrated,axial_span,Pagel_lambda,4.55400227644791e-05,20.86327971956952,1.00000000000000e+00,NA,data/phylogeny/P01_Trees/curc_fig1_withCaridae_calibrated.tre,existing_file,Imported from phylogeny workflow outputs.,15,TRUE,TRUE,190.36440163600,1948.52462195399994,0
high_confidence,with_caridae_calibrated,axial_pitch_360,Blomberg_K,8.12702562874674e-01,NA,2.08000000000000e-01,NA,data/phylogeny/P01_Trees/curc_fig1_withCaridae_calibrated.tre,existing_file,Imported from phylogeny workflow outputs.,15,TRUE,TRUE,190.36440163600,1948.52462195399994,0
high_confidence,with_caridae_calibrated,axial_pitch_360,Pagel_lambda,4.55400227644791e-05,18.94805112273349,1.00000000000000e+00,NA,data/phylogeny/P01_Trees/curc_fig1_withCaridae_calibrated.tre,existing_file,Imported from phylogeny workflow outputs.,15,TRUE,TRUE,190.36440163600,1948.52462195399994,0
high_confidence,with_caridae_calibrated,fit_radius,Blomberg_K,1.07395698478478e+00,NA,3.50000000000000e-02,NA,data/phylogeny/P01_Trees/curc_fig1_withCaridae_calibrated.tre,existing_file,Imported from phylogeny workflow outputs.,15,TRUE,TRUE,190.36440163600,1948.52462195399994,0
high_confidence,with_caridae_calibrated,fit_radius,Pagel_lambda,1.07307837902047e+00,33.66788407083490,8.57190673368093e-02,NA,data/phylogeny/P01_Trees/curc_fig1_withCaridae_calibrated.tre,existing_file,Imported from phylogeny workflow outputs.,15,TRUE,TRUE,190.36440163600,1948.52462195399994,0
high_confidence,with_caridae_calibrated,centroid_size,Blomberg_K,1.26954971616011e+00,NA,3.00000000000000e-03,NA,data/phylogeny/P01_Trees/curc_fig1_withCaridae_calibrated.tre,existing_file,Imported from phylogeny workflow outputs.,15,TRUE,TRUE,190.36440163600,1948.52462195399994,0
high_confidence,with_caridae_calibrated,centroid_size,Pagel_lambda,1.15823264906076e+00,-79.76067432361231,3.35399302062394e-02,NA,data/phylogeny/P01_Trees/curc_fig1_withCaridae_calibrated.tre,existing_file,Imported from phylogeny workflow outputs.,15,TRUE,TRUE,190.36440163600,1948.52462195399994,0
high_confidence,ultrametric_with_caridae,PC1,Blomberg_K,1.55454681631879e+00,NA,2.00000000000000e-03,NA,data/phylogeny/P01_Trees/curc_fig1_ultrametric_withCaridae_correct.tre,existing_file,Imported from phylogeny workflow outputs.,15,TRUE,TRUE,1.00000000003,7.45410652886000,0
high_confidence,ultrametric_with_caridae,PC1,Pagel_lambda,1.03520813563008e+00,17.05893738091234,1.72749929764728e-04,NA,data/phylogeny/P01_Trees/curc_fig1_ultrametric_withCaridae_correct.tre,existing_file,Imported from phylogeny workflow outputs.,15,TRUE,TRUE,1.00000000003,7.45410652886000,0
high_confidence,ultrametric_with_caridae,PC2,Blomberg_K,2.03441529959273e+00,NA,1.00000000000000e-03,NA,data/phylogeny/P01_Trees/curc_fig1_ultrametric_withCaridae_correct.tre,existing_file,Imported from phylogeny workflow outputs.,15,TRUE,TRUE,1.00000000003,7.45410652886000,0
high_confidence,ultrametric_with_caridae,PC2,Pagel_lambda,1.05691472806700e+00,19.97186273632085,8.23887792709820e-05,NA,data/phylogeny/P01_Trees/curc_fig1_ultrametric_withCaridae_correct.tre,existing_file,Imported from phylogeny workflow outputs.,15,TRUE,TRUE,1.00000000003,7.45410652886000,0
high_confidence,ultrametric_with_caridae,PC3,Blomberg_K,2.30575514994869e-01,NA,5.51000000000000e-01,NA,data/phylogeny/P01_Trees/curc_fig1_ultrametric_withCaridae_correct.tre,existing_file,Imported from phylogeny workflow outputs.,15,TRUE,TRUE,1.00000000003,7.45410652886000,0
high_confidence,ultrametric_with_caridae,PC3,Pagel_lambda,7.88084938657480e-05,17.37813597075129,1.00000000000000e+00,NA,data/phylogeny/P01_Trees/curc_fig1_ultrametric_withCaridae_correct.tre,existing_file,Imported from phylogeny workflow outputs.,15,TRUE,TRUE,1.00000000003,7.45410652886000,0
high_confidence,ultrametric_with_caridae,PC4,Blomberg_K,5.03574872092853e-01,NA,7.20000000000001e-02,NA,data/phylogeny/P01_Trees/curc_fig1_ultrametric_withCaridae_correct.tre,existing_file,Imported from phylogeny workflow outputs.,15,TRUE,TRUE,1.00000000003,7.45410652886000,0
high_confidence,ultrametric_with_caridae,PC4,Pagel_lambda,7.88084938657480e-05,20.56257250796465,1.00000000000000e+00,NA,data/phylogeny/P01_Trees/curc_fig1_ultrametric_withCaridae_correct.tre,existing_file,Imported from phylogeny workflow outputs.,15,TRUE,TRUE,1.00000000003,7.45410652886000,0
high_confidence,ultrametric_with_caridae,PC5,Blomberg_K,3.32066813733808e-01,NA,2.69000000000000e-01,NA,data/phylogeny/P01_Trees/curc_fig1_ultrametric_withCaridae_correct.tre,existing_file,Imported from phylogeny workflow outputs.,15,TRUE,TRUE,1.00000000003,7.45410652886000,0
high_confidence,ultrametric_with_caridae,PC5,Pagel_lambda,7.88084938657480e-05,26.79314612633608,1.00000000000000e+00,NA,data/phylogeny/P01_Trees/curc_fig1_ultrametric_withCaridae_correct.tre,existing_file,Imported from phylogeny workflow outputs.,15,TRUE,TRUE,1.00000000003,7.45410652886000,0
high_confidence,ultrametric_with_caridae,abs_winding_angle_deg,Blomberg_K,2.31300501302261e-01,NA,6.79000000000000e-01,NA,data/phylogeny/P01_Trees/curc_fig1_ultrametric_withCaridae_correct.tre,existing_file,Imported from phylogeny workflow outputs.,15,TRUE,TRUE,1.00000000003,7.45410652886000,0
high_confidence,ultrametric_with_caridae,abs_winding_angle_deg,Pagel_lambda,7.92607624853402e-05,-65.97119788605937,1.00000000000000e+00,NA,data/phylogeny/P01_Trees/curc_fig1_ultrametric_withCaridae_correct.tre,existing_file,Imported from phylogeny workflow outputs.,15,TRUE,TRUE,1.00000000003,7.45410652886000,0
high_confidence,ultrametric_with_caridae,n_turns_abs,Blomberg_K,2.31300501302260e-01,NA,6.72000000000000e-01,NA,data/phylogeny/P01_Trees/curc_fig1_ultrametric_withCaridae_correct.tre,existing_file,Imported from phylogeny workflow outputs.,15,TRUE,TRUE,1.00000000003,7.45410652886000,0
high_confidence,ultrametric_with_caridae,n_turns_abs,Pagel_lambda,7.92607624853402e-05,4.66205049134250,1.00000000000000e+00,NA,data/phylogeny/P01_Trees/curc_fig1_ultrametric_withCaridae_correct.tre,existing_file,Imported from phylogeny workflow outputs.,15,TRUE,TRUE,1.00000000003,7.45410652886000,0
high_confidence,ultrametric_with_caridae,start_end_dist,Blomberg_K,1.48876465572171e-01,NA,9.28000000000001e-01,NA,data/phylogeny/P01_Trees/curc_fig1_ultrametric_withCaridae_correct.tre,existing_file,Imported from phylogeny workflow outputs.,15,TRUE,TRUE,1.00000000003,7.45410652886000,0
high_confidence,ultrametric_with_caridae,start_end_dist,Pagel_lambda,7.92607624853402e-05,15.13971403599220,1.00000000000000e+00,NA,data/phylogeny/P01_Trees/curc_fig1_ultrametric_withCaridae_correct.tre,existing_file,Imported from phylogeny workflow outputs.,15,TRUE,TRUE,1.00000000003,7.45410652886000,0
high_confidence,ultrametric_with_caridae,axial_span,Blomberg_K,1.27538938895140e-01,NA,9.68000000000001e-01,NA,data/phylogeny/P01_Trees/curc_fig1_ultrametric_withCaridae_correct.tre,existing_file,Imported from phylogeny workflow outputs.,15,TRUE,TRUE,1.00000000003,7.45410652886000,0
high_confidence,ultrametric_with_caridae,axial_span,Pagel_lambda,7.92607624853402e-05,20.86304659275487,1.00000000000000e+00,NA,data/phylogeny/P01_Trees/curc_fig1_ultrametric_withCaridae_correct.tre,existing_file,Imported from phylogeny workflow outputs.,15,TRUE,TRUE,1.00000000003,7.45410652886000,0
high_confidence,ultrametric_with_caridae,axial_pitch_360,Blomberg_K,3.78320738739514e-01,NA,3.49000000000000e-01,NA,data/phylogeny/P01_Trees/curc_fig1_ultrametric_withCaridae_correct.tre,existing_file,Imported from phylogeny workflow outputs.,15,TRUE,TRUE,1.00000000003,7.45410652886000,0
high_confidence,ultrametric_with_caridae,axial_pitch_360,Pagel_lambda,7.92607624853402e-05,18.94798612006058,1.00000000000000e+00,NA,data/phylogeny/P01_Trees/curc_fig1_ultrametric_withCaridae_correct.tre,existing_file,Imported from phylogeny workflow outputs.,15,TRUE,TRUE,1.00000000003,7.45410652886000,0
high_confidence,ultrametric_with_caridae,fit_radius,Blomberg_K,9.47055647288114e-01,NA,2.80000000000000e-02,NA,data/phylogeny/P01_Trees/curc_fig1_ultrametric_withCaridae_correct.tre,existing_file,Imported from phylogeny workflow outputs.,15,TRUE,TRUE,1.00000000003,7.45410652886000,0
high_confidence,ultrametric_with_caridae,fit_radius,Pagel_lambda,1.00583099194284e+00,34.30981139000475,3.95557215192582e-02,NA,data/phylogeny/P01_Trees/curc_fig1_ultrametric_withCaridae_correct.tre,existing_file,Imported from phylogeny workflow outputs.,15,TRUE,TRUE,1.00000000003,7.45410652886000,0
high_confidence,ultrametric_with_caridae,centroid_size,Blomberg_K,8.25350577341803e-01,NA,1.30000000000000e-02,NA,data/phylogeny/P01_Trees/curc_fig1_ultrametric_withCaridae_correct.tre,existing_file,Imported from phylogeny workflow outputs.,15,TRUE,TRUE,1.00000000003,7.45410652886000,0
high_confidence,ultrametric_with_caridae,centroid_size,Pagel_lambda,6.95162400726872e-01,-80.10263180579649,5.02202608393799e-02,NA,data/phylogeny/P01_Trees/curc_fig1_ultrametric_withCaridae_correct.tre,existing_file,Imported from phylogeny workflow outputs.,15,TRUE,TRUE,1.00000000003,7.45410652886000,0
high_confidence,historical_223_calibration,PC1,Blomberg_K,1.69605147768914e+00,NA,3.00000000000000e-03,NA,data/phylogeny/P01_Trees/candidate_historical_223.tre,existing_file,Imported from phylogeny workflow outputs.,15,TRUE,TRUE,223.00000001300,2084.37987039000018,0
high_confidence,historical_223_calibration,PC1,Pagel_lambda,1.14072452606432e+00,17.46161916501443,1.12655000742896e-04,NA,data/phylogeny/P01_Trees/candidate_historical_223.tre,existing_file,Imported from phylogeny workflow outputs.,15,TRUE,TRUE,223.00000001300,2084.37987039000018,0
high_confidence,historical_223_calibration,PC2,Blomberg_K,1.70522797948022e+00,NA,2.00000000000000e-03,NA,data/phylogeny/P01_Trees/candidate_historical_223.tre,existing_file,Imported from phylogeny workflow outputs.,15,TRUE,TRUE,223.00000001300,2084.37987039000018,0
high_confidence,historical_223_calibration,PC2,Pagel_lambda,1.12008512048192e+00,17.14146060591475,1.70584353775227e-03,NA,data/phylogeny/P01_Trees/candidate_historical_223.tre,existing_file,Imported from phylogeny workflow outputs.,15,TRUE,TRUE,223.00000001300,2084.37987039000018,0
high_confidence,historical_223_calibration,PC3,Blomberg_K,6.64895532448441e-01,NA,3.09000000000000e-01,NA,data/phylogeny/P01_Trees/candidate_historical_223.tre,existing_file,Imported from phylogeny workflow outputs.,15,TRUE,TRUE,223.00000001300,2084.37987039000018,0
high_confidence,historical_223_calibration,PC3,Pagel_lambda,4.30542001610062e-05,17.37826890202345,1.00000000000000e+00,NA,data/phylogeny/P01_Trees/candidate_historical_223.tre,existing_file,Imported from phylogeny workflow outputs.,15,TRUE,TRUE,223.00000001300,2084.37987039000018,0
high_confidence,historical_223_calibration,PC4,Blomberg_K,8.34483346135141e-01,NA,9.30000000000001e-02,NA,data/phylogeny/P01_Trees/candidate_historical_223.tre,existing_file,Imported from phylogeny workflow outputs.,15,TRUE,TRUE,223.00000001300,2084.37987039000018,0
high_confidence,historical_223_calibration,PC4,Pagel_lambda,9.31999725040018e-01,20.69322162558263,6.09411371720229e-01,NA,data/phylogeny/P01_Trees/candidate_historical_223.tre,existing_file,Imported from phylogeny workflow outputs.,15,TRUE,TRUE,223.00000001300,2084.37987039000018,0
high_confidence,historical_223_calibration,PC5,Blomberg_K,8.32697306463859e-01,NA,1.13000000000000e-01,NA,data/phylogeny/P01_Trees/candidate_historical_223.tre,existing_file,Imported from phylogeny workflow outputs.,15,TRUE,TRUE,223.00000001300,2084.37987039000018,0
high_confidence,historical_223_calibration,PC5,Pagel_lambda,5.11572174449098e-01,27.00348591598941,5.16641356757246e-01,NA,data/phylogeny/P01_Trees/candidate_historical_223.tre,existing_file,Imported from phylogeny workflow outputs.,15,TRUE,TRUE,223.00000001300,2084.37987039000018,0
high_confidence,historical_223_calibration,abs_winding_angle_deg,Blomberg_K,7.43860258898398e-01,NA,2.02000000000000e-01,NA,data/phylogeny/P01_Trees/candidate_historical_223.tre,existing_file,Imported from phylogeny workflow outputs.,15,TRUE,TRUE,223.00000001300,2084.37987039000018,0
high_confidence,historical_223_calibration,abs_winding_angle_deg,Pagel_lambda,4.36026388252858e-05,-65.97108263526798,1.00000000000000e+00,NA,data/phylogeny/P01_Trees/candidate_historical_223.tre,existing_file,Imported from phylogeny workflow outputs.,15,TRUE,TRUE,223.00000001300,2084.37987039000018,0
high_confidence,historical_223_calibration,n_turns_abs,Blomberg_K,7.43860258898399e-01,NA,2.06000000000000e-01,NA,data/phylogeny/P01_Trees/candidate_historical_223.tre,existing_file,Imported from phylogeny workflow outputs.,15,TRUE,TRUE,223.00000001300,2084.37987039000018,0
high_confidence,historical_223_calibration,n_turns_abs,Pagel_lambda,4.36026388252858e-05,4.66216574213390,1.00000000000000e+00,NA,data/phylogeny/P01_Trees/candidate_historical_223.tre,existing_file,Imported from phylogeny workflow outputs.,15,TRUE,TRUE,223.00000001300,2084.37987039000018,0
high_confidence,historical_223_calibration,start_end_dist,Blomberg_K,5.45391830318055e-01,NA,5.21000000000000e-01,NA,data/phylogeny/P01_Trees/candidate_historical_223.tre,existing_file,Imported from phylogeny workflow outputs.,15,TRUE,TRUE,223.00000001300,2084.37987039000018,0
high_confidence,historical_223_calibration,start_end_dist,Pagel_lambda,4.36026388252858e-05,15.13990671281849,1.00000000000000e+00,NA,data/phylogeny/P01_Trees/candidate_historical_223.tre,existing_file,Imported from phylogeny workflow outputs.,15,TRUE,TRUE,223.00000001300,2084.37987039000018,0
high_confidence,historical_223_calibration,axial_span,Blomberg_K,4.88548828489777e-01,NA,5.95000000000000e-01,NA,data/phylogeny/P01_Trees/candidate_historical_223.tre,existing_file,Imported from phylogeny workflow outputs.,15,TRUE,TRUE,223.00000001300,2084.37987039000018,0
high_confidence,historical_223_calibration,axial_span,Pagel_lambda,4.36026388252858e-05,20.86326004898981,1.00000000000000e+00,NA,data/phylogeny/P01_Trees/candidate_historical_223.tre,existing_file,Imported from phylogeny workflow outputs.,15,TRUE,TRUE,223.00000001300,2084.37987039000018,0
high_confidence,historical_223_calibration,axial_pitch_360,Blomberg_K,7.90917032018886e-01,NA,2.07000000000000e-01,NA,data/phylogeny/P01_Trees/candidate_historical_223.tre,existing_file,Imported from phylogeny workflow outputs.,15,TRUE,TRUE,223.00000001300,2084.37987039000018,0
high_confidence,historical_223_calibration,axial_pitch_360,Pagel_lambda,4.36026388252858e-05,18.94804481737339,1.00000000000000e+00,NA,data/phylogeny/P01_Trees/candidate_historical_223.tre,existing_file,Imported from phylogeny workflow outputs.,15,TRUE,TRUE,223.00000001300,2084.37987039000018,0
high_confidence,historical_223_calibration,fit_radius,Blomberg_K,1.07722125238259e+00,NA,3.80000000000000e-02,NA,data/phylogeny/P01_Trees/candidate_historical_223.tre,existing_file,Imported from phylogeny workflow outputs.,15,TRUE,TRUE,223.00000001300,2084.37987039000018,0
high_confidence,historical_223_calibration,fit_radius,Pagel_lambda,1.05519971293361e+00,33.69383245429315,8.30140058625672e-02,NA,data/phylogeny/P01_Trees/candidate_historical_223.tre,existing_file,Imported from phylogeny workflow outputs.,15,TRUE,TRUE,223.00000001300,2084.37987039000018,0
high_confidence,historical_223_calibration,centroid_size,Blomberg_K,1.40957549253372e+00,NA,5.00000000000000e-03,NA,data/phylogeny/P01_Trees/candidate_historical_223.tre,existing_file,Imported from phylogeny workflow outputs.,15,TRUE,TRUE,223.00000001300,2084.37987039000018,0
high_confidence,historical_223_calibration,centroid_size,Pagel_lambda,1.12831681861079e+00,-79.76084929609929,3.35467915732690e-02,NA,data/phylogeny/P01_Trees/candidate_historical_223.tre,existing_file,Imported from phylogeny workflow outputs.,15,TRUE,TRUE,223.00000001300,2084.37987039000018,0
high_confidence,fixed_195_calibration,PC1,Blomberg_K,1.60882803298720e+00,NA,4.00000000000000e-03,NA,data/phylogeny/P01_Trees/candidate_fixed_195.tre,existing_file,Imported from phylogeny workflow outputs.,15,TRUE,TRUE,195.00000003000,1740.61792733599987,0
high_confidence,fixed_195_calibration,PC1,Pagel_lambda,1.12590273989576e+00,17.15268346581330,1.56366862311445e-04,NA,data/phylogeny/P01_Trees/candidate_fixed_195.tre,existing_file,Imported from phylogeny workflow outputs.,15,TRUE,TRUE,195.00000003000,1740.61792733599987,0
high_confidence,fixed_195_calibration,PC2,Blomberg_K,1.79751050242620e+00,NA,1.00000000000000e-03,NA,data/phylogeny/P01_Trees/candidate_fixed_195.tre,existing_file,Imported from phylogeny workflow outputs.,15,TRUE,TRUE,195.00000003000,1740.61792733599987,0
high_confidence,fixed_195_calibration,PC2,Pagel_lambda,1.10604041936729e+00,17.29568526296026,1.44276551218877e-03,NA,data/phylogeny/P01_Trees/candidate_fixed_195.tre,existing_file,Imported from phylogeny workflow outputs.,15,TRUE,TRUE,195.00000003000,1740.61792733599987,0
high_confidence,fixed_195_calibration,PC3,Blomberg_K,6.36577325570501e-01,NA,3.23000000000000e-01,NA,data/phylogeny/P01_Trees/candidate_fixed_195.tre,existing_file,Imported from phylogeny workflow outputs.,15,TRUE,TRUE,195.00000003000,1740.61792733599987,0
high_confidence,fixed_195_calibration,PC3,Pagel_lambda,4.19561645018208e-05,17.37826135479106,1.00000000000000e+00,NA,data/phylogeny/P01_Trees/candidate_fixed_195.tre,existing_file,Imported from phylogeny workflow outputs.,15,TRUE,TRUE,195.00000003000,1740.61792733599987,0
high_confidence,fixed_195_calibration,PC4,Blomberg_K,7.99015295778166e-01,NA,9.30000000000001e-02,NA,data/phylogeny/P01_Trees/candidate_fixed_195.tre,existing_file,Imported from phylogeny workflow outputs.,15,TRUE,TRUE,195.00000003000,1740.61792733599987,0
high_confidence,fixed_195_calibration,PC4,Pagel_lambda,4.19561645018208e-05,20.56266259310010,1.00000000000000e+00,NA,data/phylogeny/P01_Trees/candidate_fixed_195.tre,existing_file,Imported from phylogeny workflow outputs.,15,TRUE,TRUE,195.00000003000,1740.61792733599987,0
high_confidence,fixed_195_calibration,PC5,Blomberg_K,8.25592200107095e-01,NA,7.80000000000001e-02,NA,data/phylogeny/P01_Trees/candidate_fixed_195.tre,existing_file,Imported from phylogeny workflow outputs.,15,TRUE,TRUE,195.00000003000,1740.61792733599987,0
high_confidence,fixed_195_calibration,PC5,Pagel_lambda,5.11003909904107e-01,27.01180470465411,5.08462233382693e-01,NA,data/phylogeny/P01_Trees/candidate_fixed_195.tre,existing_file,Imported from phylogeny workflow outputs.,15,TRUE,TRUE,195.00000003000,1740.61792733599987,0
high_confidence,fixed_195_calibration,abs_winding_angle_deg,Blomberg_K,7.19333476668317e-01,NA,1.84000000000000e-01,NA,data/phylogeny/P01_Trees/candidate_fixed_195.tre,existing_file,Imported from phylogeny workflow outputs.,15,TRUE,TRUE,195.00000003000,1740.61792733599987,0
high_confidence,fixed_195_calibration,abs_winding_angle_deg,Pagel_lambda,4.25604988087315e-05,-65.97108989236317,1.00000000000000e+00,NA,data/phylogeny/P01_Trees/candidate_fixed_195.tre,existing_file,Imported from phylogeny workflow outputs.,15,TRUE,TRUE,195.00000003000,1740.61792733599987,0
high_confidence,fixed_195_calibration,n_turns_abs,Blomberg_K,7.19333476668316e-01,NA,2.04000000000000e-01,NA,data/phylogeny/P01_Trees/candidate_fixed_195.tre,existing_file,Imported from phylogeny workflow outputs.,15,TRUE,TRUE,195.00000003000,1740.61792733599987,0
high_confidence,fixed_195_calibration,n_turns_abs,Pagel_lambda,4.25604988087315e-05,4.66215848503870,1.00000000000000e+00,NA,data/phylogeny/P01_Trees/candidate_fixed_195.tre,existing_file,Imported from phylogeny workflow outputs.,15,TRUE,TRUE,195.00000003000,1740.61792733599987,0
high_confidence,fixed_195_calibration,start_end_dist,Blomberg_K,5.19709566464607e-01,NA,5.25000000000000e-01,NA,data/phylogeny/P01_Trees/candidate_fixed_195.tre,existing_file,Imported from phylogeny workflow outputs.,15,TRUE,TRUE,195.00000003000,1740.61792733599987,0
high_confidence,fixed_195_calibration,start_end_dist,Pagel_lambda,4.25604988087315e-05,15.13990028058805,1.00000000000000e+00,NA,data/phylogeny/P01_Trees/candidate_fixed_195.tre,existing_file,Imported from phylogeny workflow outputs.,15,TRUE,TRUE,195.00000003000,1740.61792733599987,0
high_confidence,fixed_195_calibration,axial_span,Blomberg_K,4.64753891340175e-01,NA,6.38000000000000e-01,NA,data/phylogeny/P01_Trees/candidate_fixed_195.tre,existing_file,Imported from phylogeny workflow outputs.,15,TRUE,TRUE,195.00000003000,1740.61792733599987,0
high_confidence,fixed_195_calibration,axial_span,Pagel_lambda,4.25604988087315e-05,20.86325495270858,1.00000000000000e+00,NA,data/phylogeny/P01_Trees/candidate_fixed_195.tre,existing_file,Imported from phylogeny workflow outputs.,15,TRUE,TRUE,195.00000003000,1740.61792733599987,0
high_confidence,fixed_195_calibration,axial_pitch_360,Blomberg_K,7.72941099666306e-01,NA,1.95000000000000e-01,NA,data/phylogeny/P01_Trees/candidate_fixed_195.tre,existing_file,Imported from phylogeny workflow outputs.,15,TRUE,TRUE,195.00000003000,1740.61792733599987,0
high_confidence,fixed_195_calibration,axial_pitch_360,Pagel_lambda,4.25604988087315e-05,18.94803891608412,1.00000000000000e+00,NA,data/phylogeny/P01_Trees/candidate_fixed_195.tre,existing_file,Imported from phylogeny workflow outputs.,15,TRUE,TRUE,195.00000003000,1740.61792733599987,0
high_confidence,fixed_195_calibration,fit_radius,Blomberg_K,1.05290257045207e+00,NA,5.00000000000000e-02,NA,data/phylogeny/P01_Trees/candidate_fixed_195.tre,existing_file,Imported from phylogeny workflow outputs.,15,TRUE,TRUE,195.00000003000,1740.61792733599987,0
high_confidence,fixed_195_calibration,fit_radius,Pagel_lambda,1.04670339962784e+00,33.61323754981377,9.17331900484359e-02,NA,data/phylogeny/P01_Trees/candidate_fixed_195.tre,existing_file,Imported from phylogeny workflow outputs.,15,TRUE,TRUE,195.00000003000,1740.61792733599987,0
high_confidence,fixed_195_calibration,centroid_size,Blomberg_K,1.45778744694178e+00,NA,2.00000000000000e-03,NA,data/phylogeny/P01_Trees/candidate_fixed_195.tre,existing_file,Imported from phylogeny workflow outputs.,15,TRUE,TRUE,195.00000003000,1740.61792733599987,0
high_confidence,fixed_195_calibration,centroid_size,Pagel_lambda,1.11368689645076e+00,-79.74534567101146,3.29444858301936e-02,NA,data/phylogeny/P01_Trees/candidate_fixed_195.tre,existing_file,Imported from phylogeny workflow outputs.,15,TRUE,TRUE,195.00000003000,1740.61792733599987,0
high_confidence,interval_157_3_195_calibration,PC1,Blomberg_K,1.66069613675024e+00,NA,2.00000000000000e-03,NA,data/phylogeny/P01_Trees/candidate_interval_157_3_195.tre,existing_file,Imported from phylogeny workflow outputs.,15,TRUE,TRUE,176.49736953500,1654.61692485499998,0
high_confidence,interval_157_3_195_calibration,PC1,Pagel_lambda,1.14106349800705e+00,17.31862731400377,1.31104877127697e-04,NA,data/phylogeny/P01_Trees/candidate_interval_157_3_195.tre,existing_file,Imported from phylogeny workflow outputs.,15,TRUE,TRUE,176.49736953500,1654.61692485499998,0
high_confidence,interval_157_3_195_calibration,PC2,Blomberg_K,1.68411372578064e+00,NA,1.00000000000000e-03,NA,data/phylogeny/P01_Trees/candidate_interval_157_3_195.tre,existing_file,Imported from phylogeny workflow outputs.,15,TRUE,TRUE,176.49736953500,1654.61692485499998,0
high_confidence,interval_157_3_195_calibration,PC2,Pagel_lambda,1.12045495967307e+00,17.05186282989984,1.88050051131024e-03,NA,data/phylogeny/P01_Trees/candidate_interval_157_3_195.tre,existing_file,Imported from phylogeny workflow outputs.,15,TRUE,TRUE,176.49736953500,1654.61692485499998,0
high_confidence,interval_157_3_195_calibration,PC3,Blomberg_K,6.66290441346769e-01,NA,3.39000000000000e-01,NA,data/phylogeny/P01_Trees/candidate_interval_157_3_195.tre,existing_file,Imported from phylogeny workflow outputs.,15,TRUE,TRUE,176.49736953500,1654.61692485499998,0
high_confidence,interval_157_3_195_calibration,PC3,Pagel_lambda,4.30757304226167e-05,17.37826808772014,1.00000000000000e+00,NA,data/phylogeny/P01_Trees/candidate_interval_157_3_195.tre,existing_file,Imported from phylogeny workflow outputs.,15,TRUE,TRUE,176.49736953500,1654.61692485499998,0
high_confidence,interval_157_3_195_calibration,PC4,Blomberg_K,8.32619627856024e-01,NA,9.10000000000001e-02,NA,data/phylogeny/P01_Trees/candidate_interval_157_3_195.tre,existing_file,Imported from phylogeny workflow outputs.,15,TRUE,TRUE,176.49736953500,1654.61692485499998,0
high_confidence,interval_157_3_195_calibration,PC4,Pagel_lambda,9.27316529038573e-01,20.66913238692545,6.44539216491969e-01,NA,data/phylogeny/P01_Trees/candidate_interval_157_3_195.tre,existing_file,Imported from phylogeny workflow outputs.,15,TRUE,TRUE,176.49736953500,1654.61692485499998,0
high_confidence,interval_157_3_195_calibration,PC5,Blomberg_K,8.45184731928201e-01,NA,1.00000000000000e-01,NA,data/phylogeny/P01_Trees/candidate_interval_157_3_195.tre,existing_file,Imported from phylogeny workflow outputs.,15,TRUE,TRUE,176.49736953500,1654.61692485499998,0
high_confidence,interval_157_3_195_calibration,PC5,Pagel_lambda,5.21974243882702e-01,27.04575844087276,4.77251217826433e-01,NA,data/phylogeny/P01_Trees/candidate_interval_157_3_195.tre,existing_file,Imported from phylogeny workflow outputs.,15,TRUE,TRUE,176.49736953500,1654.61692485499998,0
high_confidence,interval_157_3_195_calibration,abs_winding_angle_deg,Blomberg_K,7.44426356645473e-01,NA,2.06000000000000e-01,NA,data/phylogeny/P01_Trees/candidate_interval_157_3_195.tre,existing_file,Imported from phylogeny workflow outputs.,15,TRUE,TRUE,176.49736953500,1654.61692485499998,0
high_confidence,interval_157_3_195_calibration,abs_winding_angle_deg,Pagel_lambda,4.36268341787305e-05,-65.97108272878606,1.00000000000000e+00,NA,data/phylogeny/P01_Trees/candidate_interval_157_3_195.tre,existing_file,Imported from phylogeny workflow outputs.,15,TRUE,TRUE,176.49736953500,1654.61692485499998,0
high_confidence,interval_157_3_195_calibration,n_turns_abs,Blomberg_K,7.44426356645474e-01,NA,1.89000000000000e-01,NA,data/phylogeny/P01_Trees/candidate_interval_157_3_195.tre,existing_file,Imported from phylogeny workflow outputs.,15,TRUE,TRUE,176.49736953500,1654.61692485499998,0
high_confidence,interval_157_3_195_calibration,n_turns_abs,Pagel_lambda,4.36268341787305e-05,4.66216564861580,1.00000000000000e+00,NA,data/phylogeny/P01_Trees/candidate_interval_157_3_195.tre,existing_file,Imported from phylogeny workflow outputs.,15,TRUE,TRUE,176.49736953500,1654.61692485499998,0
high_confidence,interval_157_3_195_calibration,start_end_dist,Blomberg_K,5.46354746747922e-01,NA,5.13000000000000e-01,NA,data/phylogeny/P01_Trees/candidate_interval_157_3_195.tre,existing_file,Imported from phylogeny workflow outputs.,15,TRUE,TRUE,176.49736953500,1654.61692485499998,0
high_confidence,interval_157_3_195_calibration,start_end_dist,Pagel_lambda,4.36268341787305e-05,15.13990583297179,1.00000000000000e+00,NA,data/phylogeny/P01_Trees/candidate_interval_157_3_195.tre,existing_file,Imported from phylogeny workflow outputs.,15,TRUE,TRUE,176.49736953500,1654.61692485499998,0
high_confidence,interval_157_3_195_calibration,axial_span,Blomberg_K,4.93395699632396e-01,NA,6.00000000000000e-01,NA,data/phylogeny/P01_Trees/candidate_interval_157_3_195.tre,existing_file,Imported from phylogeny workflow outputs.,15,TRUE,TRUE,176.49736953500,1654.61692485499998,0
high_confidence,interval_157_3_195_calibration,axial_span,Pagel_lambda,4.36268341787305e-05,20.86326271855314,1.00000000000000e+00,NA,data/phylogeny/P01_Trees/candidate_interval_157_3_195.tre,existing_file,Imported from phylogeny workflow outputs.,15,TRUE,TRUE,176.49736953500,1654.61692485499998,0
high_confidence,interval_157_3_195_calibration,axial_pitch_360,Blomberg_K,7.90412810141889e-01,NA,2.09000000000000e-01,NA,data/phylogeny/P01_Trees/candidate_interval_157_3_195.tre,existing_file,Imported from phylogeny workflow outputs.,15,TRUE,TRUE,176.49736953500,1654.61692485499998,0
high_confidence,interval_157_3_195_calibration,axial_pitch_360,Pagel_lambda,4.36268341787305e-05,18.94804309173166,1.00000000000000e+00,NA,data/phylogeny/P01_Trees/candidate_interval_157_3_195.tre,existing_file,Imported from phylogeny workflow outputs.,15,TRUE,TRUE,176.49736953500,1654.61692485499998,0
high_confidence,interval_157_3_195_calibration,fit_radius,Blomberg_K,1.06315178088857e+00,NA,4.10000000000000e-02,NA,data/phylogeny/P01_Trees/candidate_interval_157_3_195.tre,existing_file,Imported from phylogeny workflow outputs.,15,TRUE,TRUE,176.49736953500,1654.61692485499998,0
high_confidence,interval_157_3_195_calibration,fit_radius,Pagel_lambda,1.05603987880295e+00,33.62127393819162,9.08207503209013e-02,NA,data/phylogeny/P01_Trees/candidate_interval_157_3_195.tre,existing_file,Imported from phylogeny workflow outputs.,15,TRUE,TRUE,176.49736953500,1654.61692485499998,0
high_confidence,interval_157_3_195_calibration,centroid_size,Blomberg_K,1.40495419106723e+00,NA,2.00000000000000e-03,NA,data/phylogeny/P01_Trees/candidate_interval_157_3_195.tre,existing_file,Imported from phylogeny workflow outputs.,15,TRUE,TRUE,176.49736953500,1654.61692485499998,0
high_confidence,interval_157_3_195_calibration,centroid_size,Pagel_lambda,1.12896708279101e+00,-79.74251531676923,3.28357531097087e-02,NA,data/phylogeny/P01_Trees/candidate_interval_157_3_195.tre,existing_file,Imported from phylogeny workflow outputs.,15,TRUE,TRUE,176.49736953500,1654.61692485499998,0
high_confidence,interval_157_3_170_calibration,PC1,Blomberg_K,1.67636764753516e+00,NA,2.00000000000000e-03,NA,data/phylogeny/P01_Trees/candidate_interval_157_3_170.tre,existing_file,Imported from phylogeny workflow outputs.,15,TRUE,TRUE,166.07723750000,1598.94413811499999,0
high_confidence,interval_157_3_170_calibration,PC1,Pagel_lambda,1.15152787131450e+00,17.37138836571502,1.23967271424468e-04,NA,data/phylogeny/P01_Trees/candidate_interval_157_3_170.tre,existing_file,Imported from phylogeny workflow outputs.,15,TRUE,TRUE,166.07723750000,1598.94413811499999,0
high_confidence,interval_157_3_170_calibration,PC2,Blomberg_K,1.63056389855449e+00,NA,1.00000000000000e-03,NA,data/phylogeny/P01_Trees/candidate_interval_157_3_170.tre,existing_file,Imported from phylogeny workflow outputs.,15,TRUE,TRUE,166.07723750000,1598.94413811499999,0
high_confidence,interval_157_3_170_calibration,PC2,Pagel_lambda,1.13047035437398e+00,16.93986272915340,2.12457464417836e-03,NA,data/phylogeny/P01_Trees/candidate_interval_157_3_170.tre,existing_file,Imported from phylogeny workflow outputs.,15,TRUE,TRUE,166.07723750000,1598.94413811499999,0
high_confidence,interval_157_3_170_calibration,PC3,Blomberg_K,6.83526120296619e-01,NA,3.02000000000000e-01,NA,data/phylogeny/P01_Trees/candidate_interval_157_3_170.tre,existing_file,Imported from phylogeny workflow outputs.,15,TRUE,TRUE,166.07723750000,1598.94413811499999,0
high_confidence,interval_157_3_170_calibration,PC3,Pagel_lambda,4.38506234957733e-05,17.37827181560849,1.00000000000000e+00,NA,data/phylogeny/P01_Trees/candidate_interval_157_3_170.tre,existing_file,Imported from phylogeny workflow outputs.,15,TRUE,TRUE,166.07723750000,1598.94413811499999,0
high_confidence,interval_157_3_170_calibration,PC4,Blomberg_K,8.55424645399016e-01,NA,8.70000000000001e-02,NA,data/phylogeny/P01_Trees/candidate_interval_157_3_170.tre,existing_file,Imported from phylogeny workflow outputs.,15,TRUE,TRUE,166.07723750000,1598.94413811499999,0
high_confidence,interval_157_3_170_calibration,PC4,Pagel_lambda,9.39633584847138e-01,20.76139966602937,5.28440745586156e-01,NA,data/phylogeny/P01_Trees/candidate_interval_157_3_170.tre,existing_file,Imported from phylogeny workflow outputs.,15,TRUE,TRUE,166.07723750000,1598.94413811499999,0
high_confidence,interval_157_3_170_calibration,PC5,Blomberg_K,8.53034812130305e-01,NA,1.06000000000000e-01,NA,data/phylogeny/P01_Trees/candidate_interval_157_3_170.tre,existing_file,Imported from phylogeny workflow outputs.,15,TRUE,TRUE,166.07723750000,1598.94413811499999,0
high_confidence,interval_157_3_170_calibration,PC5,Pagel_lambda,5.26183136990396e-01,27.05067843632296,4.72991856110277e-01,NA,data/phylogeny/P01_Trees/candidate_interval_157_3_170.tre,existing_file,Imported from phylogeny workflow outputs.,15,TRUE,TRUE,166.07723750000,1598.94413811499999,0
high_confidence,interval_157_3_170_calibration,abs_winding_angle_deg,Blomberg_K,7.61480364606263e-01,NA,1.97000000000000e-01,NA,data/phylogeny/P01_Trees/candidate_interval_157_3_170.tre,existing_file,Imported from phylogeny workflow outputs.,15,TRUE,TRUE,166.07723750000,1598.94413811499999,0
high_confidence,interval_157_3_170_calibration,abs_winding_angle_deg,Pagel_lambda,4.43831161872658e-05,-65.97107826685004,1.00000000000000e+00,NA,data/phylogeny/P01_Trees/candidate_interval_157_3_170.tre,existing_file,Imported from phylogeny workflow outputs.,15,TRUE,TRUE,166.07723750000,1598.94413811499999,0
high_confidence,interval_157_3_170_calibration,n_turns_abs,Blomberg_K,7.61480364606263e-01,NA,2.11000000000000e-01,NA,data/phylogeny/P01_Trees/candidate_interval_157_3_170.tre,existing_file,Imported from phylogeny workflow outputs.,15,TRUE,TRUE,166.07723750000,1598.94413811499999,0
high_confidence,interval_157_3_170_calibration,n_turns_abs,Pagel_lambda,4.43831161872658e-05,4.66217011055183,1.00000000000000e+00,NA,data/phylogeny/P01_Trees/candidate_interval_157_3_170.tre,existing_file,Imported from phylogeny workflow outputs.,15,TRUE,TRUE,166.07723750000,1598.94413811499999,0
high_confidence,interval_157_3_170_calibration,start_end_dist,Blomberg_K,5.64534270867951e-01,NA,4.90000000000000e-01,NA,data/phylogeny/P01_Trees/candidate_interval_157_3_170.tre,existing_file,Imported from phylogeny workflow outputs.,15,TRUE,TRUE,166.07723750000,1598.94413811499999,0
high_confidence,interval_157_3_170_calibration,start_end_dist,Pagel_lambda,4.43831161872658e-05,15.13991010780291,1.00000000000000e+00,NA,data/phylogeny/P01_Trees/candidate_interval_157_3_170.tre,existing_file,Imported from phylogeny workflow outputs.,15,TRUE,TRUE,166.07723750000,1598.94413811499999,0
high_confidence,interval_157_3_170_calibration,axial_span,Blomberg_K,5.10115188520905e-01,NA,6.23000000000000e-01,NA,data/phylogeny/P01_Trees/candidate_interval_157_3_170.tre,existing_file,Imported from phylogeny workflow outputs.,15,TRUE,TRUE,166.07723750000,1598.94413811499999,0
high_confidence,interval_157_3_170_calibration,axial_span,Pagel_lambda,4.43831161872658e-05,20.86326634700852,1.00000000000000e+00,NA,data/phylogeny/P01_Trees/candidate_interval_157_3_170.tre,existing_file,Imported from phylogeny workflow outputs.,15,TRUE,TRUE,166.07723750000,1598.94413811499999,0
high_confidence,interval_157_3_170_calibration,axial_pitch_360,Blomberg_K,8.03090389368122e-01,NA,2.06000000000000e-01,NA,data/phylogeny/P01_Trees/candidate_interval_157_3_170.tre,existing_file,Imported from phylogeny workflow outputs.,15,TRUE,TRUE,166.07723750000,1598.94413811499999,0
high_confidence,interval_157_3_170_calibration,axial_pitch_360,Pagel_lambda,4.43831161872658e-05,18.94804632181535,1.00000000000000e+00,NA,data/phylogeny/P01_Trees/candidate_interval_157_3_170.tre,existing_file,Imported from phylogeny workflow outputs.,15,TRUE,TRUE,166.07723750000,1598.94413811499999,0
high_confidence,interval_157_3_170_calibration,fit_radius,Blomberg_K,1.07890273647624e+00,NA,3.30000000000000e-02,NA,data/phylogeny/P01_Trees/candidate_interval_157_3_170.tre,existing_file,Imported from phylogeny workflow outputs.,15,TRUE,TRUE,166.07723750000,1598.94413811499999,0
high_confidence,interval_157_3_170_calibration,fit_radius,Pagel_lambda,1.06271907860731e+00,33.66491211291017,8.60349192965196e-02,NA,data/phylogeny/P01_Trees/candidate_interval_157_3_170.tre,existing_file,Imported from phylogeny workflow outputs.,15,TRUE,TRUE,166.07723750000,1598.94413811499999,0
high_confidence,interval_157_3_170_calibration,centroid_size,Blomberg_K,1.37738826517090e+00,NA,4.00000000000000e-03,NA,data/phylogeny/P01_Trees/candidate_interval_157_3_170.tre,existing_file,Imported from phylogeny workflow outputs.,15,TRUE,TRUE,166.07723750000,1598.94413811499999,0
high_confidence,interval_157_3_170_calibration,centroid_size,Pagel_lambda,1.13929642343726e+00,-79.74981764423420,3.31170510806582e-02,NA,data/phylogeny/P01_Trees/candidate_interval_157_3_170.tre,existing_file,Imported from phylogeny workflow outputs.,15,TRUE,TRUE,166.07723750000,1598.94413811499999,0
high_confidence,interval_157_3_223_calibration,PC1,Blomberg_K,1.62255123530390e+00,NA,7.00000000000000e-03,NA,data/phylogeny/P01_Trees/candidate_interval_157_3_223.tre,existing_file,Imported from phylogeny workflow outputs.,15,TRUE,TRUE,190.25619610700,1718.56691179299992,0
high_confidence,interval_157_3_223_calibration,PC1,Pagel_lambda,1.12948130263333e+00,17.19304040270478,1.49804664052019e-04,NA,data/phylogeny/P01_Trees/candidate_interval_157_3_223.tre,existing_file,Imported from phylogeny workflow outputs.,15,TRUE,TRUE,190.25619610700,1718.56691179299992,0
high_confidence,interval_157_3_223_calibration,PC2,Blomberg_K,1.77014191589783e+00,NA,1.00000000000000e-03,NA,data/phylogeny/P01_Trees/candidate_interval_157_3_223.tre,existing_file,Imported from phylogeny workflow outputs.,15,TRUE,TRUE,190.25619610700,1718.56691179299992,0
high_confidence,interval_157_3_223_calibration,PC2,Pagel_lambda,1.10943192588672e+00,17.23370153513062,1.54316697163924e-03,NA,data/phylogeny/P01_Trees/candidate_interval_157_3_223.tre,existing_file,Imported from phylogeny workflow outputs.,15,TRUE,TRUE,190.25619610700,1718.56691179299992,0
high_confidence,interval_157_3_223_calibration,PC3,Blomberg_K,6.44065926383270e-01,NA,3.26000000000000e-01,NA,data/phylogeny/P01_Trees/candidate_interval_157_3_223.tre,existing_file,Imported from phylogeny workflow outputs.,15,TRUE,TRUE,190.25619610700,1718.56691179299992,0
high_confidence,interval_157_3_223_calibration,PC3,Pagel_lambda,4.22194340670349e-05,17.37826289540791,1.00000000000000e+00,NA,data/phylogeny/P01_Trees/candidate_interval_157_3_223.tre,existing_file,Imported from phylogeny workflow outputs.,15,TRUE,TRUE,190.25619610700,1718.56691179299992,0
high_confidence,interval_157_3_223_calibration,PC4,Blomberg_K,8.07643328013875e-01,NA,1.06000000000000e-01,NA,data/phylogeny/P01_Trees/candidate_interval_157_3_223.tre,existing_file,Imported from phylogeny workflow outputs.,15,TRUE,TRUE,190.25619610700,1718.56691179299992,0
high_confidence,interval_157_3_223_calibration,PC4,Pagel_lambda,9.16025220230735e-01,20.58525304076300,8.31827954428059e-01,NA,data/phylogeny/P01_Trees/candidate_interval_157_3_223.tre,existing_file,Imported from phylogeny workflow outputs.,15,TRUE,TRUE,190.25619610700,1718.56691179299992,0
high_confidence,interval_157_3_223_calibration,PC5,Blomberg_K,8.31369951236596e-01,NA,9.10000000000001e-02,NA,data/phylogeny/P01_Trees/candidate_interval_157_3_223.tre,existing_file,Imported from phylogeny workflow outputs.,15,TRUE,TRUE,190.25619610700,1718.56691179299992,0
high_confidence,interval_157_3_223_calibration,PC5,Pagel_lambda,5.13976341059428e-01,27.02071064654033,4.99950102675058e-01,NA,data/phylogeny/P01_Trees/candidate_interval_157_3_223.tre,existing_file,Imported from phylogeny workflow outputs.,15,TRUE,TRUE,190.25619610700,1718.56691179299992,0
high_confidence,interval_157_3_223_calibration,abs_winding_angle_deg,Blomberg_K,7.25671407400226e-01,NA,1.97000000000000e-01,NA,data/phylogeny/P01_Trees/candidate_interval_157_3_223.tre,existing_file,Imported from phylogeny workflow outputs.,15,TRUE,TRUE,190.25619610700,1718.56691179299992,0
high_confidence,interval_157_3_223_calibration,abs_winding_angle_deg,Pagel_lambda,4.28143458476526e-05,-65.97108825843144,1.00000000000000e+00,NA,data/phylogeny/P01_Trees/candidate_interval_157_3_223.tre,existing_file,Imported from phylogeny workflow outputs.,15,TRUE,TRUE,190.25619610700,1718.56691179299992,0
high_confidence,interval_157_3_223_calibration,n_turns_abs,Blomberg_K,7.25671407400224e-01,NA,1.82000000000000e-01,NA,data/phylogeny/P01_Trees/candidate_interval_157_3_223.tre,existing_file,Imported from phylogeny workflow outputs.,15,TRUE,TRUE,190.25619610700,1718.56691179299992,0
high_confidence,interval_157_3_223_calibration,n_turns_abs,Pagel_lambda,4.28143458476526e-05,4.66216011897043,1.00000000000000e+00,NA,data/phylogeny/P01_Trees/candidate_interval_157_3_223.tre,existing_file,Imported from phylogeny workflow outputs.,15,TRUE,TRUE,190.25619610700,1718.56691179299992,0
high_confidence,interval_157_3_223_calibration,start_end_dist,Blomberg_K,5.26334779733056e-01,NA,5.12000000000000e-01,NA,data/phylogeny/P01_Trees/candidate_interval_157_3_223.tre,existing_file,Imported from phylogeny workflow outputs.,15,TRUE,TRUE,190.25619610700,1718.56691179299992,0
high_confidence,interval_157_3_223_calibration,start_end_dist,Pagel_lambda,4.28143458476526e-05,15.13990153549777,1.00000000000000e+00,NA,data/phylogeny/P01_Trees/candidate_interval_157_3_223.tre,existing_file,Imported from phylogeny workflow outputs.,15,TRUE,TRUE,190.25619610700,1718.56691179299992,0
high_confidence,interval_157_3_223_calibration,axial_span,Blomberg_K,4.71911593376559e-01,NA,6.15000000000000e-01,NA,data/phylogeny/P01_Trees/candidate_interval_157_3_223.tre,existing_file,Imported from phylogeny workflow outputs.,15,TRUE,TRUE,190.25619610700,1718.56691179299992,0
high_confidence,interval_157_3_223_calibration,axial_span,Pagel_lambda,4.28143458476526e-05,20.86325681483827,1.00000000000000e+00,NA,data/phylogeny/P01_Trees/candidate_interval_157_3_223.tre,existing_file,Imported from phylogeny workflow outputs.,15,TRUE,TRUE,190.25619610700,1718.56691179299992,0
high_confidence,interval_157_3_223_calibration,axial_pitch_360,Blomberg_K,7.77538860251067e-01,NA,2.08000000000000e-01,NA,data/phylogeny/P01_Trees/candidate_interval_157_3_223.tre,existing_file,Imported from phylogeny workflow outputs.,15,TRUE,TRUE,190.25619610700,1718.56691179299992,0
high_confidence,interval_157_3_223_calibration,axial_pitch_360,Pagel_lambda,4.28143458476526e-05,18.94803985626871,1.00000000000000e+00,NA,data/phylogeny/P01_Trees/candidate_interval_157_3_223.tre,existing_file,Imported from phylogeny workflow outputs.,15,TRUE,TRUE,190.25619610700,1718.56691179299992,0
high_confidence,interval_157_3_223_calibration,fit_radius,Blomberg_K,1.05515273576303e+00,NA,3.90000000000000e-02,NA,data/phylogeny/P01_Trees/candidate_interval_157_3_223.tre,existing_file,Imported from phylogeny workflow outputs.,15,TRUE,TRUE,190.25619610700,1718.56691179299992,0
high_confidence,interval_157_3_223_calibration,fit_radius,Pagel_lambda,1.04891946495320e+00,33.61133080754837,9.19511370281543e-02,NA,data/phylogeny/P01_Trees/candidate_interval_157_3_223.tre,existing_file,Imported from phylogeny workflow outputs.,15,TRUE,TRUE,190.25619610700,1718.56691179299992,0
high_confidence,interval_157_3_223_calibration,centroid_size,Blomberg_K,1.44630107345015e+00,NA,1.00000000000000e-03,NA,data/phylogeny/P01_Trees/candidate_interval_157_3_223.tre,existing_file,Imported from phylogeny workflow outputs.,15,TRUE,TRUE,190.25619610700,1718.56691179299992,0
high_confidence,interval_157_3_223_calibration,centroid_size,Pagel_lambda,1.11728259437760e+00,-79.74427562225708,3.29033340112081e-02,NA,data/phylogeny/P01_Trees/candidate_interval_157_3_223.tre,existing_file,Imported from phylogeny workflow outputs.,15,TRUE,TRUE,190.25619610700,1718.56691179299992,0
high_confidence,grafen_power_0_5,PC1,Blomberg_K,1.73936861004007e+00,NA,4.00000000000000e-03,NA,generated_in_script,generated_branch_lengths,Grafen branch lengths with power = 0.5,15,TRUE,TRUE,1.00000000000,9.70904046266321,0
high_confidence,grafen_power_0_5,PC1,Pagel_lambda,1.30743494206518e+00,17.09620215635767,1.66040029659354e-04,NA,generated_in_script,generated_branch_lengths,Grafen branch lengths with power = 0.5,15,TRUE,TRUE,1.00000000000,9.70904046266321,0
high_confidence,grafen_power_0_5,PC2,Blomberg_K,1.81546637745118e+00,NA,1.00000000000000e-03,NA,generated_in_script,generated_branch_lengths,Grafen branch lengths with power = 0.5,15,TRUE,TRUE,1.00000000000,9.70904046266321,0
high_confidence,grafen_power_0_5,PC2,Pagel_lambda,1.33970388077782e+00,19.60915839460134,1.20985594818389e-04,NA,generated_in_script,generated_branch_lengths,Grafen branch lengths with power = 0.5,15,TRUE,TRUE,1.00000000000,9.70904046266321,0
high_confidence,grafen_power_0_5,PC3,Blomberg_K,5.99403027257503e-01,NA,5.52000000000000e-01,NA,generated_in_script,generated_branch_lengths,Grafen branch lengths with power = 0.5,15,TRUE,TRUE,1.00000000000,9.70904046266321,0
high_confidence,grafen_power_0_5,PC3,Pagel_lambda,5.93643036070222e-05,17.37823679988301,1.00000000000000e+00,NA,generated_in_script,generated_branch_lengths,Grafen branch lengths with power = 0.5,15,TRUE,TRUE,1.00000000000,9.70904046266321,0
high_confidence,grafen_power_0_5,PC4,Blomberg_K,8.83948771213517e-01,NA,1.21000000000000e-01,NA,generated_in_script,generated_branch_lengths,Grafen branch lengths with power = 0.5,15,TRUE,TRUE,1.00000000000,9.70904046266321,0
high_confidence,grafen_power_0_5,PC4,Pagel_lambda,9.79385139466400e-01,20.66480374779429,6.51354087812034e-01,NA,generated_in_script,generated_branch_lengths,Grafen branch lengths with power = 0.5,15,TRUE,TRUE,1.00000000000,9.70904046266321,0
high_confidence,grafen_power_0_5,PC5,Blomberg_K,7.81971433580122e-01,NA,2.21000000000000e-01,NA,generated_in_script,generated_branch_lengths,Grafen branch lengths with power = 0.5,15,TRUE,TRUE,1.00000000000,9.70904046266321,0
high_confidence,grafen_power_0_5,PC5,Pagel_lambda,2.18472781479037e-01,26.79675759938716,9.32677736131179e-01,NA,generated_in_script,generated_branch_lengths,Grafen branch lengths with power = 0.5,15,TRUE,TRUE,1.00000000000,9.70904046266321,0
high_confidence,grafen_power_0_5,abs_winding_angle_deg,Blomberg_K,6.08349415324584e-01,NA,6.42000000000000e-01,NA,generated_in_script,generated_branch_lengths,Grafen branch lengths with power = 0.5,15,TRUE,TRUE,1.00000000000,9.70904046266321,0
high_confidence,grafen_power_0_5,abs_winding_angle_deg,Pagel_lambda,6.07611550140279e-05,-65.97112420202455,1.00000000000000e+00,NA,generated_in_script,generated_branch_lengths,Grafen branch lengths with power = 0.5,15,TRUE,TRUE,1.00000000000,9.70904046266321,0
high_confidence,grafen_power_0_5,n_turns_abs,Blomberg_K,6.08349415324584e-01,NA,6.20000000000000e-01,NA,generated_in_script,generated_branch_lengths,Grafen branch lengths with power = 0.5,15,TRUE,TRUE,1.00000000000,9.70904046266321,0
high_confidence,grafen_power_0_5,n_turns_abs,Pagel_lambda,6.07611550140279e-05,4.66212417537731,1.00000000000000e+00,NA,generated_in_script,generated_branch_lengths,Grafen branch lengths with power = 0.5,15,TRUE,TRUE,1.00000000000,9.70904046266321,0
high_confidence,grafen_power_0_5,start_end_dist,Blomberg_K,4.49045979774274e-01,NA,9.26000000000001e-01,NA,generated_in_script,generated_branch_lengths,Grafen branch lengths with power = 0.5,15,TRUE,TRUE,1.00000000000,9.70904046266321,0
high_confidence,grafen_power_0_5,start_end_dist,Pagel_lambda,6.07611550140279e-05,15.13985005722476,1.00000000000000e+00,NA,generated_in_script,generated_branch_lengths,Grafen branch lengths with power = 0.5,15,TRUE,TRUE,1.00000000000,9.70904046266321,0
high_confidence,grafen_power_0_5,axial_span,Blomberg_K,4.05256628834337e-01,NA,9.68000000000001e-01,NA,generated_in_script,generated_branch_lengths,Grafen branch lengths with power = 0.5,15,TRUE,TRUE,1.00000000000,9.70904046266321,0
high_confidence,grafen_power_0_5,axial_span,Pagel_lambda,6.07611550140279e-05,20.86319374993276,1.00000000000000e+00,NA,generated_in_script,generated_branch_lengths,Grafen branch lengths with power = 0.5,15,TRUE,TRUE,1.00000000000,9.70904046266321,0
high_confidence,grafen_power_0_5,axial_pitch_360,Blomberg_K,7.94524944716589e-01,NA,3.45000000000000e-01,NA,generated_in_script,generated_branch_lengths,Grafen branch lengths with power = 0.5,15,TRUE,TRUE,1.00000000000,9.70904046266321,0
high_confidence,grafen_power_0_5,axial_pitch_360,Pagel_lambda,6.07611550140279e-05,18.94803581201377,1.00000000000000e+00,NA,generated_in_script,generated_branch_lengths,Grafen branch lengths with power = 0.5,15,TRUE,TRUE,1.00000000000,9.70904046266321,0
high_confidence,grafen_power_0_5,fit_radius,Blomberg_K,1.17229059389044e+00,NA,5.20000000000000e-02,NA,generated_in_script,generated_branch_lengths,Grafen branch lengths with power = 0.5,15,TRUE,TRUE,1.00000000000,9.70904046266321,0
high_confidence,grafen_power_0_5,fit_radius,Pagel_lambda,1.27034988206810e+00,34.21490058873000,4.42494291531935e-02,NA,generated_in_script,generated_branch_lengths,Grafen branch lengths with power = 0.5,15,TRUE,TRUE,1.00000000000,9.70904046266321,0
high_confidence,grafen_power_0_5,centroid_size,Blomberg_K,1.38442792743587e+00,NA,3.00000000000000e-03,NA,generated_in_script,generated_branch_lengths,Grafen branch lengths with power = 0.5,15,TRUE,TRUE,1.00000000000,9.70904046266321,0
high_confidence,grafen_power_0_5,centroid_size,Pagel_lambda,8.75707668127126e-01,-80.39822125846450,7.17330983530843e-02,NA,generated_in_script,generated_branch_lengths,Grafen branch lengths with power = 0.5,15,TRUE,TRUE,1.00000000000,9.70904046266321,0
high_confidence,grafen_power_2,PC1,Blomberg_K,4.68490812386634e-01,NA,1.00000000000000e-03,NA,generated_in_script,generated_branch_lengths,Grafen branch lengths with power = 2,15,TRUE,TRUE,1.00000000000,5.63775510204082,0
high_confidence,grafen_power_2,PC1,Pagel_lambda,9.74127908444222e-01,16.63947917351076,2.70041514001591e-04,NA,generated_in_script,generated_branch_lengths,Grafen branch lengths with power = 2,15,TRUE,TRUE,1.00000000000,5.63775510204082,0
high_confidence,grafen_power_2,PC2,Blomberg_K,9.80435440706464e-01,NA,1.00000000000000e-03,NA,generated_in_script,generated_branch_lengths,Grafen branch lengths with power = 2,15,TRUE,TRUE,1.00000000000,5.63775510204082,0
high_confidence,grafen_power_2,PC2,Pagel_lambda,9.89748786363052e-01,20.00940204019497,7.91809350012389e-05,NA,generated_in_script,generated_branch_lengths,Grafen branch lengths with power = 2,15,TRUE,TRUE,1.00000000000,5.63775510204082,0
high_confidence,grafen_power_2,PC3,Blomberg_K,2.22600841665059e-02,NA,5.73000000000000e-01,NA,generated_in_script,generated_branch_lengths,Grafen branch lengths with power = 2,15,TRUE,TRUE,1.00000000000,5.63775510204082,0
high_confidence,grafen_power_2,PC3,Pagel_lambda,7.36897115015649e-05,17.37809205571325,1.00000000000000e+00,NA,generated_in_script,generated_branch_lengths,Grafen branch lengths with power = 2,15,TRUE,TRUE,1.00000000000,5.63775510204082,0
high_confidence,grafen_power_2,PC4,Blomberg_K,7.25411737857657e-02,NA,6.90000000000000e-02,NA,generated_in_script,generated_branch_lengths,Grafen branch lengths with power = 2,15,TRUE,TRUE,1.00000000000,5.63775510204082,0
high_confidence,grafen_power_2,PC4,Pagel_lambda,7.36897115015649e-05,20.56248929852711,1.00000000000000e+00,NA,generated_in_script,generated_branch_lengths,Grafen branch lengths with power = 2,15,TRUE,TRUE,1.00000000000,5.63775510204082,0
high_confidence,grafen_power_2,PC5,Blomberg_K,3.47466201902829e-02,NA,3.23000000000000e-01,NA,generated_in_script,generated_branch_lengths,Grafen branch lengths with power = 2,15,TRUE,TRUE,1.00000000000,5.63775510204082,0
high_confidence,grafen_power_2,PC5,Pagel_lambda,7.36897115015649e-05,26.79309109839988,1.00000000000000e+00,NA,generated_in_script,generated_branch_lengths,Grafen branch lengths with power = 2,15,TRUE,TRUE,1.00000000000,5.63775510204082,0
high_confidence,grafen_power_2,abs_winding_angle_deg,Blomberg_K,2.27576879448536e-02,NA,7.23000000000001e-01,NA,generated_in_script,generated_branch_lengths,Grafen branch lengths with power = 2,15,TRUE,TRUE,1.00000000000,5.63775510204082,0
high_confidence,grafen_power_2,abs_winding_angle_deg,Pagel_lambda,7.37501349166081e-05,-65.97123718648069,1.00000000000000e+00,NA,generated_in_script,generated_branch_lengths,Grafen branch lengths with power = 2,15,TRUE,TRUE,1.00000000000,5.63775510204082,0
high_confidence,grafen_power_2,n_turns_abs,Blomberg_K,2.27576879448540e-02,NA,7.51000000000001e-01,NA,generated_in_script,generated_branch_lengths,Grafen branch lengths with power = 2,15,TRUE,TRUE,1.00000000000,5.63775510204082,0
high_confidence,grafen_power_2,n_turns_abs,Pagel_lambda,7.37501349166081e-05,4.66201119092117,1.00000000000000e+00,NA,generated_in_script,generated_branch_lengths,Grafen branch lengths with power = 2,15,TRUE,TRUE,1.00000000000,5.63775510204082,0
high_confidence,grafen_power_2,start_end_dist,Blomberg_K,1.38320028379395e-02,NA,9.46000000000001e-01,NA,generated_in_script,generated_branch_lengths,Grafen branch lengths with power = 2,15,TRUE,TRUE,1.00000000000,5.63775510204082,0
high_confidence,grafen_power_2,start_end_dist,Pagel_lambda,7.37501349166081e-05,15.13968318942999,1.00000000000000e+00,NA,generated_in_script,generated_branch_lengths,Grafen branch lengths with power = 2,15,TRUE,TRUE,1.00000000000,5.63775510204082,0
high_confidence,grafen_power_2,axial_span,Blomberg_K,1.15300950338072e-02,NA,9.67000000000001e-01,NA,generated_in_script,generated_branch_lengths,Grafen branch lengths with power = 2,15,TRUE,TRUE,1.00000000000,5.63775510204082,0
high_confidence,grafen_power_2,axial_span,Pagel_lambda,7.37501349166081e-05,20.86301070765055,1.00000000000000e+00,NA,generated_in_script,generated_branch_lengths,Grafen branch lengths with power = 2,15,TRUE,TRUE,1.00000000000,5.63775510204082,0
high_confidence,grafen_power_2,axial_pitch_360,Blomberg_K,4.43756236110259e-02,NA,4.12000000000000e-01,NA,generated_in_script,generated_branch_lengths,Grafen branch lengths with power = 2,15,TRUE,TRUE,1.00000000000,5.63775510204082,0
high_confidence,grafen_power_2,axial_pitch_360,Pagel_lambda,7.37501349166081e-05,18.94794654639745,1.00000000000000e+00,NA,generated_in_script,generated_branch_lengths,Grafen branch lengths with power = 2,15,TRUE,TRUE,1.00000000000,5.63775510204082,0
high_confidence,grafen_power_2,fit_radius,Blomberg_K,2.43848828865275e-01,NA,2.30000000000000e-02,NA,generated_in_script,generated_branch_lengths,Grafen branch lengths with power = 2,15,TRUE,TRUE,1.00000000000,5.63775510204082,0
high_confidence,grafen_power_2,fit_radius,Pagel_lambda,9.56162800698137e-01,34.25897782572868,4.20007728831214e-02,NA,generated_in_script,generated_branch_lengths,Grafen branch lengths with power = 2,15,TRUE,TRUE,1.00000000000,5.63775510204082,0
high_confidence,grafen_power_2,centroid_size,Blomberg_K,1.09868059678626e-01,NA,3.30000000000000e-02,NA,generated_in_script,generated_branch_lengths,Grafen branch lengths with power = 2,15,TRUE,TRUE,1.00000000000,5.63775510204082,0
high_confidence,grafen_power_2,centroid_size,Pagel_lambda,6.73778579692825e-01,-79.76074532991429,3.35427144674445e-02,NA,generated_in_script,generated_branch_lengths,Grafen branch lengths with power = 2,15,TRUE,TRUE,1.00000000000,5.63775510204082,0
