"tree_id";"trait";"model";"logLik";"AIC";"AICc";"converged";"delta_AICc";"akaike_weight";"best_model";"reason";"source_path";"variant_group";"note";"n_tips";"is_rooted";"is_ultrametric";"tree_height";"total_branch_length";"rf_distance_vs_reference"
"working_tree";"PC1";"BM";"15,0240254372318471";"-26,048050874463694";"-25,048050874463694";TRUE;"0,2975443302861613";"0,42298520438304038";"EB";NA;"<LOCAL_TREE_SOURCE>/curc_fig1_withCaridae_calibrated_Grafen.tre";"working";"Primary tree used in main PCM workflow.";"15";TRUE;TRUE;"223,00000001300";"2084,37987039000018";"0"
"working_tree";"PC1";"OU";"15,0240254372318489";"-24,048050874463698";"-21,866232692645518";TRUE;"3,4793625121043377";"0,08617913626699235";"EB";NA;"<LOCAL_TREE_SOURCE>/curc_fig1_withCaridae_calibrated_Grafen.tre";"working";"Primary tree used in main PCM workflow.";"15";TRUE;TRUE;"223,00000001300";"2084,37987039000018";"0"
"working_tree";"PC1";"EB";"16,7637066932840177";"-27,527413386568035";"-25,345595204749856";TRUE;"0,0000000000000000";"0,49083565934996715";"EB";NA;"<LOCAL_TREE_SOURCE>/curc_fig1_withCaridae_calibrated_Grafen.tre";"working";"Primary tree used in main PCM workflow.";"15";TRUE;TRUE;"223,00000001300";"2084,37987039000018";"0"
"working_tree";"PC2";"BM";"16,1592426460615108";"-28,318485292123022";"-27,318485292123022";TRUE;"2,3402066850010073";"0,22593427549652711";"EB";NA;"<LOCAL_TREE_SOURCE>/curc_fig1_withCaridae_calibrated_Grafen.tre";"working";"Primary tree used in main PCM workflow.";"15";TRUE;TRUE;"223,00000001300";"2084,37987039000018";"0"
"working_tree";"PC2";"OU";"16,1592426460615144";"-26,318485292123029";"-24,136667110304849";TRUE;"5,5220248668191800";"0,04603191911593994";"EB";NA;"<LOCAL_TREE_SOURCE>/curc_fig1_withCaridae_calibrated_Grafen.tre";"working";"Primary tree used in main PCM workflow.";"15";TRUE;TRUE;"223,00000001300";"2084,37987039000018";"0"
"working_tree";"PC2";"EB";"18,9202550794711044";"-31,840510158942209";"-29,658691977124029";TRUE;"0,0000000000000000";"0,72803380538753293";"EB";NA;"<LOCAL_TREE_SOURCE>/curc_fig1_withCaridae_calibrated_Grafen.tre";"working";"Primary tree used in main PCM workflow.";"15";TRUE;TRUE;"223,00000001300";"2084,37987039000018";"0"
"working_tree";"PC3";"BM";"16,0248268349740925";"-28,049653669948185";"-27,049653669948185";TRUE;"0,0000000000000000";"0,50190764826238876";"BM";NA;"<LOCAL_TREE_SOURCE>/curc_fig1_withCaridae_calibrated_Grafen.tre";"working";"Primary tree used in main PCM workflow.";"15";TRUE;TRUE;"223,00000001300";"2084,37987039000018";"0"
"working_tree";"PC3";"OU";"17,3783466472089643";"-28,756693294417929";"-26,574875112599749";TRUE;"0,4747785573484364";"0,39584663721752816";"BM";NA;"<LOCAL_TREE_SOURCE>/curc_fig1_withCaridae_calibrated_Grafen.tre";"working";"Primary tree used in main PCM workflow.";"15";TRUE;TRUE;"223,00000001300";"2084,37987039000018";"0"
"working_tree";"PC3";"EB";"16,0246986729809322";"-26,049397345961864";"-23,867579164143685";TRUE;"3,1820745058045006";"0,10224571452008316";"BM";NA;"<LOCAL_TREE_SOURCE>/curc_fig1_withCaridae_calibrated_Grafen.tre";"working";"Primary tree used in main PCM workflow.";"15";TRUE;TRUE;"223,00000001300";"2084,37987039000018";"0"
"working_tree";"PC4";"BM";"20,6459973986824608";"-37,291994797364922";"-36,291994797364922";TRUE;"0,0000000000000000";"0,65996740016353228";"BM";NA;"<LOCAL_TREE_SOURCE>/curc_fig1_withCaridae_calibrated_Grafen.tre";"working";"Primary tree used in main PCM workflow.";"15";TRUE;TRUE;"223,00000001300";"2084,37987039000018";"0"
"working_tree";"PC4";"OU";"21,0705541251983277";"-36,141108250396655";"-33,959290068578476";TRUE;"2,3327047287864460";"0,20558058038007912";"BM";NA;"<LOCAL_TREE_SOURCE>/curc_fig1_withCaridae_calibrated_Grafen.tre";"working";"Primary tree used in main PCM workflow.";"15";TRUE;TRUE;"223,00000001300";"2084,37987039000018";"0"
"working_tree";"PC4";"EB";"20,6459234522140100";"-35,291846904428020";"-33,110028722609840";TRUE;"3,1819660747550813";"0,13445201945638863";"BM";NA;"<LOCAL_TREE_SOURCE>/curc_fig1_withCaridae_calibrated_Grafen.tre";"working";"Primary tree used in main PCM workflow.";"15";TRUE;TRUE;"223,00000001300";"2084,37987039000018";"0"
"working_tree";"PC5";"BM";"26,3067867106812834";"-48,613573421362567";"-47,613573421362567";TRUE;"0,0000000000000000";"0,57648528902038854";"BM";NA;"<LOCAL_TREE_SOURCE>/curc_fig1_withCaridae_calibrated_Grafen.tre";"working";"Primary tree used in main PCM workflow.";"15";TRUE;TRUE;"223,00000001300";"2084,37987039000018";"0"
"working_tree";"PC5";"OU";"27,2645854411569033";"-48,529170882313807";"-46,347352700495627";TRUE;"1,2662207208669400";"0,30607784383125197";"BM";NA;"<LOCAL_TREE_SOURCE>/curc_fig1_withCaridae_calibrated_Grafen.tre";"working";"Primary tree used in main PCM workflow.";"15";TRUE;TRUE;"223,00000001300";"2084,37987039000018";"0"
"working_tree";"PC5";"EB";"26,3066468682725336";"-46,613293736545067";"-44,431475554726887";TRUE;"3,1820978666356794";"0,11743686714835942";"BM";NA;"<LOCAL_TREE_SOURCE>/curc_fig1_withCaridae_calibrated_Grafen.tre";"working";"Primary tree used in main PCM workflow.";"15";TRUE;TRUE;"223,00000001300";"2084,37987039000018";"0"
"working_tree";"abs_winding_angle_deg";"BM";"-81,7199137621934000";"167,439827524386800";"168,530736615295893";TRUE;"0,0307052846212628";"0,45317562102015646";"EB";NA;"<LOCAL_TREE_SOURCE>/curc_fig1_withCaridae_calibrated_Grafen.tre";"working";"Primary tree used in main PCM workflow.";"15";TRUE;TRUE;"223,00000001300";"2084,37987039000018";"0"
"working_tree";"abs_winding_angle_deg";"OU";"-81,7199137621934000";"169,439827524386800";"171,839827524386806";TRUE;"3,3397961937121750";"0,08663763280971563";"EB";NA;"<LOCAL_TREE_SOURCE>/curc_fig1_withCaridae_calibrated_Grafen.tre";"working";"Primary tree used in main PCM workflow.";"15";TRUE;TRUE;"223,00000001300";"2084,37987039000018";"0"
"working_tree";"abs_winding_angle_deg";"EB";"-80,0500156653373125";"166,100031330674625";"168,500031330674631";TRUE;"0,0000000000000000";"0,46018674617012784";"EB";NA;"<LOCAL_TREE_SOURCE>/curc_fig1_withCaridae_calibrated_Grafen.tre";"working";"Primary tree used in main PCM workflow.";"15";TRUE;TRUE;"223,00000001300";"2084,37987039000018";"0"
"working_tree";"n_turns_abs";"BM";"0,6855390492988676";"2,628921901402265";"3,719830992311356";TRUE;"0,0307170694936598";"0,45317439217931860";"EB";NA;"<LOCAL_TREE_SOURCE>/curc_fig1_withCaridae_calibrated_Grafen.tre";"working";"Primary tree used in main PCM workflow.";"15";TRUE;TRUE;"223,00000001300";"2084,37987039000018";"0"
"working_tree";"n_turns_abs";"OU";"0,6855390492988731";"4,628921901402254";"7,028921901402253";TRUE;"3,3398079785845569";"0,08663739788123302";"EB";NA;"<LOCAL_TREE_SOURCE>/curc_fig1_withCaridae_calibrated_Grafen.tre";"working";"Primary tree used in main PCM workflow.";"15";TRUE;TRUE;"223,00000001300";"2084,37987039000018";"0"
"working_tree";"n_turns_abs";"EB";"2,3554430385911513";"1,289113922817697";"3,689113922817696";TRUE;"0,0000000000000000";"0,46018820993944831";"EB";NA;"<LOCAL_TREE_SOURCE>/curc_fig1_withCaridae_calibrated_Grafen.tre";"working";"Primary tree used in main PCM workflow.";"15";TRUE;TRUE;"223,00000001300";"2084,37987039000018";"0"
"working_tree";"start_end_dist";"BM";"20,8917412914130658";"-37,783482582826132";"-36,692573491917038";TRUE;"0,5031777208864412";"0,40367935235200814";"OU";NA;"<LOCAL_TREE_SOURCE>/curc_fig1_withCaridae_calibrated_Grafen.tre";"working";"Primary tree used in main PCM workflow.";"15";TRUE;TRUE;"223,00000001300";"2084,37987039000018";"0"
"working_tree";"start_end_dist";"OU";"22,7978756064017389";"-39,595751212803478";"-37,195751212803479";TRUE;"0,0000000000000000";"0,51915876448127196";"OU";NA;"<LOCAL_TREE_SOURCE>/curc_fig1_withCaridae_calibrated_Grafen.tre";"working";"Primary tree used in main PCM workflow.";"15";TRUE;TRUE;"223,00000001300";"2084,37987039000018";"0"
"working_tree";"start_end_dist";"EB";"20,8915714591635222";"-35,783142918327044";"-33,383142918327046";TRUE;"3,8126082944764335";"0,07716188316671994";"OU";NA;"<LOCAL_TREE_SOURCE>/curc_fig1_withCaridae_calibrated_Grafen.tre";"working";"Primary tree used in main PCM workflow.";"15";TRUE;TRUE;"223,00000001300";"2084,37987039000018";"0"
"working_tree";"axial_span";"BM";"20,2993175074385022";"-36,598635014877004";"-35,507725923967911";TRUE;"0,0000000000000000";"0,59642187966226945";"BM";NA;"<LOCAL_TREE_SOURCE>/curc_fig1_withCaridae_calibrated_Grafen.tre";"working";"Primary tree used in main PCM workflow.";"15";TRUE;TRUE;"223,00000001300";"2084,37987039000018";"0"
"working_tree";"axial_span";"OU";"21,2312987403798132";"-36,462597480759626";"-34,062597480759628";TRUE;"1,4451284432082829";"0,28956623064818254";"BM";NA;"<LOCAL_TREE_SOURCE>/curc_fig1_withCaridae_calibrated_Grafen.tre";"working";"Primary tree used in main PCM workflow.";"15";TRUE;TRUE;"223,00000001300";"2084,37987039000018";"0"
"working_tree";"axial_span";"EB";"20,2992174320236316";"-34,598434864047263";"-32,198434864047265";TRUE;"3,3092910599206462";"0,11401188968954799";"BM";NA;"<LOCAL_TREE_SOURCE>/curc_fig1_withCaridae_calibrated_Grafen.tre";"working";"Primary tree used in main PCM workflow.";"15";TRUE;TRUE;"223,00000001300";"2084,37987039000018";"0"
"working_tree";"fit_radius";"BM";"7,4123102011180615";"-10,824620402236123";"-9,733711311327031";TRUE;"0,6111497845715590";"0,39237965660565055";"OU";NA;"<LOCAL_TREE_SOURCE>/curc_fig1_withCaridae_calibrated_Grafen.tre";"working";"Primary tree used in main PCM workflow.";"15";TRUE;TRUE;"223,00000001300";"2084,37987039000018";"0"
"working_tree";"fit_radius";"OU";"9,3724305479492944";"-12,744861095898589";"-10,344861095898590";TRUE;"0,0000000000000000";"0,53261816289674624";"OU";NA;"<LOCAL_TREE_SOURCE>/curc_fig1_withCaridae_calibrated_Grafen.tre";"working";"Primary tree used in main PCM workflow.";"15";TRUE;TRUE;"223,00000001300";"2084,37987039000018";"0"
"working_tree";"fit_radius";"EB";"7,4121429592439068";"-8,824285918487814";"-6,424285918487815";TRUE;"3,9205751774107753";"0,07500218049760314";"OU";NA;"<LOCAL_TREE_SOURCE>/curc_fig1_withCaridae_calibrated_Grafen.tre";"working";"Primary tree used in main PCM workflow.";"15";TRUE;TRUE;"223,00000001300";"2084,37987039000018";"0"
"working_tree";"centroid_size";"BM";"-79,9314336671478003";"163,862867334295601";"164,862867334295601";TRUE;"0,0000000000000000";"0,71047422587646336";"BM";NA;"<LOCAL_TREE_SOURCE>/curc_fig1_withCaridae_calibrated_Grafen.tre";"working";"Primary tree used in main PCM workflow.";"15";TRUE;TRUE;"223,00000001300";"2084,37987039000018";"0"
"working_tree";"centroid_size";"OU";"-79,9312844728672189";"165,862568945734438";"168,044387127552625";TRUE;"3,1815197932570243";"0,14477383617334402";"BM";NA;"<LOCAL_TREE_SOURCE>/curc_fig1_withCaridae_calibrated_Grafen.tre";"working";"Primary tree used in main PCM workflow.";"15";TRUE;TRUE;"223,00000001300";"2084,37987039000018";"0"
"working_tree";"centroid_size";"EB";"-79,9314357424615025";"165,862871484923005";"168,044689666741192";TRUE;"3,1818223324455914";"0,14475193795019262";"BM";NA;"<LOCAL_TREE_SOURCE>/curc_fig1_withCaridae_calibrated_Grafen.tre";"working";"Primary tree used in main PCM workflow.";"15";TRUE;TRUE;"223,00000001300";"2084,37987039000018";"0"
"ml_unrooted";"PC1";"BM";"12,3010662916701143";"-20,602132583340229";"-19,511223492431139";TRUE;"0,0000000000000000";"0,54284256080676985";"BM";NA;"<LOCAL_TREE_SOURCE>/curc_fig1.treefile";"existing_file";"Imported from phylogeny workflow outputs.";"14";TRUE;FALSE;"0,41142785540";"2,09131592840000";NA
"ml_unrooted";"PC1";"OU";"12,3011594265341522";"-18,602318853068304";"-16,202318853068306";TRUE;"3,3089046393628330";"0,10378972889755576";"BM";NA;"<LOCAL_TREE_SOURCE>/curc_fig1.treefile";"existing_file";"Imported from phylogeny workflow outputs.";"14";TRUE;FALSE;"0,41142785540";"2,09131592840000";NA
"ml_unrooted";"PC1";"EB";"13,5263015985838884";"-21,052603197167777";"-18,652603197167778";TRUE;"0,8586202952633606";"0,35336771029567443";"BM";NA;"<LOCAL_TREE_SOURCE>/curc_fig1.treefile";"existing_file";"Imported from phylogeny workflow outputs.";"14";TRUE;FALSE;"0,41142785540";"2,09131592840000";NA
"ml_unrooted";"PC2";"BM";"15,5577280222085292";"-27,115456044417058";"-26,024546953507969";TRUE;"6,8767963065734854";"0,03093267756927676";"EB";NA;"<LOCAL_TREE_SOURCE>/curc_fig1.treefile";"existing_file";"Imported from phylogeny workflow outputs.";"14";TRUE;FALSE;"0,41142785540";"2,09131592840000";NA
"ml_unrooted";"PC2";"OU";"15,5579956682025831";"-25,115991336405166";"-22,715991336405168";TRUE;"10,1853519236762864";"0,00591525935269668";"EB";NA;"<LOCAL_TREE_SOURCE>/curc_fig1.treefile";"existing_file";"Imported from phylogeny workflow outputs.";"14";TRUE;FALSE;"0,41142785540";"2,09131592840000";NA
"ml_unrooted";"PC2";"EB";"20,6506716300407263";"-35,301343260081453";"-32,901343260081454";TRUE;"0,0000000000000000";"0,96315206307802648";"EB";NA;"<LOCAL_TREE_SOURCE>/curc_fig1.treefile";"existing_file";"Imported from phylogeny workflow outputs.";"14";TRUE;FALSE;"0,41142785540";"2,09131592840000";NA
"ml_unrooted";"PC3";"BM";"17,0259489188015571";"-30,051897837603114";"-28,960988746694024";TRUE;"0,0000000000000000";"0,72337075351476432";"BM";NA;"<LOCAL_TREE_SOURCE>/curc_fig1.treefile";"existing_file";"Imported from phylogeny workflow outputs.";"14";TRUE;FALSE;"0,41142785540";"2,09131592840000";NA
"ml_unrooted";"PC3";"OU";"17,0262580734193918";"-28,052516146838784";"-25,652516146838785";TRUE;"3,3084725998552393";"0,13833601121699865";"BM";NA;"<LOCAL_TREE_SOURCE>/curc_fig1.treefile";"existing_file";"Imported from phylogeny workflow outputs.";"14";TRUE;FALSE;"0,41142785540";"2,09131592840000";NA
"ml_unrooted";"PC3";"EB";"17,0259488078616386";"-28,051897615723277";"-25,651897615723279";TRUE;"3,3090911309707458";"0,13829323526823703";"BM";NA;"<LOCAL_TREE_SOURCE>/curc_fig1.treefile";"existing_file";"Imported from phylogeny workflow outputs.";"14";TRUE;FALSE;"0,41142785540";"2,09131592840000";NA
"ml_unrooted";"PC4";"BM";"18,1191664366183502";"-32,238332873236700";"-31,147423782327611";TRUE;"0,0000000000000000";"0,70389549507922367";"BM";NA;"<LOCAL_TREE_SOURCE>/curc_fig1.treefile";"existing_file";"Imported from phylogeny workflow outputs.";"14";TRUE;FALSE;"0,41142785540";"2,09131592840000";NA
"ml_unrooted";"PC4";"OU";"18,2413931906908644";"-30,482786381381729";"-28,082786381381730";TRUE;"3,0646374009458803";"0,15206547735703724";"BM";NA;"<LOCAL_TREE_SOURCE>/curc_fig1.treefile";"existing_file";"Imported from phylogeny workflow outputs.";"14";TRUE;FALSE;"0,41142785540";"2,09131592840000";NA
"ml_unrooted";"PC4";"EB";"18,1871662781180916";"-30,374332556236183";"-27,974332556236185";TRUE;"3,1730912260914259";"0,14403902756373912";"BM";NA;"<LOCAL_TREE_SOURCE>/curc_fig1.treefile";"existing_file";"Imported from phylogeny workflow outputs.";"14";TRUE;FALSE;"0,41142785540";"2,09131592840000";NA
"ml_unrooted";"PC5";"BM";"25,0898933045589807";"-46,179786609117961";"-45,088877518208868";TRUE;"0,0000000000000000";"0,70568477191191914";"BM";NA;"<LOCAL_TREE_SOURCE>/curc_fig1.treefile";"existing_file";"Imported from phylogeny workflow outputs.";"14";TRUE;FALSE;"0,41142785540";"2,09131592840000";NA
"ml_unrooted";"PC5";"OU";"25,1594366989628817";"-44,318873397925763";"-41,918873397925765";TRUE;"3,1700041202831031";"0,14462823868452734";"BM";NA;"<LOCAL_TREE_SOURCE>/curc_fig1.treefile";"existing_file";"Imported from phylogeny workflow outputs.";"14";TRUE;FALSE;"0,41142785540";"2,09131592840000";NA
"ml_unrooted";"PC5";"EB";"25,1938164965464360";"-44,387632993092872";"-41,987632993092873";TRUE;"3,1012445251159946";"0,14968698940355363";"BM";NA;"<LOCAL_TREE_SOURCE>/curc_fig1.treefile";"existing_file";"Imported from phylogeny workflow outputs.";"14";TRUE;FALSE;"0,41142785540";"2,09131592840000";NA
"ml_unrooted";"abs_winding_angle_deg";"BM";"-78,9511791916961982";"161,902358383392396";"163,102358383392385";TRUE;"3,1974133724607157";"0,16327560198669072";"EB";NA;"<LOCAL_TREE_SOURCE>/curc_fig1.treefile";"existing_file";"Imported from phylogeny workflow outputs.";"14";TRUE;FALSE;"0,41142785540";"2,09131592840000";NA
"ml_unrooted";"abs_winding_angle_deg";"OU";"-78,9439129363746872";"163,887825872749374";"166,554492539416032";TRUE;"6,6495475284843621";"0,02906028614295184";"EB";NA;"<LOCAL_TREE_SOURCE>/curc_fig1.treefile";"existing_file";"Imported from phylogeny workflow outputs.";"14";TRUE;FALSE;"0,41142785540";"2,09131592840000";NA
"ml_unrooted";"abs_winding_angle_deg";"EB";"-75,6191391721325061";"157,238278344265012";"159,904945010931669";TRUE;"0,0000000000000000";"0,80766411187035747";"EB";NA;"<LOCAL_TREE_SOURCE>/curc_fig1.treefile";"existing_file";"Imported from phylogeny workflow outputs.";"14";TRUE;FALSE;"0,41142785540";"2,09131592840000";NA
"ml_unrooted";"n_turns_abs";"BM";"-2,4318315345908608";"8,863663069181722";"10,063663069181722";TRUE;"3,1974272420129140";"0,16327468728165376";"EB";NA;"<LOCAL_TREE_SOURCE>/curc_fig1.treefile";"existing_file";"Imported from phylogeny workflow outputs.";"14";TRUE;FALSE;"0,41142785540";"2,09131592840000";NA
"ml_unrooted";"n_turns_abs";"OU";"-2,4245652360058827";"10,849130472011765";"13,515797138678431";TRUE;"6,6495613115096237";"0,02906012459822081";"EB";NA;"<LOCAL_TREE_SOURCE>/curc_fig1.treefile";"existing_file";"Imported from phylogeny workflow outputs.";"14";TRUE;FALSE;"0,41142785540";"2,09131592840000";NA
"ml_unrooted";"n_turns_abs";"EB";"0,9002154197489292";"4,199569160502142";"6,866235827168808";TRUE;"0,0000000000000000";"0,80766518812012544";"EB";NA;"<LOCAL_TREE_SOURCE>/curc_fig1.treefile";"existing_file";"Imported from phylogeny workflow outputs.";"14";TRUE;FALSE;"0,41142785540";"2,09131592840000";NA
"ml_unrooted";"start_end_dist";"BM";"21,9046172254946185";"-39,809234450989237";"-38,609234450989234";TRUE;"0,0000000000000000";"0,73886248347462202";"BM";NA;"<LOCAL_TREE_SOURCE>/curc_fig1.treefile";"existing_file";"Imported from phylogeny workflow outputs.";"14";TRUE;FALSE;"0,41142785540";"2,09131592840000";NA
"ml_unrooted";"start_end_dist";"OU";"21,9048604823287540";"-37,809720964657508";"-35,143054297990844";TRUE;"3,4661801529983904";"0,13058465875527908";"BM";NA;"<LOCAL_TREE_SOURCE>/curc_fig1.treefile";"existing_file";"Imported from phylogeny workflow outputs.";"14";TRUE;FALSE;"0,41142785540";"2,09131592840000";NA
"ml_unrooted";"start_end_dist";"EB";"21,9046169249436602";"-37,809233849887320";"-35,142567183220656";TRUE;"3,4666672677685781";"0,13055285777009890";"BM";NA;"<LOCAL_TREE_SOURCE>/curc_fig1.treefile";"existing_file";"Imported from phylogeny workflow outputs.";"14";TRUE;FALSE;"0,41142785540";"2,09131592840000";NA
"ml_unrooted";"axial_span";"BM";"19,7913919082325620";"-35,582783816465124";"-34,382783816465121";TRUE;"0,0000000000000000";"0,68620888920797740";"BM";NA;"<LOCAL_TREE_SOURCE>/curc_fig1.treefile";"existing_file";"Imported from phylogeny workflow outputs.";"14";TRUE;FALSE;"0,41142785540";"2,09131592840000";NA
"ml_unrooted";"axial_span";"OU";"20,1280072592478838";"-34,256014518495768";"-31,589347851829103";TRUE;"2,7934359646360178";"0,16977331435907300";"BM";NA;"<LOCAL_TREE_SOURCE>/curc_fig1.treefile";"existing_file";"Imported from phylogeny workflow outputs.";"14";TRUE;FALSE;"0,41142785540";"2,09131592840000";NA
"ml_unrooted";"axial_span";"EB";"19,9634800352528430";"-33,926960070505686";"-31,260293403839022";TRUE;"3,1224904126260995";"0,14401779643294957";"BM";NA;"<LOCAL_TREE_SOURCE>/curc_fig1.treefile";"existing_file";"Imported from phylogeny workflow outputs.";"14";TRUE;FALSE;"0,41142785540";"2,09131592840000";NA
"ml_unrooted";"fit_radius";"BM";"6,8112046407817139";"-9,622409281563428";"-8,422409281563429";TRUE;"0,0000000000000000";"0,65485412757228001";"BM";NA;"<LOCAL_TREE_SOURCE>/curc_fig1.treefile";"existing_file";"Imported from phylogeny workflow outputs.";"14";TRUE;FALSE;"0,41142785540";"2,09131592840000";NA
"ml_unrooted";"fit_radius";"OU";"7,3956791021268096";"-8,791358204253619";"-6,124691537586953";TRUE;"2,2977177439764755";"0,20758764433874455";"BM";NA;"<LOCAL_TREE_SOURCE>/curc_fig1.treefile";"existing_file";"Imported from phylogeny workflow outputs.";"14";TRUE;FALSE;"0,41142785540";"2,09131592840000";NA
"ml_unrooted";"fit_radius";"EB";"6,9841727737552510";"-7,968345547510502";"-5,301678880843836";TRUE;"3,1207304007195926";"0,13755822808897544";"BM";NA;"<LOCAL_TREE_SOURCE>/curc_fig1.treefile";"existing_file";"Imported from phylogeny workflow outputs.";"14";TRUE;FALSE;"0,41142785540";"2,09131592840000";NA
"ml_unrooted";"centroid_size";"BM";"-74,2950826819009933";"152,590165363801987";"153,681074454711080";TRUE;"0,0000000000000000";"0,64280252717434139";"BM";NA;"<LOCAL_TREE_SOURCE>/curc_fig1.treefile";"existing_file";"Imported from phylogeny workflow outputs.";"14";TRUE;FALSE;"0,41142785540";"2,09131592840000";NA
"ml_unrooted";"centroid_size";"OU";"-74,2753572120494141";"154,550714424098828";"156,950714424098834";TRUE;"3,2696399693877538";"0,12533843775628056";"BM";NA;"<LOCAL_TREE_SOURCE>/curc_fig1.treefile";"existing_file";"Imported from phylogeny workflow outputs.";"14";TRUE;FALSE;"0,41142785540";"2,09131592840000";NA
"ml_unrooted";"centroid_size";"EB";"-73,6602452131822076";"153,320490426364415";"155,720490426364421";TRUE;"2,0394159716533409";"0,23185903506937813";"BM";NA;"<LOCAL_TREE_SOURCE>/curc_fig1.treefile";"existing_file";"Imported from phylogeny workflow outputs.";"14";TRUE;FALSE;"0,41142785540";"2,09131592840000";NA
"consensus_unrooted";"PC1";"BM";"12,3010301441169094";"-20,602060288233819";"-19,511151197324729";TRUE;"0,0000000000000000";"0,54260456283266045";"BM";NA;"<LOCAL_TREE_SOURCE>/curc_fig1.contree";"existing_file";"Imported from phylogeny workflow outputs.";"14";TRUE;FALSE;"0,41143131210";"2,09134337310000";NA
"consensus_unrooted";"PC1";"OU";"12,3052671705984835";"-18,610534341196967";"-16,210534341196968";TRUE;"3,3006168561277605";"0,10417502125362330";"BM";NA;"<LOCAL_TREE_SOURCE>/curc_fig1.contree";"existing_file";"Imported from phylogeny workflow outputs.";"14";TRUE;FALSE;"0,41143131210";"2,09134337310000";NA
"consensus_unrooted";"PC1";"EB";"13,5262870590310342";"-21,052574118062068";"-18,652574118062070";TRUE;"0,8585770792626590";"0,35322041591371633";"BM";NA;"<LOCAL_TREE_SOURCE>/curc_fig1.contree";"existing_file";"Imported from phylogeny workflow outputs.";"14";TRUE;FALSE;"0,41143131210";"2,09134337310000";NA
"consensus_unrooted";"PC2";"BM";"15,5576956793386127";"-27,115391358677225";"-26,024482267768136";TRUE;"6,8768365201125832";"0,03093212615385140";"EB";NA;"<LOCAL_TREE_SOURCE>/curc_fig1.contree";"existing_file";"Imported from phylogeny workflow outputs.";"14";TRUE;FALSE;"0,41143131210";"2,09134337310000";NA
"consensus_unrooted";"PC2";"OU";"15,5577030415237090";"-25,115406083047418";"-22,715406083047419";TRUE;"10,1859127048332994";"0,00591361448702635";"EB";NA;"<LOCAL_TREE_SOURCE>/curc_fig1.contree";"existing_file";"Imported from phylogeny workflow outputs.";"14";TRUE;FALSE;"0,41143131210";"2,09134337310000";NA
"consensus_unrooted";"PC2";"EB";"20,6506593939403587";"-35,301318787880717";"-32,901318787880719";TRUE;"0,0000000000000000";"0,96315425935912213";"EB";NA;"<LOCAL_TREE_SOURCE>/curc_fig1.contree";"existing_file";"Imported from phylogeny workflow outputs.";"14";TRUE;FALSE;"0,41143131210";"2,09134337310000";NA
"consensus_unrooted";"PC3";"BM";"17,0259491437300987";"-30,051898287460197";"-28,960989196551107";TRUE;"0,0000000000000000";"0,72340039175917170";"BM";NA;"<LOCAL_TREE_SOURCE>/curc_fig1.contree";"existing_file";"Imported from phylogeny workflow outputs.";"14";TRUE;FALSE;"0,41143131210";"2,09134337310000";NA
"consensus_unrooted";"PC3";"OU";"17,0259620889497256";"-28,051924177899451";"-25,651924177899453";TRUE;"3,3090650186516548";"0,13830070713993370";"BM";NA;"<LOCAL_TREE_SOURCE>/curc_fig1.contree";"existing_file";"Imported from phylogeny workflow outputs.";"14";TRUE;FALSE;"0,41143131210";"2,09134337310000";NA
"consensus_unrooted";"PC3";"EB";"17,0259490300806213";"-28,051898060161243";"-25,651898060161244";TRUE;"3,3090911363898634";"0,13829890110089457";"BM";NA;"<LOCAL_TREE_SOURCE>/curc_fig1.contree";"existing_file";"Imported from phylogeny workflow outputs.";"14";TRUE;FALSE;"0,41143131210";"2,09134337310000";NA
"consensus_unrooted";"PC4";"BM";"18,1191508611902705";"-32,238301722380541";"-31,147392631471451";TRUE;"0,0000000000000000";"0,70389449501341961";"BM";NA;"<LOCAL_TREE_SOURCE>/curc_fig1.contree";"existing_file";"Imported from phylogeny workflow outputs.";"14";TRUE;FALSE;"0,41143131210";"2,09134337310000";NA
"consensus_unrooted";"PC4";"OU";"18,2413872030681894";"-30,482774406136379";"-28,082774406136380";TRUE;"3,0646182253350709";"0,15206671928777735";"BM";NA;"<LOCAL_TREE_SOURCE>/curc_fig1.contree";"existing_file";"Imported from phylogeny workflow outputs.";"14";TRUE;FALSE;"0,41143131210";"2,09134337310000";NA
"consensus_unrooted";"PC4";"EB";"18,1871504442860150";"-30,374300888572030";"-27,974300888572031";TRUE;"3,1730917428994196";"0,14403878569880302";"BM";NA;"<LOCAL_TREE_SOURCE>/curc_fig1.contree";"existing_file";"Imported from phylogeny workflow outputs.";"14";TRUE;FALSE;"0,41143131210";"2,09134337310000";NA
"consensus_unrooted";"PC5";"BM";"25,0899113107474143";"-46,179822621494829";"-45,088913530585735";TRUE;"0,0000000000000000";"0,70568534853150189";"BM";NA;"<LOCAL_TREE_SOURCE>/curc_fig1.contree";"existing_file";"Imported from phylogeny workflow outputs.";"14";TRUE;FALSE;"0,41143131210";"2,09134337310000";NA
"consensus_unrooted";"PC5";"OU";"25,1594549717202760";"-44,318909943440552";"-41,918909943440553";TRUE;"3,1700035871451817";"0,14462839541463074";"BM";NA;"<LOCAL_TREE_SOURCE>/curc_fig1.contree";"existing_file";"Imported from phylogeny workflow outputs.";"14";TRUE;FALSE;"0,41143131210";"2,09134337310000";NA
"consensus_unrooted";"PC5";"EB";"25,1938287863954500";"-44,387657572790900";"-41,987657572790901";TRUE;"3,1012559577948338";"0,14968625605386732";"BM";NA;"<LOCAL_TREE_SOURCE>/curc_fig1.contree";"existing_file";"Imported from phylogeny workflow outputs.";"14";TRUE;FALSE;"0,41143131210";"2,09134337310000";NA
"consensus_unrooted";"abs_winding_angle_deg";"BM";"-78,9511750783275943";"161,902350156655189";"163,102350156655177";TRUE;"3,1973810573338710";"0,16327774254892846";"EB";NA;"<LOCAL_TREE_SOURCE>/curc_fig1.contree";"existing_file";"Imported from phylogeny workflow outputs.";"14";TRUE;FALSE;"0,41143131210";"2,09134337310000";NA
"consensus_unrooted";"abs_winding_angle_deg";"OU";"-78,9439108934075193";"163,887821786815039";"166,554488453481696";TRUE;"6,6495193541603896";"0,02906060695951721";"EB";NA;"<LOCAL_TREE_SOURCE>/curc_fig1.contree";"existing_file";"Imported from phylogeny workflow outputs.";"14";TRUE;FALSE;"0,41143131210";"2,09134337310000";NA
"consensus_unrooted";"abs_winding_angle_deg";"EB";"-75,6191512163273245";"157,238302432654649";"159,904969099321306";TRUE;"0,0000000000000000";"0,80766165049155436";"EB";NA;"<LOCAL_TREE_SOURCE>/curc_fig1.contree";"existing_file";"Imported from phylogeny workflow outputs.";"14";TRUE;FALSE;"0,41143131210";"2,09134337310000";NA
"consensus_unrooted";"n_turns_abs";"BM";"-2,4318274212012372";"8,863654842402475";"10,063654842402475";TRUE;"3,1973949267514010";"0,16327682784361894";"EB";NA;"<LOCAL_TREE_SOURCE>/curc_fig1.contree";"existing_file";"Imported from phylogeny workflow outputs.";"14";TRUE;FALSE;"0,41143131210";"2,09134337310000";NA
"consensus_unrooted";"n_turns_abs";"OU";"-2,4245631930293126";"10,849126386058625";"13,515793052725291";TRUE;"6,6495331370742177";"0,02906044541475102";"EB";NA;"<LOCAL_TREE_SOURCE>/curc_fig1.contree";"existing_file";"Imported from phylogeny workflow outputs.";"14";TRUE;FALSE;"0,41143131210";"2,09134337310000";NA
"consensus_unrooted";"n_turns_abs";"EB";"0,9002033755077963";"4,199593248984407";"6,866259915651074";TRUE;"0,0000000000000000";"0,80766272674163009";"EB";NA;"<LOCAL_TREE_SOURCE>/curc_fig1.contree";"existing_file";"Imported from phylogeny workflow outputs.";"14";TRUE;FALSE;"0,41143131210";"2,09134337310000";NA
"consensus_unrooted";"start_end_dist";"BM";"21,9046034739997282";"-39,809206947999456";"-38,609206947999454";TRUE;"0,0000000000000000";"0,73887503325403403";"BM";NA;"<LOCAL_TREE_SOURCE>/curc_fig1.contree";"existing_file";"Imported from phylogeny workflow outputs.";"14";TRUE;FALSE;"0,41143131210";"2,09134337310000";NA
"consensus_unrooted";"start_end_dist";"OU";"21,9047166550309207";"-37,809433310061841";"-35,142766643395177";TRUE;"3,4664403046042764";"0,13056989168292718";"BM";NA;"<LOCAL_TREE_SOURCE>/curc_fig1.contree";"existing_file";"Imported from phylogeny workflow outputs.";"14";TRUE;FALSE;"0,41143131210";"2,09134337310000";NA
"consensus_unrooted";"start_end_dist";"EB";"21,9046031720492742";"-37,809206344098548";"-35,142539677431884";TRUE;"3,4666672705675694";"0,13055507506303876";"BM";NA;"<LOCAL_TREE_SOURCE>/curc_fig1.contree";"existing_file";"Imported from phylogeny workflow outputs.";"14";TRUE;FALSE;"0,41143131210";"2,09134337310000";NA
"consensus_unrooted";"axial_span";"BM";"19,7914051250675236";"-35,582810250135047";"-34,382810250135044";TRUE;"0,0000000000000000";"0,68620881256562272";"BM";NA;"<LOCAL_TREE_SOURCE>/curc_fig1.contree";"existing_file";"Imported from phylogeny workflow outputs.";"14";TRUE;FALSE;"0,41143131210";"2,09134337310000";NA
"consensus_unrooted";"axial_span";"OU";"20,1280164093151619";"-34,256032818630324";"-31,589366151963659";TRUE;"2,7934440981713848";"0,16977260497002242";"BM";NA;"<LOCAL_TREE_SOURCE>/curc_fig1.contree";"existing_file";"Imported from phylogeny workflow outputs.";"14";TRUE;FALSE;"0,41143131210";"2,09134337310000";NA
"consensus_unrooted";"axial_span";"EB";"19,9634988216393623";"-33,926997643278725";"-31,260330976612060";TRUE;"3,1224792735229840";"0,14401858246435484";"BM";NA;"<LOCAL_TREE_SOURCE>/curc_fig1.contree";"existing_file";"Imported from phylogeny workflow outputs.";"14";TRUE;FALSE;"0,41143131210";"2,09134337310000";NA
"consensus_unrooted";"fit_radius";"BM";"6,8112337353214079";"-9,622467470642816";"-8,422467470642815";TRUE;"0,0000000000000000";"0,65485201018868588";"BM";NA;"<LOCAL_TREE_SOURCE>/curc_fig1.contree";"existing_file";"Imported from phylogeny workflow outputs.";"14";TRUE;FALSE;"0,41143131210";"2,09134337310000";NA
"consensus_unrooted";"fit_radius";"OU";"7,3957003220924697";"-8,791400644184939";"-6,124733977518273";TRUE;"2,2977334931245412";"0,20758533847919544";"BM";NA;"<LOCAL_TREE_SOURCE>/curc_fig1.contree";"existing_file";"Imported from phylogeny workflow outputs.";"14";TRUE;FALSE;"0,41143131210";"2,09134337310000";NA
"consensus_unrooted";"fit_radius";"EB";"6,9842372565739543";"-7,968474513147909";"-5,301807846481243";TRUE;"3,1206596241615721";"0,13756265133211865";"BM";NA;"<LOCAL_TREE_SOURCE>/curc_fig1.contree";"existing_file";"Imported from phylogeny workflow outputs.";"14";TRUE;FALSE;"0,41143131210";"2,09134337310000";NA
"consensus_unrooted";"centroid_size";"BM";"-74,2950659013821308";"152,590131802764262";"153,681040893673355";TRUE;"0,0000000000000000";"0,64279957539672283";"BM";NA;"<LOCAL_TREE_SOURCE>/curc_fig1.contree";"existing_file";"Imported from phylogeny workflow outputs.";"14";TRUE;FALSE;"0,41143131210";"2,09134337310000";NA
"consensus_unrooted";"centroid_size";"OU";"-74,2753438370011594";"154,550687674002319";"156,950687674002324";TRUE;"3,2696467803289693";"0,12533743536295511";"BM";NA;"<LOCAL_TREE_SOURCE>/curc_fig1.contree";"existing_file";"Imported from phylogeny workflow outputs.";"14";TRUE;FALSE;"0,41143131210";"2,09134337310000";NA
"consensus_unrooted";"centroid_size";"EB";"-73,6602067865514840";"153,320413573102968";"155,720413573102974";TRUE;"2,0393726794296185";"0,23186298924032203";"BM";NA;"<LOCAL_TREE_SOURCE>/curc_fig1.contree";"existing_file";"Imported from phylogeny workflow outputs.";"14";TRUE;FALSE;"0,41143131210";"2,09134337310000";NA
"rooted_ml";"PC1";"BM";"12,3010662916701143";"-20,602132583340229";"-19,511223492431139";TRUE;"0,0000000000000000";"0,54284256080687854";"BM";NA;"<LOCAL_TREE_SOURCE>/curc_fig1_rooted.tre";"existing_file";"Imported from phylogeny workflow outputs.";"14";TRUE;FALSE;"0,41142785540";"2,09131592840000";NA
"rooted_ml";"PC1";"OU";"12,3011594265341522";"-18,602318853068304";"-16,202318853068306";TRUE;"3,3089046393628330";"0,10378972889757655";"BM";NA;"<LOCAL_TREE_SOURCE>/curc_fig1_rooted.tre";"existing_file";"Imported from phylogeny workflow outputs.";"14";TRUE;FALSE;"0,41142785540";"2,09131592840000";NA
"rooted_ml";"PC1";"EB";"13,5263015985833217";"-21,052603197166643";"-18,652603197166645";TRUE;"0,8586202952644939";"0,35336771029554492";"BM";NA;"<LOCAL_TREE_SOURCE>/curc_fig1_rooted.tre";"existing_file";"Imported from phylogeny workflow outputs.";"14";TRUE;FALSE;"0,41142785540";"2,09131592840000";NA
"rooted_ml";"PC2";"BM";"15,5577280222085292";"-27,115456044417058";"-26,024546953507969";TRUE;"6,8767963065754181";"0,03093270771971559";"EB";NA;"<LOCAL_TREE_SOURCE>/curc_fig1_rooted.tre";"existing_file";"Imported from phylogeny workflow outputs.";"14";TRUE;FALSE;"0,41142785540";"2,09131592840000";NA
"rooted_ml";"PC2";"OU";"15,5578308754502750";"-25,115661750900550";"-22,715661750900551";TRUE;"10,1856815091828352";"0,00591429040586393";"EB";NA;"<LOCAL_TREE_SOURCE>/curc_fig1_rooted.tre";"existing_file";"Imported from phylogeny workflow outputs.";"14";TRUE;FALSE;"0,41142785540";"2,09131592840000";NA
"rooted_ml";"PC2";"EB";"20,6506716300416926";"-35,301343260083385";"-32,901343260083387";TRUE;"0,0000000000000000";"0,96315300187442054";"EB";NA;"<LOCAL_TREE_SOURCE>/curc_fig1_rooted.tre";"existing_file";"Imported from phylogeny workflow outputs.";"14";TRUE;FALSE;"0,41142785540";"2,09131592840000";NA
"rooted_ml";"PC3";"BM";"17,0259489188015571";"-30,051897837603114";"-28,960988746694024";TRUE;"0,0000000000000000";"0,72337075351476354";"BM";NA;"<LOCAL_TREE_SOURCE>/curc_fig1_rooted.tre";"existing_file";"Imported from phylogeny workflow outputs.";"14";TRUE;FALSE;"0,41142785540";"2,09131592840000";NA
"rooted_ml";"PC3";"OU";"17,0262580734193953";"-28,052516146838791";"-25,652516146838792";TRUE;"3,3084725998552322";"0,13833601121699901";"BM";NA;"<LOCAL_TREE_SOURCE>/curc_fig1_rooted.tre";"existing_file";"Imported from phylogeny workflow outputs.";"14";TRUE;FALSE;"0,41142785540";"2,09131592840000";NA
"rooted_ml";"PC3";"EB";"17,0259488078616421";"-28,051897615723284";"-25,651897615723286";TRUE;"3,3090911309707387";"0,13829323526823739";"BM";NA;"<LOCAL_TREE_SOURCE>/curc_fig1_rooted.tre";"existing_file";"Imported from phylogeny workflow outputs.";"14";TRUE;FALSE;"0,41142785540";"2,09131592840000";NA
"rooted_ml";"PC4";"BM";"18,1191664366183502";"-32,238332873236700";"-31,147423782327611";TRUE;"0,0000000000000000";"0,70389549507919935";"BM";NA;"<LOCAL_TREE_SOURCE>/curc_fig1_rooted.tre";"existing_file";"Imported from phylogeny workflow outputs.";"14";TRUE;FALSE;"0,41142785540";"2,09131592840000";NA
"rooted_ml";"PC4";"OU";"18,2413931906908964";"-30,482786381381793";"-28,082786381381794";TRUE;"3,0646374009458164";"0,15206547735703685";"BM";NA;"<LOCAL_TREE_SOURCE>/curc_fig1_rooted.tre";"existing_file";"Imported from phylogeny workflow outputs.";"14";TRUE;FALSE;"0,41142785540";"2,09131592840000";NA
"rooted_ml";"PC4";"EB";"18,1871662781182977";"-30,374332556236595";"-27,974332556236597";TRUE;"3,1730912260910138";"0,14403902756376383";"BM";NA;"<LOCAL_TREE_SOURCE>/curc_fig1_rooted.tre";"existing_file";"Imported from phylogeny workflow outputs.";"14";TRUE;FALSE;"0,41142785540";"2,09131592840000";NA
"rooted_ml";"PC5";"BM";"25,0898933045589807";"-46,179786609117961";"-45,088877518208868";TRUE;"0,0000000000000000";"0,70568477191145795";"BM";NA;"<LOCAL_TREE_SOURCE>/curc_fig1_rooted.tre";"existing_file";"Imported from phylogeny workflow outputs.";"14";TRUE;FALSE;"0,41142785540";"2,09131592840000";NA
"rooted_ml";"PC5";"OU";"25,1594366989675571";"-44,318873397935114";"-41,918873397935116";TRUE;"3,1700041202737523";"0,14462823868510902";"BM";NA;"<LOCAL_TREE_SOURCE>/curc_fig1_rooted.tre";"existing_file";"Imported from phylogeny workflow outputs.";"14";TRUE;FALSE;"0,41142785540";"2,09131592840000";NA
"rooted_ml";"PC5";"EB";"25,1938164965462832";"-44,387632993092566";"-41,987632993092568";TRUE;"3,1012445251163001";"0,14968698940343297";"BM";NA;"<LOCAL_TREE_SOURCE>/curc_fig1_rooted.tre";"existing_file";"Imported from phylogeny workflow outputs.";"14";TRUE;FALSE;"0,41142785540";"2,09131592840000";NA
"rooted_ml";"abs_winding_angle_deg";"BM";"-78,9511791916961982";"161,902358383392396";"163,102358383392385";TRUE;"3,1974133724607157";"0,16327560198668717";"EB";NA;"<LOCAL_TREE_SOURCE>/curc_fig1_rooted.tre";"existing_file";"Imported from phylogeny workflow outputs.";"14";TRUE;FALSE;"0,41142785540";"2,09131592840000";NA
"rooted_ml";"abs_winding_angle_deg";"OU";"-78,9439129363739340";"163,887825872747868";"166,554492539414525";TRUE;"6,6495475284828558";"0,02906028614297310";"EB";NA;"<LOCAL_TREE_SOURCE>/curc_fig1_rooted.tre";"existing_file";"Imported from phylogeny workflow outputs.";"14";TRUE;FALSE;"0,41142785540";"2,09131592840000";NA
"rooted_ml";"abs_winding_angle_deg";"EB";"-75,6191391721325061";"157,238278344265012";"159,904945010931669";TRUE;"0,0000000000000000";"0,80766411187033982";"EB";NA;"<LOCAL_TREE_SOURCE>/curc_fig1_rooted.tre";"existing_file";"Imported from phylogeny workflow outputs.";"14";TRUE;FALSE;"0,41142785540";"2,09131592840000";NA
"rooted_ml";"n_turns_abs";"BM";"-2,4318315345908608";"8,863663069181722";"10,063663069181722";TRUE;"3,1974272420150838";"0,16327468728151065";"EB";NA;"<LOCAL_TREE_SOURCE>/curc_fig1_rooted.tre";"existing_file";"Imported from phylogeny workflow outputs.";"14";TRUE;FALSE;"0,41142785540";"2,09131592840000";NA
"rooted_ml";"n_turns_abs";"OU";"-2,4245652360058791";"10,849130472011758";"13,515797138678424";TRUE;"6,6495613115117864";"0,02906012459819544";"EB";NA;"<LOCAL_TREE_SOURCE>/curc_fig1_rooted.tre";"existing_file";"Imported from phylogeny workflow outputs.";"14";TRUE;FALSE;"0,41142785540";"2,09131592840000";NA
"rooted_ml";"n_turns_abs";"EB";"0,9002154197500141";"4,199569160499972";"6,866235827166638";TRUE;"0,0000000000000000";"0,80766518812029398";"EB";NA;"<LOCAL_TREE_SOURCE>/curc_fig1_rooted.tre";"existing_file";"Imported from phylogeny workflow outputs.";"14";TRUE;FALSE;"0,41142785540";"2,09131592840000";NA
"rooted_ml";"start_end_dist";"BM";"21,9046172254946185";"-39,809234450989237";"-38,609234450989234";TRUE;"0,0000000000000000";"0,73886248347462202";"BM";NA;"<LOCAL_TREE_SOURCE>/curc_fig1_rooted.tre";"existing_file";"Imported from phylogeny workflow outputs.";"14";TRUE;FALSE;"0,41142785540";"2,09131592840000";NA
"rooted_ml";"start_end_dist";"OU";"21,9048604823287612";"-37,809720964657522";"-35,143054297990858";TRUE;"3,4661801529983762";"0,13058465875528003";"BM";NA;"<LOCAL_TREE_SOURCE>/curc_fig1_rooted.tre";"existing_file";"Imported from phylogeny workflow outputs.";"14";TRUE;FALSE;"0,41142785540";"2,09131592840000";NA
"rooted_ml";"start_end_dist";"EB";"21,9046169249436531";"-37,809233849887306";"-35,142567183220642";TRUE;"3,4666672677685924";"0,13055285777009795";"BM";NA;"<LOCAL_TREE_SOURCE>/curc_fig1_rooted.tre";"existing_file";"Imported from phylogeny workflow outputs.";"14";TRUE;FALSE;"0,41142785540";"2,09131592840000";NA
"rooted_ml";"axial_span";"BM";"19,7913919082325620";"-35,582783816465124";"-34,382783816465121";TRUE;"0,0000000000000000";"0,68620888920801171";"BM";NA;"<LOCAL_TREE_SOURCE>/curc_fig1_rooted.tre";"existing_file";"Imported from phylogeny workflow outputs.";"14";TRUE;FALSE;"0,41142785540";"2,09131592840000";NA
"rooted_ml";"axial_span";"OU";"20,1280072592478056";"-34,256014518495611";"-31,589347851828947";TRUE;"2,7934359646361742";"0,16977331435906823";"BM";NA;"<LOCAL_TREE_SOURCE>/curc_fig1_rooted.tre";"existing_file";"Imported from phylogeny workflow outputs.";"14";TRUE;FALSE;"0,41142785540";"2,09131592840000";NA
"rooted_ml";"axial_span";"EB";"19,9634800352525872";"-33,926960070505174";"-31,260293403838510";TRUE;"3,1224904126266111";"0,14401779643291995";"BM";NA;"<LOCAL_TREE_SOURCE>/curc_fig1_rooted.tre";"existing_file";"Imported from phylogeny workflow outputs.";"14";TRUE;FALSE;"0,41142785540";"2,09131592840000";NA
"rooted_ml";"fit_radius";"BM";"6,8112046407817139";"-9,622409281563428";"-8,422409281563429";TRUE;"0,0000000000000000";"0,65485412757226069";"BM";NA;"<LOCAL_TREE_SOURCE>/curc_fig1_rooted.tre";"existing_file";"Imported from phylogeny workflow outputs.";"14";TRUE;FALSE;"0,41142785540";"2,09131592840000";NA
"rooted_ml";"fit_radius";"OU";"7,3956791021268167";"-8,791358204253633";"-6,124691537586967";TRUE;"2,2977177439764613";"0,20758764433873991";"BM";NA;"<LOCAL_TREE_SOURCE>/curc_fig1_rooted.tre";"existing_file";"Imported from phylogeny workflow outputs.";"14";TRUE;FALSE;"0,41142785540";"2,09131592840000";NA
"rooted_ml";"fit_radius";"EB";"6,9841727737554553";"-7,968345547510911";"-5,301678880844245";TRUE;"3,1207304007191841";"0,13755822808899948";"BM";NA;"<LOCAL_TREE_SOURCE>/curc_fig1_rooted.tre";"existing_file";"Imported from phylogeny workflow outputs.";"14";TRUE;FALSE;"0,41142785540";"2,09131592840000";NA
"rooted_ml";"centroid_size";"BM";"-74,2950826819009933";"152,590165363801987";"153,681074454711080";TRUE;"0,0000000000000000";"0,64280252717422481";"BM";NA;"<LOCAL_TREE_SOURCE>/curc_fig1_rooted.tre";"existing_file";"Imported from phylogeny workflow outputs.";"14";TRUE;FALSE;"0,41142785540";"2,09131592840000";NA
"rooted_ml";"centroid_size";"OU";"-74,2753572120494141";"154,550714424098828";"156,950714424098834";TRUE;"3,2696399693877538";"0,12533843775625783";"BM";NA;"<LOCAL_TREE_SOURCE>/curc_fig1_rooted.tre";"existing_file";"Imported from phylogeny workflow outputs.";"14";TRUE;FALSE;"0,41142785540";"2,09131592840000";NA
"rooted_ml";"centroid_size";"EB";"-73,6602452131814260";"153,320490426362852";"155,720490426362858";TRUE;"2,0394159716517777";"0,23185903506951730";"BM";NA;"<LOCAL_TREE_SOURCE>/curc_fig1_rooted.tre";"existing_file";"Imported from phylogeny workflow outputs.";"14";TRUE;FALSE;"0,41142785540";"2,09131592840000";NA
"ultrametric";"PC1";"BM";"12,4184241690007315";"-20,836848338001463";"-19,745939247092373";TRUE;"0,0359141169146255";"0,45263122833082597";"EB";NA;"<LOCAL_TREE_SOURCE>/curc_fig1_ultrametric.tre";"existing_file";"Imported from phylogeny workflow outputs.";"14";TRUE;FALSE;"1,49720520480";"10,43444573521000";NA
"ultrametric";"PC1";"OU";"12,4184547452996696";"-18,836909490599339";"-16,436909490599341";TRUE;"3,3449438734076580";"0,08653620231122884";"EB";NA;"<LOCAL_TREE_SOURCE>/curc_fig1_ultrametric.tre";"existing_file";"Imported from phylogeny workflow outputs.";"14";TRUE;FALSE;"1,49720520480";"10,43444573521000";NA
"ultrametric";"PC1";"EB";"14,0909266820034986";"-22,181853364006997";"-19,781853364006999";TRUE;"0,0000000000000000";"0,46083256935794520";"EB";NA;"<LOCAL_TREE_SOURCE>/curc_fig1_ultrametric.tre";"existing_file";"Imported from phylogeny workflow outputs.";"14";TRUE;FALSE;"1,49720520480";"10,43444573521000";NA
"ultrametric";"PC2";"BM";"14,1489890550389799";"-24,297978110077960";"-23,207069019168870";TRUE;"9,1745851830804170";"0,01005840698858883";"EB";NA;"<LOCAL_TREE_SOURCE>/curc_fig1_ultrametric.tre";"existing_file";"Imported from phylogeny workflow outputs.";"14";TRUE;FALSE;"1,49720520480";"10,43444573521000";NA
"ultrametric";"PC2";"OU";"14,1490757649913128";"-22,298151529982626";"-19,898151529982627";TRUE;"12,4835026722666598";"0,00192312228726207";"EB";NA;"<LOCAL_TREE_SOURCE>/curc_fig1_ultrametric.tre";"existing_file";"Imported from phylogeny workflow outputs.";"14";TRUE;FALSE;"1,49720520480";"10,43444573521000";NA
"ultrametric";"PC2";"EB";"20,3908271011246427";"-34,781654202249285";"-32,381654202249287";TRUE;"0,0000000000000000";"0,98801847072414906";"EB";NA;"<LOCAL_TREE_SOURCE>/curc_fig1_ultrametric.tre";"existing_file";"Imported from phylogeny workflow outputs.";"14";TRUE;FALSE;"1,49720520480";"10,43444573521000";NA
"ultrametric";"PC3";"BM";"15,5670733414008264";"-27,134146682801653";"-26,043237591892563";TRUE;"0,0000000000000000";"0,62288554026934440";"BM";NA;"<LOCAL_TREE_SOURCE>/curc_fig1_ultrametric.tre";"existing_file";"Imported from phylogeny workflow outputs.";"14";TRUE;FALSE;"1,49720520480";"10,43444573521000";NA
"ultrametric";"PC3";"OU";"16,2500438059839070";"-26,500087611967814";"-24,100087611967815";TRUE;"1,9431499799247476";"0,23575374066268795";"BM";NA;"<LOCAL_TREE_SOURCE>/curc_fig1_ultrametric.tre";"existing_file";"Imported from phylogeny workflow outputs.";"14";TRUE;FALSE;"1,49720520480";"10,43444573521000";NA
"ultrametric";"PC3";"EB";"15,7385709323060397";"-25,477141864612079";"-23,077141864612081";TRUE;"2,9660957272804822";"0,14136071906796768";"BM";NA;"<LOCAL_TREE_SOURCE>/curc_fig1_ultrametric.tre";"existing_file";"Imported from phylogeny workflow outputs.";"14";TRUE;FALSE;"1,49720520480";"10,43444573521000";NA
"ultrametric";"PC4";"BM";"17,8870457398114837";"-31,774091479622967";"-30,683182388713877";TRUE;"0,0000000000000000";"0,59305620004228021";"BM";NA;"<LOCAL_TREE_SOURCE>/curc_fig1_ultrametric.tre";"existing_file";"Imported from phylogeny workflow outputs.";"14";TRUE;FALSE;"1,49720520480";"10,43444573521000";NA
"ultrametric";"PC4";"OU";"18,6955684936922637";"-31,391136987384527";"-28,991136987384529";TRUE;"1,6920454013293487";"0,25449125305330927";"BM";NA;"<LOCAL_TREE_SOURCE>/curc_fig1_ultrametric.tre";"existing_file";"Imported from phylogeny workflow outputs.";"14";TRUE;FALSE;"1,49720520480";"10,43444573521000";NA
"ultrametric";"PC4";"EB";"18,1831554072192993";"-30,366310814438599";"-27,966310814438600";TRUE;"2,7168715742752774";"0,15245254690441049";"BM";NA;"<LOCAL_TREE_SOURCE>/curc_fig1_ultrametric.tre";"existing_file";"Imported from phylogeny workflow outputs.";"14";TRUE;FALSE;"1,49720520480";"10,43444573521000";NA
"ultrametric";"PC5";"BM";"24,8571350309735131";"-45,714270061947026";"-44,623360971037933";TRUE;"0,0000000000000000";"0,68377757834439901";"BM";NA;"<LOCAL_TREE_SOURCE>/curc_fig1_ultrametric.tre";"existing_file";"Imported from phylogeny workflow outputs.";"14";TRUE;FALSE;"1,49720520480";"10,43444573521000";NA
"ultrametric";"PC5";"OU";"25,0272662642852346";"-44,054532528570469";"-41,654532528570471";TRUE;"2,9688284424674620";"0,15496797236234203";"BM";NA;"<LOCAL_TREE_SOURCE>/curc_fig1_ultrametric.tre";"existing_file";"Imported from phylogeny workflow outputs.";"14";TRUE;FALSE;"1,49720520480";"10,43444573521000";NA
"ultrametric";"PC5";"EB";"25,0670313464488146";"-44,134062692897629";"-41,734062692897631";TRUE;"2,8892982781403020";"0,16125444929325886";"BM";NA;"<LOCAL_TREE_SOURCE>/curc_fig1_ultrametric.tre";"existing_file";"Imported from phylogeny workflow outputs.";"14";TRUE;FALSE;"1,49720520480";"10,43444573521000";NA
"ultrametric";"abs_winding_angle_deg";"BM";"-79,1188929386796644";"162,237785877359329";"163,437785877359318";TRUE;"5,3944241917900229";"0,06244145848231054";"EB";NA;"<LOCAL_TREE_SOURCE>/curc_fig1_ultrametric.tre";"existing_file";"Imported from phylogeny workflow outputs.";"14";TRUE;FALSE;"1,49720520480";"10,43444573521000";NA
"ultrametric";"abs_winding_angle_deg";"OU";"-79,1188929292069361";"164,237785858413872";"166,904452525080529";TRUE;"8,8610908395112347";"0,01103305900327857";"EB";NA;"<LOCAL_TREE_SOURCE>/curc_fig1_ultrametric.tre";"existing_file";"Imported from phylogeny workflow outputs.";"14";TRUE;FALSE;"1,49720520480";"10,43444573521000";NA
"ultrametric";"abs_winding_angle_deg";"EB";"-74,6883475094513187";"155,376695018902637";"158,043361685569295";TRUE;"0,0000000000000000";"0,92652548251441091";"EB";NA;"<LOCAL_TREE_SOURCE>/curc_fig1_ultrametric.tre";"existing_file";"Imported from phylogeny workflow outputs.";"14";TRUE;FALSE;"1,49720520480";"10,43444573521000";NA
"ultrametric";"n_turns_abs";"BM";"-2,5995463954129576";"9,199092790825915";"10,399092790825915";TRUE;"5,3944447382900176";"0,06244085379679177";"EB";NA;"<LOCAL_TREE_SOURCE>/curc_fig1_ultrametric.tre";"existing_file";"Imported from phylogeny workflow outputs.";"14";TRUE;FALSE;"1,49720520480";"10,43444573521000";NA
"ultrametric";"n_turns_abs";"OU";"-2,5995313715432360";"11,199062743086472";"13,865729409753138";TRUE;"8,8610813572172411";"0,01103311781307229";"EB";NA;"<LOCAL_TREE_SOURCE>/curc_fig1_ultrametric.tre";"existing_file";"Imported from phylogeny workflow outputs.";"14";TRUE;FALSE;"1,49720520480";"10,43444573521000";NA
"ultrametric";"n_turns_abs";"EB";"1,8310093070653848";"2,337981385869230";"5,004648052535897";TRUE;"0,0000000000000000";"0,92652602839013587";"EB";NA;"<LOCAL_TREE_SOURCE>/curc_fig1_ultrametric.tre";"existing_file";"Imported from phylogeny workflow outputs.";"14";TRUE;FALSE;"1,49720520480";"10,43444573521000";NA
"ultrametric";"start_end_dist";"BM";"20,8291022188777291";"-37,658204437755458";"-36,458204437755455";TRUE;"0,0000000000000000";"0,66151427581478983";"BM";NA;"<LOCAL_TREE_SOURCE>/curc_fig1_ultrametric.tre";"existing_file";"Imported from phylogeny workflow outputs.";"14";TRUE;FALSE;"1,49720520480";"10,43444573521000";NA
"ultrametric";"start_end_dist";"OU";"21,4687775463574759";"-36,937555092714952";"-34,270888426048288";TRUE;"2,1873160117071677";"0,22159991215116726";"BM";NA;"<LOCAL_TREE_SOURCE>/curc_fig1_ultrametric.tre";"existing_file";"Imported from phylogeny workflow outputs.";"14";TRUE;FALSE;"1,49720520480";"10,43444573521000";NA
"ultrametric";"start_end_dist";"EB";"20,8291014806264840";"-35,658202961252968";"-32,991536294586304";TRUE;"3,4666681431691515";"0,11688581203404295";"BM";NA;"<LOCAL_TREE_SOURCE>/curc_fig1_ultrametric.tre";"existing_file";"Imported from phylogeny workflow outputs.";"14";TRUE;FALSE;"1,49720520480";"10,43444573521000";NA
"ultrametric";"axial_span";"BM";"19,1194657194880442";"-34,238931438976088";"-33,038931438976086";TRUE;"0,0000000000000000";"0,53653747938492413";"BM";NA;"<LOCAL_TREE_SOURCE>/curc_fig1_ultrametric.tre";"existing_file";"Imported from phylogeny workflow outputs.";"14";TRUE;FALSE;"1,49720520480";"10,43444573521000";NA
"ultrametric";"axial_span";"OU";"20,2842311450863271";"-34,568462290172654";"-31,901795623505990";TRUE;"1,1371358154700957";"0,30386043814778707";"BM";NA;"<LOCAL_TREE_SOURCE>/curc_fig1_ultrametric.tre";"existing_file";"Imported from phylogeny workflow outputs.";"14";TRUE;FALSE;"1,49720520480";"10,43444573521000";NA
"ultrametric";"axial_span";"EB";"19,6403463671033194";"-33,280692734206639";"-30,614026067539974";TRUE;"2,4249053714361111";"0,15960208246728874";"BM";NA;"<LOCAL_TREE_SOURCE>/curc_fig1_ultrametric.tre";"existing_file";"Imported from phylogeny workflow outputs.";"14";TRUE;FALSE;"1,49720520480";"10,43444573521000";NA
"ultrametric";"fit_radius";"BM";"7,1693312470603603";"-10,338662494120721";"-9,138662494120720";TRUE;"0,0000000000000000";"0,59823543177146077";"BM";NA;"<LOCAL_TREE_SOURCE>/curc_fig1_ultrametric.tre";"existing_file";"Imported from phylogeny workflow outputs.";"14";TRUE;FALSE;"1,49720520480";"10,43444573521000";NA
"ultrametric";"fit_radius";"OU";"8,1501740388775445";"-10,300348077755089";"-7,633681411088423";TRUE;"1,5049810830322965";"0,28188349113675842";"BM";NA;"<LOCAL_TREE_SOURCE>/curc_fig1_ultrametric.tre";"existing_file";"Imported from phylogeny workflow outputs.";"14";TRUE;FALSE;"1,49720520480";"10,43444573521000";NA
"ultrametric";"fit_radius";"EB";"7,2951804324652327";"-8,590360864930465";"-5,923694198263799";TRUE;"3,2149682958569201";"0,11988107709178086";"BM";NA;"<LOCAL_TREE_SOURCE>/curc_fig1_ultrametric.tre";"existing_file";"Imported from phylogeny workflow outputs.";"14";TRUE;FALSE;"1,49720520480";"10,43444573521000";NA
"ultrametric";"centroid_size";"BM";"-74,2549851127213145";"152,509970225442629";"153,600879316351723";TRUE;"0,0000000000000000";"0,59913269590164209";"BM";NA;"<LOCAL_TREE_SOURCE>/curc_fig1_ultrametric.tre";"existing_file";"Imported from phylogeny workflow outputs.";"14";TRUE;FALSE;"1,49720520480";"10,43444573521000";NA
"ultrametric";"centroid_size";"OU";"-74,2549849358167933";"154,509969871633587";"156,909969871633592";TRUE;"3,3090905552818697";"0,11454157127347790";"BM";NA;"<LOCAL_TREE_SOURCE>/curc_fig1_ultrametric.tre";"existing_file";"Imported from phylogeny workflow outputs.";"14";TRUE;FALSE;"1,49720520480";"10,43444573521000";NA
"ultrametric";"centroid_size";"EB";"-73,3387926721116941";"152,677585344223388";"155,077585344223394";TRUE;"1,4767060278716713";"0,28632573282488000";"BM";NA;"<LOCAL_TREE_SOURCE>/curc_fig1_ultrametric.tre";"existing_file";"Imported from phylogeny workflow outputs.";"14";TRUE;FALSE;"1,49720520480";"10,43444573521000";NA
"grafen";"PC1";"BM";"18,1921397489989758";"-32,384279497997952";"-31,293370407088862";TRUE;"0,0000000000000000";"0,60369598937260416";"BM";NA;"<LOCAL_TREE_SOURCE>/curc_fig1_grafen.tre";"existing_file";"Imported from phylogeny workflow outputs.";"14";TRUE;FALSE;"1,92307692298";"4,53846153818000";NA
"grafen";"PC1";"OU";"18,1932111612137319";"-30,386422322427464";"-27,986422322427465";TRUE;"3,3069480846613963";"0,11553767878834563";"BM";NA;"<LOCAL_TREE_SOURCE>/curc_fig1_grafen.tre";"existing_file";"Imported from phylogeny workflow outputs.";"14";TRUE;FALSE;"1,92307692298";"4,53846153818000";NA
"grafen";"PC1";"EB";"19,0811372252802975";"-32,162274450560595";"-29,762274450560597";TRUE;"1,5310959565282651";"0,28076633183905025";"BM";NA;"<LOCAL_TREE_SOURCE>/curc_fig1_grafen.tre";"existing_file";"Imported from phylogeny workflow outputs.";"14";TRUE;FALSE;"1,92307692298";"4,53846153818000";NA
"grafen";"PC2";"BM";"16,2759206933877323";"-28,551841386775465";"-27,460932295866375";TRUE;"5,5708117103534498";"0,05747922017091421";"EB";NA;"<LOCAL_TREE_SOURCE>/curc_fig1_grafen.tre";"existing_file";"Imported from phylogeny workflow outputs.";"14";TRUE;FALSE;"1,92307692298";"4,53846153818000";NA
"grafen";"PC2";"OU";"16,2760185439259928";"-26,552037087851986";"-24,152037087851987";TRUE;"8,8797069183678374";"0,01098989143837258";"EB";NA;"<LOCAL_TREE_SOURCE>/curc_fig1_grafen.tre";"existing_file";"Imported from phylogeny workflow outputs.";"14";TRUE;FALSE;"1,92307692298";"4,53846153818000";NA
"grafen";"PC2";"EB";"20,7158720031099115";"-35,431744006219823";"-33,031744006219824";TRUE;"0,0000000000000000";"0,93153088839071307";"EB";NA;"<LOCAL_TREE_SOURCE>/curc_fig1_grafen.tre";"existing_file";"Imported from phylogeny workflow outputs.";"14";TRUE;FALSE;"1,92307692298";"4,53846153818000";NA
"grafen";"PC3";"BM";"12,0744157965156820";"-20,148831593031364";"-19,057922502122274";TRUE;"1,1753708158815428";"0,33433675801706647";"OU";NA;"<LOCAL_TREE_SOURCE>/curc_fig1_grafen.tre";"existing_file";"Imported from phylogeny workflow outputs.";"14";TRUE;FALSE;"1,92307692298";"4,53846153818000";NA
"grafen";"PC3";"OU";"14,3166466590019077";"-22,633293318003815";"-20,233293318003817";TRUE;"0,0000000000000000";"0,60174523045223594";"OU";NA;"<LOCAL_TREE_SOURCE>/curc_fig1_grafen.tre";"existing_file";"Imported from phylogeny workflow outputs.";"14";TRUE;FALSE;"1,92307692298";"4,53846153818000";NA
"grafen";"PC3";"EB";"12,0744137007539205";"-18,148827401507841";"-15,748827401507842";TRUE;"4,4844659164959744";"0,06391801153069752";"OU";NA;"<LOCAL_TREE_SOURCE>/curc_fig1_grafen.tre";"existing_file";"Imported from phylogeny workflow outputs.";"14";TRUE;FALSE;"1,92307692298";"4,53846153818000";NA
"grafen";"PC4";"BM";"17,3235610121461434";"-30,647122024292287";"-29,556212933383197";TRUE;"0,0000000000000000";"0,45529881346693990";"BM";NA;"<LOCAL_TREE_SOURCE>/curc_fig1_grafen.tre";"existing_file";"Imported from phylogeny workflow outputs.";"14";TRUE;FALSE;"1,92307692298";"4,53846153818000";NA
"grafen";"PC4";"OU";"18,9319776770612194";"-31,863955354122439";"-29,463955354122440";TRUE;"0,0922575792607567";"0,43477347427562180";"BM";NA;"<LOCAL_TREE_SOURCE>/curc_fig1_grafen.tre";"existing_file";"Imported from phylogeny workflow outputs.";"14";TRUE;FALSE;"1,92307692298";"4,53846153818000";NA
"grafen";"PC4";"EB";"17,5569755188722212";"-29,113951037744442";"-26,713951037744444";TRUE;"2,8422618956387531";"0,10992771225743835";"BM";NA;"<LOCAL_TREE_SOURCE>/curc_fig1_grafen.tre";"existing_file";"Imported from phylogeny workflow outputs.";"14";TRUE;FALSE;"1,92307692298";"4,53846153818000";NA
"grafen";"PC5";"BM";"20,8610099981279262";"-37,722019996255852";"-36,631110905346759";TRUE;"1,9077804017056792";"0,26137220287639540";"OU";NA;"<LOCAL_TREE_SOURCE>/curc_fig1_grafen.tre";"existing_file";"Imported from phylogeny workflow outputs.";"14";TRUE;FALSE;"1,92307692298";"4,53846153818000";NA
"grafen";"PC5";"OU";"23,4694456535262184";"-40,938891307052437";"-38,538891307052438";TRUE;"0,0000000000000000";"0,67846687487577051";"OU";NA;"<LOCAL_TREE_SOURCE>/curc_fig1_grafen.tre";"existing_file";"Imported from phylogeny workflow outputs.";"14";TRUE;FALSE;"1,92307692298";"4,53846153818000";NA
"grafen";"PC5";"EB";"21,0466330059962345";"-36,093266011992469";"-33,693266011992471";TRUE;"4,8456252950599676";"0,06016092224783411";"OU";NA;"<LOCAL_TREE_SOURCE>/curc_fig1_grafen.tre";"existing_file";"Imported from phylogeny workflow outputs.";"14";TRUE;FALSE;"1,92307692298";"4,53846153818000";NA
"grafen";"abs_winding_angle_deg";"BM";"-79,3877272883782155";"162,775454576756431";"163,975454576756420";TRUE;"4,4144508046143471";"0,09371277815798261";"EB";NA;"<LOCAL_TREE_SOURCE>/curc_fig1_grafen.tre";"existing_file";"Imported from phylogeny workflow outputs.";"14";TRUE;FALSE;"1,92307692298";"4,53846153818000";NA
"grafen";"abs_winding_angle_deg";"OU";"-78,1983552787792888";"162,396710557558578";"165,063377224225235";TRUE;"5,5023734520831624";"0,05439505392848545";"EB";NA;"<LOCAL_TREE_SOURCE>/curc_fig1_grafen.tre";"existing_file";"Imported from phylogeny workflow outputs.";"14";TRUE;FALSE;"1,92307692298";"4,53846153818000";NA
"grafen";"abs_winding_angle_deg";"EB";"-75,4471685527377076";"156,894337105475415";"159,561003772142072";TRUE;"0,0000000000000000";"0,85189216791353184";"EB";NA;"<LOCAL_TREE_SOURCE>/curc_fig1_grafen.tre";"existing_file";"Imported from phylogeny workflow outputs.";"14";TRUE;FALSE;"1,92307692298";"4,53846153818000";NA
"grafen";"n_turns_abs";"BM";"-2,8683816192623044";"9,736763238524610";"10,936763238524609";TRUE;"4,4144762501640535";"0,09371175963474115";"EB";NA;"<LOCAL_TREE_SOURCE>/curc_fig1_grafen.tre";"existing_file";"Imported from phylogeny workflow outputs.";"14";TRUE;FALSE;"1,92307692298";"4,53846153818000";NA
"grafen";"n_turns_abs";"OU";"-1,6790090548334096";"9,358018109666819";"12,024684776333485";TRUE;"5,5023977879729298";"0,05439449291209669";"EB";NA;"<LOCAL_TREE_SOURCE>/curc_fig1_grafen.tre";"existing_file";"Imported from phylogeny workflow outputs.";"14";TRUE;FALSE;"1,92307692298";"4,53846153818000";NA
"grafen";"n_turns_abs";"EB";"1,0721898391530551";"3,855620321693890";"6,522286988360555";TRUE;"0,0000000000000000";"0,85189374745316215";"EB";NA;"<LOCAL_TREE_SOURCE>/curc_fig1_grafen.tre";"existing_file";"Imported from phylogeny workflow outputs.";"14";TRUE;FALSE;"1,92307692298";"4,53846153818000";NA
"grafen";"start_end_dist";"BM";"16,7907027757117184";"-29,581405551423437";"-28,381405551423438";TRUE;"2,8171182033021047";"0,18987035252702908";"OU";NA;"<LOCAL_TREE_SOURCE>/curc_fig1_grafen.tre";"existing_file";"Imported from phylogeny workflow outputs.";"14";TRUE;FALSE;"1,92307692298";"4,53846153818000";NA
"grafen";"start_end_dist";"OU";"19,9325952106961033";"-33,865190421392207";"-31,198523754725542";TRUE;"0,0000000000000000";"0,77658071608321355";"OU";NA;"<LOCAL_TREE_SOURCE>/curc_fig1_grafen.tre";"existing_file";"Imported from phylogeny workflow outputs.";"14";TRUE;FALSE;"1,92307692298";"4,53846153818000";NA
"grafen";"start_end_dist";"EB";"16,7906996365521053";"-27,581399273104211";"-24,914732606437546";TRUE;"6,2837911482879960";"0,03354893138975729";"OU";NA;"<LOCAL_TREE_SOURCE>/curc_fig1_grafen.tre";"existing_file";"Imported from phylogeny workflow outputs.";"14";TRUE;FALSE;"1,92307692298";"4,53846153818000";NA
"grafen";"axial_span";"BM";"15,0360967797637883";"-26,072193559527577";"-24,872193559527577";TRUE;"2,8964964489584411";"0,18343988781219395";"OU";NA;"<LOCAL_TREE_SOURCE>/curc_fig1_grafen.tre";"existing_file";"Imported from phylogeny workflow outputs.";"14";TRUE;FALSE;"1,92307692298";"4,53846153818000";NA
"grafen";"axial_span";"OU";"18,2176783375763414";"-30,435356675152683";"-27,768690008486018";TRUE;"0,0000000000000000";"0,78065651491326049";"OU";NA;"<LOCAL_TREE_SOURCE>/curc_fig1_grafen.tre";"existing_file";"Imported from phylogeny workflow outputs.";"14";TRUE;FALSE;"1,92307692298";"4,53846153818000";NA
"grafen";"axial_span";"EB";"15,1383805792331838";"-24,276761158466368";"-21,610094491799700";TRUE;"6,1585955166863187";"0,03590359727454545";"OU";NA;"<LOCAL_TREE_SOURCE>/curc_fig1_grafen.tre";"existing_file";"Imported from phylogeny workflow outputs.";"14";TRUE;FALSE;"1,92307692298";"4,53846153818000";NA
"grafen";"fit_radius";"BM";"1,2981678555741543";"1,403664288851691";"2,603664288851692";TRUE;"8,8330418289300248";"0,01102955161079866";"EB";NA;"<LOCAL_TREE_SOURCE>/curc_fig1_grafen.tre";"existing_file";"Imported from phylogeny workflow outputs.";"14";TRUE;FALSE;"1,92307692298";"4,53846153818000";NA
"grafen";"fit_radius";"OU";"4,9568920342870904";"-3,913784068574181";"-1,247117401907515";TRUE;"4,9822601381708189";"0,07563877329875410";"EB";NA;"<LOCAL_TREE_SOURCE>/curc_fig1_grafen.tre";"existing_file";"Imported from phylogeny workflow outputs.";"14";TRUE;FALSE;"1,92307692298";"4,53846153818000";NA
"grafen";"fit_radius";"EB";"7,4480221033724998";"-8,896044206745000";"-6,229377540078334";TRUE;"0,0000000000000000";"0,91333167509044733";"EB";NA;"<LOCAL_TREE_SOURCE>/curc_fig1_grafen.tre";"existing_file";"Imported from phylogeny workflow outputs.";"14";TRUE;FALSE;"1,92307692298";"4,53846153818000";NA
"grafen";"centroid_size";"BM";"-74,5364378874184297";"153,072875774836859";"154,163784865745953";TRUE;"0,0000000000000000";"0,65642516626206215";"BM";NA;"<LOCAL_TREE_SOURCE>/curc_fig1_grafen.tre";"existing_file";"Imported from phylogeny workflow outputs.";"14";TRUE;FALSE;"1,92307692298";"4,53846153818000";NA
"grafen";"centroid_size";"OU";"-74,4654316352991117";"154,930863270598223";"157,330863270598229";TRUE;"3,1670784048522762";"0,13472955810161780";"BM";NA;"<LOCAL_TREE_SOURCE>/curc_fig1_grafen.tre";"existing_file";"Imported from phylogeny workflow outputs.";"14";TRUE;FALSE;"1,92307692298";"4,53846153818000";NA
"grafen";"centroid_size";"EB";"-74,0271074613390141";"154,054214922678028";"156,454214922678034";TRUE;"2,2904300569320810";"0,20884527563631999";"BM";NA;"<LOCAL_TREE_SOURCE>/curc_fig1_grafen.tre";"existing_file";"Imported from phylogeny workflow outputs.";"14";TRUE;FALSE;"1,92307692298";"4,53846153818000";NA
"with_caridae_calibrated";"PC1";"BM";"14,8471036679323234";"-25,694207335864647";"-24,694207335864647";TRUE;"1,6525432422090347";"0,28665413388670297";"EB";NA;"<LOCAL_TREE_SOURCE>/curc_fig1_withCaridae_calibrated.tre";"existing_file";"Imported from phylogeny workflow outputs.";"15";TRUE;TRUE;"190,36440163600";"1948,52462195399994";"0"
"with_caridae_calibrated";"PC1";"OU";"14,8471036679323287";"-23,694207335864657";"-21,512389154046474";TRUE;"4,8343614240272075";"0,05840300183017319";"EB";NA;"<LOCAL_TREE_SOURCE>/curc_fig1_withCaridae_calibrated.tre";"existing_file";"Imported from phylogeny workflow outputs.";"15";TRUE;TRUE;"190,36440163600";"1948,52462195399994";"0"
"with_caridae_calibrated";"PC1";"EB";"17,2642843799459307";"-28,528568759891861";"-26,346750578073681";TRUE;"0,0000000000000000";"0,65494286428312387";"EB";NA;"<LOCAL_TREE_SOURCE>/curc_fig1_withCaridae_calibrated.tre";"existing_file";"Imported from phylogeny workflow outputs.";"15";TRUE;TRUE;"190,36440163600";"1948,52462195399994";"0"
"with_caridae_calibrated";"PC2";"BM";"15,5792147618124126";"-27,158429523624825";"-26,158429523624825";TRUE;"3,2034210784858956";"0,16219936262806389";"EB";NA;"<LOCAL_TREE_SOURCE>/curc_fig1_withCaridae_calibrated.tre";"existing_file";"Imported from phylogeny workflow outputs.";"15";TRUE;TRUE;"190,36440163600";"1948,52462195399994";"0"
"with_caridae_calibrated";"PC2";"OU";"15,5792147618124144";"-25,158429523624829";"-22,976611341806645";TRUE;"6,3852392603040755";"0,03304654827048049";"EB";NA;"<LOCAL_TREE_SOURCE>/curc_fig1_withCaridae_calibrated.tre";"existing_file";"Imported from phylogeny workflow outputs.";"15";TRUE;TRUE;"190,36440163600";"1948,52462195399994";"0"
"with_caridae_calibrated";"PC2";"EB";"18,7718343919644504";"-31,543668783928901";"-29,361850602110721";TRUE;"0,0000000000000000";"0,80475408910145574";"EB";NA;"<LOCAL_TREE_SOURCE>/curc_fig1_withCaridae_calibrated.tre";"existing_file";"Imported from phylogeny workflow outputs.";"15";TRUE;TRUE;"190,36440163600";"1948,52462195399994";"0"
"with_caridae_calibrated";"PC3";"BM";"16,3201498430824010";"-28,640299686164802";"-27,640299686164802";TRUE;"0,0000000000000000";"0,55843094872903931";"BM";NA;"<LOCAL_TREE_SOURCE>/curc_fig1_withCaridae_calibrated.tre";"existing_file";"Imported from phylogeny workflow outputs.";"15";TRUE;TRUE;"190,36440163600";"1948,52462195399994";"0"
"with_caridae_calibrated";"PC3";"OU";"17,3783466679635410";"-28,756693335927082";"-26,574875154108902";TRUE;"1,0654245320558999";"0,32780493064613275";"BM";NA;"<LOCAL_TREE_SOURCE>/curc_fig1_withCaridae_calibrated.tre";"existing_file";"Imported from phylogeny workflow outputs.";"15";TRUE;TRUE;"190,36440163600";"1948,52462195399994";"0"
"with_caridae_calibrated";"PC3";"EB";"16,3200551476252684";"-26,640110295250537";"-24,458292113432357";TRUE;"3,1820075727324451";"0,11376412062482791";"BM";NA;"<LOCAL_TREE_SOURCE>/curc_fig1_withCaridae_calibrated.tre";"existing_file";"Imported from phylogeny workflow outputs.";"15";TRUE;TRUE;"190,36440163600";"1948,52462195399994";"0"
"with_caridae_calibrated";"PC4";"BM";"20,8569576376915080";"-37,713915275383016";"-36,713915275383016";TRUE;"0,0000000000000000";"0,68392197684535017";"BM";NA;"<LOCAL_TREE_SOURCE>/curc_fig1_withCaridae_calibrated.tre";"existing_file";"Imported from phylogeny workflow outputs.";"15";TRUE;TRUE;"190,36440163600";"1948,52462195399994";"0"
"with_caridae_calibrated";"PC4";"OU";"21,0947152650634884";"-36,189430530126977";"-34,007612348308797";TRUE;"2,7063029270742192";"0,17674223622577737";"BM";NA;"<LOCAL_TREE_SOURCE>/curc_fig1_withCaridae_calibrated.tre";"existing_file";"Imported from phylogeny workflow outputs.";"15";TRUE;TRUE;"190,36440163600";"1948,52462195399994";"0"
"with_caridae_calibrated";"PC4";"EB";"20,8569096396629128";"-35,713819279325826";"-33,532001097507646";TRUE;"3,1819141778753703";"0,13933578692887244";"BM";NA;"<LOCAL_TREE_SOURCE>/curc_fig1_withCaridae_calibrated.tre";"existing_file";"Imported from phylogeny workflow outputs.";"15";TRUE;TRUE;"190,36440163600";"1948,52462195399994";"0"
"with_caridae_calibrated";"PC5";"BM";"26,6113200773066367";"-49,222640154613273";"-48,222640154613273";TRUE;"0,0000000000000000";"0,62023793894110690";"BM";NA;"<LOCAL_TREE_SOURCE>/curc_fig1_withCaridae_calibrated.tre";"existing_file";"Imported from phylogeny workflow outputs.";"15";TRUE;TRUE;"190,36440163600";"1948,52462195399994";"0"
"with_caridae_calibrated";"PC5";"OU";"27,3071268471306041";"-48,614253694261208";"-46,432435512443028";TRUE;"1,7902046421702451";"0,25340800450808887";"BM";NA;"<LOCAL_TREE_SOURCE>/curc_fig1_withCaridae_calibrated.tre";"existing_file";"Imported from phylogeny workflow outputs.";"15";TRUE;TRUE;"190,36440163600";"1948,52462195399994";"0"
"with_caridae_calibrated";"PC5";"EB";"26,6112139302968345";"-47,222427860593669";"-45,040609678775489";TRUE;"3,1820304758377844";"0,12635405655080423";"BM";NA;"<LOCAL_TREE_SOURCE>/curc_fig1_withCaridae_calibrated.tre";"existing_file";"Imported from phylogeny workflow outputs.";"15";TRUE;TRUE;"190,36440163600";"1948,52462195399994";"0"
"with_caridae_calibrated";"abs_winding_angle_deg";"BM";"-81,7704650725627289";"167,540930145125458";"168,631839236034551";TRUE;"0,6747042286655471";"0,38574125855221808";"EB";NA;"<LOCAL_TREE_SOURCE>/curc_fig1_withCaridae_calibrated.tre";"existing_file";"Imported from phylogeny workflow outputs.";"15";TRUE;TRUE;"190,36440163600";"1948,52462195399994";"0"
"with_caridae_calibrated";"abs_winding_angle_deg";"OU";"-81,7704650725627289";"169,540930145125458";"171,940930145125463";TRUE;"3,9837951377564593";"0,07374560317868070";"EB";NA;"<LOCAL_TREE_SOURCE>/curc_fig1_withCaridae_calibrated.tre";"existing_file";"Imported from phylogeny workflow outputs.";"15";TRUE;TRUE;"190,36440163600";"1948,52462195399994";"0"
"with_caridae_calibrated";"abs_winding_angle_deg";"EB";"-79,7785675036844992";"165,557135007368998";"167,957135007369004";TRUE;"0,0000000000000000";"0,54051313826910119";"EB";NA;"<LOCAL_TREE_SOURCE>/curc_fig1_withCaridae_calibrated.tre";"existing_file";"Imported from phylogeny workflow outputs.";"15";TRUE;TRUE;"190,36440163600";"1948,52462195399994";"0"
"with_caridae_calibrated";"n_turns_abs";"BM";"0,6349874609414682";"2,730025078117063";"3,820934169026154";TRUE;"0,6747164860957220";"0,38573998072635940";"EB";NA;"<LOCAL_TREE_SOURCE>/curc_fig1_withCaridae_calibrated.tre";"existing_file";"Imported from phylogeny workflow outputs.";"15";TRUE;TRUE;"190,36440163600";"1948,52462195399994";"0"
"with_caridae_calibrated";"n_turns_abs";"OU";"0,6349874609414748";"4,730025078117050";"7,130025078117049";TRUE;"3,9838073951866164";"0,07374535888529396";"EB";NA;"<LOCAL_TREE_SOURCE>/curc_fig1_withCaridae_calibrated.tre";"existing_file";"Imported from phylogeny workflow outputs.";"15";TRUE;TRUE;"190,36440163600";"1948,52462195399994";"0"
"with_caridae_calibrated";"n_turns_abs";"EB";"2,6268911585347832";"0,746217682930434";"3,146217682930432";TRUE;"0,0000000000000000";"0,54051466038834661";"EB";NA;"<LOCAL_TREE_SOURCE>/curc_fig1_withCaridae_calibrated.tre";"existing_file";"Imported from phylogeny workflow outputs.";"15";TRUE;TRUE;"190,36440163600";"1948,52462195399994";"0"
"with_caridae_calibrated";"start_end_dist";"BM";"21,2229120231998145";"-38,445824046399629";"-37,354914955490536";TRUE;"0,0000000000000000";"0,47465400866849156";"BM";NA;"<LOCAL_TREE_SOURCE>/curc_fig1_withCaridae_calibrated.tre";"existing_file";"Imported from phylogeny workflow outputs.";"15";TRUE;TRUE;"190,36440163600";"1948,52462195399994";"0"
"with_caridae_calibrated";"start_end_dist";"OU";"22,7893314094667048";"-39,578662818933410";"-37,178662818933411";TRUE;"0,1762521365571246";"0,43461477652792696";"BM";NA;"<LOCAL_TREE_SOURCE>/curc_fig1_withCaridae_calibrated.tre";"existing_file";"Imported from phylogeny workflow outputs.";"15";TRUE;TRUE;"190,36440163600";"1948,52462195399994";"0"
"with_caridae_calibrated";"start_end_dist";"EB";"21,2227727942360715";"-36,445545588472143";"-34,045545588472145";TRUE;"3,3093693670183910";"0,09073121480358147";"BM";NA;"<LOCAL_TREE_SOURCE>/curc_fig1_withCaridae_calibrated.tre";"existing_file";"Imported from phylogeny workflow outputs.";"15";TRUE;TRUE;"190,36440163600";"1948,52462195399994";"0"
"with_caridae_calibrated";"axial_span";"BM";"20,5067407704566627";"-37,013481540913325";"-35,922572450004232";TRUE;"0,0000000000000000";"0,63062726765493526";"BM";NA;"<LOCAL_TREE_SOURCE>/curc_fig1_withCaridae_calibrated.tre";"existing_file";"Imported from phylogeny workflow outputs.";"15";TRUE;TRUE;"190,36440163600";"1948,52462195399994";"0"
"with_caridae_calibrated";"axial_span";"OU";"21,2312987684602632";"-36,462597536920526";"-34,062597536920528";TRUE;"1,8599749130837040";"0,24881944935153452";"BM";NA;"<LOCAL_TREE_SOURCE>/curc_fig1_withCaridae_calibrated.tre";"existing_file";"Imported from phylogeny workflow outputs.";"15";TRUE;TRUE;"190,36440163600";"1948,52462195399994";"0"
"with_caridae_calibrated";"axial_span";"EB";"20,5066630757315274";"-35,013326151463055";"-32,613326151463056";TRUE;"3,3092462985411757";"0,12055328299353021";"BM";NA;"<LOCAL_TREE_SOURCE>/curc_fig1_withCaridae_calibrated.tre";"existing_file";"Imported from phylogeny workflow outputs.";"15";TRUE;TRUE;"190,36440163600";"1948,52462195399994";"0"
"with_caridae_calibrated";"fit_radius";"BM";"7,6579956781536431";"-11,315991356307286";"-10,225082265398196";TRUE;"0,1005688522275285";"0,44588669257242575";"OU";NA;"<LOCAL_TREE_SOURCE>/curc_fig1_withCaridae_calibrated.tre";"existing_file";"Imported from phylogeny workflow outputs.";"15";TRUE;TRUE;"190,36440163600";"1948,52462195399994";"0"
"with_caridae_calibrated";"fit_radius";"OU";"9,3628255588128617";"-12,725651117625723";"-10,325651117625725";TRUE;"0,0000000000000000";"0,46888113523518027";"OU";NA;"<LOCAL_TREE_SOURCE>/curc_fig1_withCaridae_calibrated.tre";"existing_file";"Imported from phylogeny workflow outputs.";"15";TRUE;TRUE;"190,36440163600";"1948,52462195399994";"0"
"with_caridae_calibrated";"fit_radius";"EB";"7,6578552359353367";"-9,315710471870673";"-6,915710471870675";TRUE;"3,4099406457550501";"0,08523217219239392";"OU";NA;"<LOCAL_TREE_SOURCE>/curc_fig1_withCaridae_calibrated.tre";"existing_file";"Imported from phylogeny workflow outputs.";"15";TRUE;TRUE;"190,36440163600";"1948,52462195399994";"0"
"with_caridae_calibrated";"centroid_size";"BM";"-80,1459799100018557";"164,291959820003711";"165,291959820003711";TRUE;"0,0000000000000000";"0,70898729742185318";"BM";NA;"<LOCAL_TREE_SOURCE>/curc_fig1_withCaridae_calibrated.tre";"existing_file";"Imported from phylogeny workflow outputs.";"15";TRUE;TRUE;"190,36440163600";"1948,52462195399994";"0"
"with_caridae_calibrated";"centroid_size";"OU";"-80,1459799100018415";"166,291959820003683";"168,473778001821870";TRUE;"3,1818181818181586";"0,14444929109330065";"BM";NA;"<LOCAL_TREE_SOURCE>/curc_fig1_withCaridae_calibrated.tre";"existing_file";"Imported from phylogeny workflow outputs.";"15";TRUE;TRUE;"190,36440163600";"1948,52462195399994";"0"
"with_caridae_calibrated";"centroid_size";"EB";"-80,1314502515675571";"166,262900503135114";"168,444718684953301";TRUE;"3,1527588649495897";"0,14656341148484614";"BM";NA;"<LOCAL_TREE_SOURCE>/curc_fig1_withCaridae_calibrated.tre";"existing_file";"Imported from phylogeny workflow outputs.";"15";TRUE;TRUE;"190,36440163600";"1948,52462195399994";"0"
"ultrametric_with_caridae";"PC1";"BM";"16,7847833254035486";"-29,569566650807097";"-28,569566650807097";TRUE;"0,0000000000000000";"0,70774151617775372";"BM";NA;"<LOCAL_TREE_SOURCE>/curc_fig1_ultrametric_withCaridae_correct.tre";"existing_file";"Imported from phylogeny workflow outputs.";"15";TRUE;TRUE;"1,00000000003";"7,45410652886000";"0"
"ultrametric_with_caridae";"PC1";"OU";"16,7847833254035521";"-27,569566650807104";"-25,387748468988924";TRUE;"3,1818181818181728";"0,14419547523761098";"BM";NA;"<LOCAL_TREE_SOURCE>/curc_fig1_ultrametric_withCaridae_correct.tre";"existing_file";"Imported from phylogeny workflow outputs.";"15";TRUE;TRUE;"1,00000000003";"7,45410652886000";"0"
"ultrametric_with_caridae";"PC1";"EB";"16,8112513962701797";"-27,622502792540359";"-25,440684610722180";TRUE;"3,1288820400849175";"0,14806300858463528";"BM";NA;"<LOCAL_TREE_SOURCE>/curc_fig1_ultrametric_withCaridae_correct.tre";"existing_file";"Imported from phylogeny workflow outputs.";"15";TRUE;TRUE;"1,00000000003";"7,45410652886000";"0"
"ultrametric_with_caridae";"PC2";"BM";"18,8233917870195206";"-33,646783574039041";"-32,646783574039041";TRUE;"0,0000000000000000";"0,53665849865617776";"BM";NA;"<LOCAL_TREE_SOURCE>/curc_fig1_ultrametric_withCaridae_correct.tre";"existing_file";"Imported from phylogeny workflow outputs.";"15";TRUE;TRUE;"1,00000000003";"7,45410652886000";"0"
"ultrametric_with_caridae";"PC2";"OU";"18,8233917870195242";"-31,646783574039048";"-29,464965392220869";TRUE;"3,1818181818181728";"0,10933896837358197";"BM";NA;"<LOCAL_TREE_SOURCE>/curc_fig1_ultrametric_withCaridae_correct.tre";"existing_file";"Imported from phylogeny workflow outputs.";"15";TRUE;TRUE;"1,00000000003";"7,45410652886000";"0"
"ultrametric_with_caridae";"PC2";"EB";"19,9982429970206965";"-33,996485994041393";"-31,814667812223213";TRUE;"0,8321157618158281";"0,35400253297024026";"BM";NA;"<LOCAL_TREE_SOURCE>/curc_fig1_ultrametric_withCaridae_correct.tre";"existing_file";"Imported from phylogeny workflow outputs.";"15";TRUE;TRUE;"1,00000000003";"7,45410652886000";"0"
"ultrametric_with_caridae";"PC3";"BM";"10,5655760012882407";"-17,131152002576481";"-16,131152002576481";TRUE;"5,6854966173589396";"0,05444662998592859";"OU";NA;"<LOCAL_TREE_SOURCE>/curc_fig1_ultrametric_withCaridae_correct.tre";"existing_file";"Imported from phylogeny workflow outputs.";"15";TRUE;TRUE;"1,00000000003";"7,45410652886000";"0"
"ultrametric_with_caridae";"PC3";"OU";"14,9992334008768005";"-23,998466801753601";"-21,816648619935421";TRUE;"0,0000000000000000";"0,93446041293769622";"OU";NA;"<LOCAL_TREE_SOURCE>/curc_fig1_ultrametric_withCaridae_correct.tre";"existing_file";"Imported from phylogeny workflow outputs.";"15";TRUE;TRUE;"1,00000000003";"7,45410652886000";"0"
"ultrametric_with_caridae";"PC3";"EB";"10,5655745459515167";"-15,131149091903033";"-12,949330910084852";TRUE;"8,8673177098505693";"0,01109295707637527";"OU";NA;"<LOCAL_TREE_SOURCE>/curc_fig1_ultrametric_withCaridae_correct.tre";"existing_file";"Imported from phylogeny workflow outputs.";"15";TRUE;TRUE;"1,00000000003";"7,45410652886000";"0"
"ultrametric_with_caridae";"PC4";"BM";"19,3716204799056797";"-34,743240959811359";"-33,743240959811359";TRUE;"0,3934406997857849";"0,41302794505428420";"OU";NA;"<LOCAL_TREE_SOURCE>/curc_fig1_ultrametric_withCaridae_correct.tre";"existing_file";"Imported from phylogeny workflow outputs.";"15";TRUE;TRUE;"1,00000000003";"7,45410652886000";"0"
"ultrametric_with_caridae";"PC4";"OU";"21,1592499207076621";"-36,318499841415324";"-34,136681659597144";TRUE;"0,0000000000000000";"0,50282168493360191";"OU";NA;"<LOCAL_TREE_SOURCE>/curc_fig1_ultrametric_withCaridae_correct.tre";"existing_file";"Imported from phylogeny workflow outputs.";"15";TRUE;TRUE;"1,00000000003";"7,45410652886000";"0"
"ultrametric_with_caridae";"PC4";"EB";"19,3716196342545004";"-32,743239268509001";"-30,561421086690821";TRUE;"3,5752605729063234";"0,08415037001211385";"OU";NA;"<LOCAL_TREE_SOURCE>/curc_fig1_ultrametric_withCaridae_correct.tre";"existing_file";"Imported from phylogeny workflow outputs.";"15";TRUE;TRUE;"1,00000000003";"7,45410652886000";"0"
"ultrametric_with_caridae";"PC5";"BM";"21,5998798760349189";"-39,199759752069838";"-38,199759752069838";TRUE;"5,0139774281757710";"0,07422983493183577";"OU";NA;"<LOCAL_TREE_SOURCE>/curc_fig1_ultrametric_withCaridae_correct.tre";"existing_file";"Imported from phylogeny workflow outputs.";"15";TRUE;TRUE;"1,00000000003";"7,45410652886000";"0"
"ultrametric_with_caridae";"PC5";"OU";"25,6977776810318943";"-45,395555362063789";"-43,213737180245609";TRUE;"0,0000000000000000";"0,91064657708350683";"OU";NA;"<LOCAL_TREE_SOURCE>/curc_fig1_ultrametric_withCaridae_correct.tre";"existing_file";"Imported from phylogeny workflow outputs.";"15";TRUE;TRUE;"1,00000000003";"7,45410652886000";"0"
"ultrametric_with_caridae";"PC5";"EB";"21,5998784527289196";"-37,199756905457839";"-35,017938723639659";TRUE;"8,1957984566059494";"0,01512358798465754";"OU";NA;"<LOCAL_TREE_SOURCE>/curc_fig1_ultrametric_withCaridae_correct.tre";"existing_file";"Imported from phylogeny workflow outputs.";"15";TRUE;TRUE;"1,00000000003";"7,45410652886000";"0"
"ultrametric_with_caridae";"abs_winding_angle_deg";"BM";"-82,3881649213693805";"168,776329842738761";"169,867238933647855";TRUE;"0,0000000000000000";"0,71365428659370778";"BM";NA;"<LOCAL_TREE_SOURCE>/curc_fig1_ultrametric_withCaridae_correct.tre";"existing_file";"Imported from phylogeny workflow outputs.";"15";TRUE;TRUE;"1,00000000003";"7,45410652886000";"0"
"ultrametric_with_caridae";"abs_winding_angle_deg";"OU";"-82,2939825013173731";"170,587965002634746";"172,987965002634752";TRUE;"3,1207260689868974";"0,14991007557221508";"BM";NA;"<LOCAL_TREE_SOURCE>/curc_fig1_ultrametric_withCaridae_correct.tre";"existing_file";"Imported from phylogeny workflow outputs.";"15";TRUE;TRUE;"1,00000000003";"7,45410652886000";"0"
"ultrametric_with_caridae";"abs_winding_angle_deg";"EB";"-82,3881651337321870";"170,776330267464374";"173,176330267464380";TRUE;"3,3090913338165251";"0,13643563783407725";"BM";NA;"<LOCAL_TREE_SOURCE>/curc_fig1_ultrametric_withCaridae_correct.tre";"existing_file";"Imported from phylogeny workflow outputs.";"15";TRUE;TRUE;"1,00000000003";"7,45410652886000";"0"
"ultrametric_with_caridae";"n_turns_abs";"BM";"0,0172906653537662";"3,965418669292468";"5,056327760201558";TRUE;"0,0000000000000000";"0,71365439589929192";"BM";NA;"<LOCAL_TREE_SOURCE>/curc_fig1_ultrametric_withCaridae_correct.tre";"existing_file";"Imported from phylogeny workflow outputs.";"15";TRUE;TRUE;"1,00000000003";"7,45410652886000";"0"
"ultrametric_with_caridae";"n_turns_abs";"OU";"0,1114720611421913";"5,777055877715617";"8,177055877715617";TRUE;"3,1207281175140587";"0,14990994498554841";"BM";NA;"<LOCAL_TREE_SOURCE>/curc_fig1_ultrametric_withCaridae_correct.tre";"existing_file";"Imported from phylogeny workflow outputs.";"15";TRUE;TRUE;"1,00000000003";"7,45410652886000";"0"
"ultrametric_with_caridae";"n_turns_abs";"EB";"0,0172904558066552";"5,965419088386690";"8,365419088386687";TRUE;"3,3090913281851293";"0,13643565911515965";"BM";NA;"<LOCAL_TREE_SOURCE>/curc_fig1_ultrametric_withCaridae_correct.tre";"existing_file";"Imported from phylogeny workflow outputs.";"15";TRUE;TRUE;"1,00000000003";"7,45410652886000";"0"
"ultrametric_with_caridae";"start_end_dist";"BM";"16,0602811257959104";"-28,120562251591821";"-27,029653160682731";TRUE;"5,4023674428868240";"0,06215606602327287";"OU";NA;"<LOCAL_TREE_SOURCE>/curc_fig1_ultrametric_withCaridae_correct.tre";"existing_file";"Imported from phylogeny workflow outputs.";"15";TRUE;TRUE;"1,00000000003";"7,45410652886000";"0"
"ultrametric_with_caridae";"start_end_dist";"OU";"20,4160103017847767";"-34,832020603569553";"-32,432020603569555";TRUE;"0,0000000000000000";"0,92596101894291616";"OU";NA;"<LOCAL_TREE_SOURCE>/curc_fig1_ultrametric_withCaridae_correct.tre";"existing_file";"Imported from phylogeny workflow outputs.";"15";TRUE;TRUE;"1,00000000003";"7,45410652886000";"0"
"ultrametric_with_caridae";"start_end_dist";"EB";"16,0602798212504467";"-26,120559642500893";"-23,720559642500895";TRUE;"8,7114609610686600";"0,01188291503381094";"OU";NA;"<LOCAL_TREE_SOURCE>/curc_fig1_ultrametric_withCaridae_correct.tre";"existing_file";"Imported from phylogeny workflow outputs.";"15";TRUE;TRUE;"1,00000000003";"7,45410652886000";"0"
"ultrametric_with_caridae";"axial_span";"BM";"15,5529378196625689";"-27,105875639325138";"-26,014966548416048";TRUE;"4,1562363638833730";"0,10892535646112290";"OU";NA;"<LOCAL_TREE_SOURCE>/curc_fig1_ultrametric_withCaridae_correct.tre";"existing_file";"Imported from phylogeny workflow outputs.";"15";TRUE;TRUE;"1,00000000003";"7,45410652886000";"0"
"ultrametric_with_caridae";"axial_span";"OU";"19,2856014561497098";"-32,571202912299420";"-30,171202912299421";TRUE;"0,0000000000000000";"0,87025043493849785";"OU";NA;"<LOCAL_TREE_SOURCE>/curc_fig1_ultrametric_withCaridae_correct.tre";"existing_file";"Imported from phylogeny workflow outputs.";"15";TRUE;TRUE;"1,00000000003";"7,45410652886000";"0"
"ultrametric_with_caridae";"axial_span";"EB";"15,5529366146206485";"-25,105873229241297";"-22,705873229241298";TRUE;"7,4653296830581226";"0,02082420860037935";"OU";NA;"<LOCAL_TREE_SOURCE>/curc_fig1_ultrametric_withCaridae_correct.tre";"existing_file";"Imported from phylogeny workflow outputs.";"15";TRUE;TRUE;"1,00000000003";"7,45410652886000";"0"
"ultrametric_with_caridae";"fit_radius";"BM";"-0,8594784549025019";"5,718956909805003";"6,809866000714095";TRUE;"7,7394340005554589";"0,02035830661634549";"OU";NA;"<LOCAL_TREE_SOURCE>/curc_fig1_ultrametric_withCaridae_correct.tre";"existing_file";"Imported from phylogeny workflow outputs.";"15";TRUE;TRUE;"1,00000000003";"7,45410652886000";"0"
"ultrametric_with_caridae";"fit_radius";"OU";"4,6647839999206813";"-3,329567999841363";"-0,929567999841364";TRUE;"0,0000000000000000";"0,97574961980410724";"OU";NA;"<LOCAL_TREE_SOURCE>/curc_fig1_ultrametric_withCaridae_correct.tre";"existing_file";"Imported from phylogeny workflow outputs.";"15";TRUE;TRUE;"1,00000000003";"7,45410652886000";"0"
"ultrametric_with_caridae";"fit_radius";"EB";"-0,8594799470193867";"7,718959894038774";"10,118959894038772";TRUE;"11,0485278938801361";"0,00389207357954727";"OU";NA;"<LOCAL_TREE_SOURCE>/curc_fig1_ultrametric_withCaridae_correct.tre";"existing_file";"Imported from phylogeny workflow outputs.";"15";TRUE;TRUE;"1,00000000003";"7,45410652886000";"0"
"ultrametric_with_caridae";"centroid_size";"BM";"-82,5179635599749020";"169,035927119949804";"170,035927119949804";TRUE;"0,0000000000000000";"0,46684012740117714";"BM";NA;"<LOCAL_TREE_SOURCE>/curc_fig1_ultrametric_withCaridae_correct.tre";"existing_file";"Imported from phylogeny workflow outputs.";"15";TRUE;TRUE;"1,00000000003";"7,45410652886000";"0"
"ultrametric_with_caridae";"centroid_size";"OU";"-80,9907178189173464";"167,981435637834693";"170,163253819652880";TRUE;"0,1273266997030760";"0,43804581685333505";"BM";NA;"<LOCAL_TREE_SOURCE>/curc_fig1_ultrametric_withCaridae_correct.tre";"existing_file";"Imported from phylogeny workflow outputs.";"15";TRUE;TRUE;"1,00000000003";"7,45410652886000";"0"
"ultrametric_with_caridae";"centroid_size";"EB";"-82,5179645702439331";"171,035929140487866";"173,217747322306053";TRUE;"3,1818202023562492";"0,09511405574548783";"BM";NA;"<LOCAL_TREE_SOURCE>/curc_fig1_ultrametric_withCaridae_correct.tre";"existing_file";"Imported from phylogeny workflow outputs.";"15";TRUE;TRUE;"1,00000000003";"7,45410652886000";"0"
"grafen_with_caridae";"PC1";"BM";"16,7901969601631507";"-29,580393920326301";"-28,580393920326301";TRUE;"0,0000000000000000";"0,70669343235264082";"BM";NA;"<LOCAL_TREE_SOURCE>/curc_fig1_grafen_withCaridae_correct.tre";"existing_file";"Imported from phylogeny workflow outputs.";"15";TRUE;TRUE;"1,00000000018";"7,50000000015000";"0"
"grafen_with_caridae";"PC1";"OU";"16,7901969601631578";"-27,580393920326316";"-25,398575738508136";TRUE;"3,1818181818181657";"0,14398193831516670";"BM";NA;"<LOCAL_TREE_SOURCE>/curc_fig1_grafen_withCaridae_correct.tre";"existing_file";"Imported from phylogeny workflow outputs.";"15";TRUE;TRUE;"1,00000000018";"7,50000000015000";"0"
"grafen_with_caridae";"PC1";"EB";"16,8266317531471223";"-27,653263506294245";"-25,471445324476065";TRUE;"3,1089485958502365";"0,14932462933219254";"BM";NA;"<LOCAL_TREE_SOURCE>/curc_fig1_grafen_withCaridae_correct.tre";"existing_file";"Imported from phylogeny workflow outputs.";"15";TRUE;TRUE;"1,00000000018";"7,50000000015000";"0"
"grafen_with_caridae";"PC2";"BM";"18,7746749466446587";"-33,549349893289317";"-32,549349893289317";TRUE;"0,0000000000000000";"0,52749307196206607";"BM";NA;"<LOCAL_TREE_SOURCE>/curc_fig1_grafen_withCaridae_correct.tre";"existing_file";"Imported from phylogeny workflow outputs.";"15";TRUE;TRUE;"1,00000000018";"7,50000000015000";"0"
"grafen_with_caridae";"PC2";"OU";"18,7746749466446659";"-31,549349893289332";"-29,367531711471152";TRUE;"3,1818181818181657";"0,10747160150629660";"BM";NA;"<LOCAL_TREE_SOURCE>/curc_fig1_grafen_withCaridae_correct.tre";"existing_file";"Imported from phylogeny workflow outputs.";"15";TRUE;TRUE;"1,00000000018";"7,50000000015000";"0"
"grafen_with_caridae";"PC2";"EB";"19,9974424399282853";"-33,994884879856571";"-31,813066698038391";TRUE;"0,7362831952509268";"0,36503532653163734";"BM";NA;"<LOCAL_TREE_SOURCE>/curc_fig1_grafen_withCaridae_correct.tre";"existing_file";"Imported from phylogeny workflow outputs.";"15";TRUE;TRUE;"1,00000000018";"7,50000000015000";"0"
"grafen_with_caridae";"PC3";"BM";"10,6402837049432168";"-17,280567409886434";"-16,280567409886434";TRUE;"5,6426720579856671";"0,05554623605702370";"OU";NA;"<LOCAL_TREE_SOURCE>/curc_fig1_grafen_withCaridae_correct.tre";"existing_file";"Imported from phylogeny workflow outputs.";"15";TRUE;TRUE;"1,00000000018";"7,50000000015000";"0"
"grafen_with_caridae";"PC3";"OU";"15,0525288248451421";"-24,105057649690284";"-21,923239467872101";TRUE;"0,0000000000000000";"0,93313677306979004";"OU";NA;"<LOCAL_TREE_SOURCE>/curc_fig1_grafen_withCaridae_correct.tre";"existing_file";"Imported from phylogeny workflow outputs.";"15";TRUE;TRUE;"1,00000000018";"7,50000000015000";"0"
"grafen_with_caridae";"PC3";"EB";"10,6402822533258057";"-15,280564506651611";"-13,098746324833430";TRUE;"8,8244931430386711";"0,01131699087318636";"OU";NA;"<LOCAL_TREE_SOURCE>/curc_fig1_grafen_withCaridae_correct.tre";"existing_file";"Imported from phylogeny workflow outputs.";"15";TRUE;TRUE;"1,00000000018";"7,50000000015000";"0"
"grafen_with_caridae";"PC4";"BM";"19,4167433045368654";"-34,833486609073731";"-33,833486609073731";TRUE;"0,3170985981433319";"0,42095517722381365";"OU";NA;"<LOCAL_TREE_SOURCE>/curc_fig1_grafen_withCaridae_correct.tre";"existing_file";"Imported from phylogeny workflow outputs.";"15";TRUE;TRUE;"1,00000000018";"7,50000000015000";"0"
"grafen_with_caridae";"PC4";"OU";"21,1662016945176212";"-36,332403389035242";"-34,150585207217063";TRUE;"0,0000000000000000";"0,49327935653949023";"OU";NA;"<LOCAL_TREE_SOURCE>/curc_fig1_grafen_withCaridae_correct.tre";"existing_file";"Imported from phylogeny workflow outputs.";"15";TRUE;TRUE;"1,00000000018";"7,50000000015000";"0"
"grafen_with_caridae";"PC4";"EB";"19,4167424688922061";"-32,833484937784412";"-30,651666755966232";TRUE;"3,4989184512508302";"0,08576546623669612";"OU";NA;"<LOCAL_TREE_SOURCE>/curc_fig1_grafen_withCaridae_correct.tre";"existing_file";"Imported from phylogeny workflow outputs.";"15";TRUE;TRUE;"1,00000000018";"7,50000000015000";"0"
"grafen_with_caridae";"PC5";"BM";"21,6583623658857647";"-39,316724731771529";"-38,316724731771529";TRUE;"4,9668830928399501";"0,07583702278288691";"OU";NA;"<LOCAL_TREE_SOURCE>/curc_fig1_grafen_withCaridae_correct.tre";"existing_file";"Imported from phylogeny workflow outputs.";"15";TRUE;TRUE;"1,00000000018";"7,50000000015000";"0"
"grafen_with_caridae";"PC5";"OU";"25,7327130032148297";"-45,465426006429659";"-43,283607824611479";TRUE;"0,0000000000000000";"0,90871194070551953";"OU";NA;"<LOCAL_TREE_SOURCE>/curc_fig1_grafen_withCaridae_correct.tre";"existing_file";"Imported from phylogeny workflow outputs.";"15";TRUE;TRUE;"1,00000000018";"7,50000000015000";"0"
"grafen_with_caridae";"PC5";"EB";"21,6583609453958914";"-37,316721890791783";"-35,134903708973603";TRUE;"8,1487041156378766";"0,01545103651159362";"OU";NA;"<LOCAL_TREE_SOURCE>/curc_fig1_grafen_withCaridae_correct.tre";"existing_file";"Imported from phylogeny workflow outputs.";"15";TRUE;TRUE;"1,00000000018";"7,50000000015000";"0"
"grafen_with_caridae";"abs_winding_angle_deg";"BM";"-82,3852862938896919";"168,770572587779384";"169,861481678688477";TRUE;"0,0000000000000000";"0,71463451861378169";"BM";NA;"<LOCAL_TREE_SOURCE>/curc_fig1_grafen_withCaridae_correct.tre";"existing_file";"Imported from phylogeny workflow outputs.";"15";TRUE;TRUE;"1,00000000018";"7,50000000015000";"0"
"grafen_with_caridae";"abs_winding_angle_deg";"OU";"-82,3002958538523615";"170,600591707704723";"173,000591707704729";TRUE;"3,1391100290162512";"0,14874244224823549";"BM";NA;"<LOCAL_TREE_SOURCE>/curc_fig1_grafen_withCaridae_correct.tre";"existing_file";"Imported from phylogeny workflow outputs.";"15";TRUE;TRUE;"1,00000000018";"7,50000000015000";"0"
"grafen_with_caridae";"abs_winding_angle_deg";"EB";"-82,3852864943248875";"170,770572988649775";"173,170572988649781";TRUE;"3,3090913099613033";"0,13662303913798288";"BM";NA;"<LOCAL_TREE_SOURCE>/curc_fig1_grafen_withCaridae_correct.tre";"existing_file";"Imported from phylogeny workflow outputs.";"15";TRUE;TRUE;"1,00000000018";"7,50000000015000";"0"
"grafen_with_caridae";"n_turns_abs";"BM";"0,0201692171946334";"3,959661565610733";"5,050570656519824";TRUE;"0,0000000000000000";"0,71463462137084033";"BM";NA;"<LOCAL_TREE_SOURCE>/curc_fig1_grafen_withCaridae_correct.tre";"existing_file";"Imported from phylogeny workflow outputs.";"15";TRUE;TRUE;"1,00000000018";"7,50000000015000";"0"
"grafen_with_caridae";"n_turns_abs";"OU";"0,1051586905281914";"5,789682618943617";"8,189682618943616";TRUE;"3,1391119624237920";"0,14874231984603067";"BM";NA;"<LOCAL_TREE_SOURCE>/curc_fig1_grafen_withCaridae_correct.tre";"existing_file";"Imported from phylogeny workflow outputs.";"15";TRUE;TRUE;"1,00000000018";"7,50000000015000";"0"
"grafen_with_caridae";"n_turns_abs";"EB";"0,0201690167606428";"5,959661966478714";"8,359661966478713";TRUE;"3,3090913099588892";"0,13662305878312897";"BM";NA;"<LOCAL_TREE_SOURCE>/curc_fig1_grafen_withCaridae_correct.tre";"existing_file";"Imported from phylogeny workflow outputs.";"15";TRUE;TRUE;"1,00000000018";"7,50000000015000";"0"
"grafen_with_caridae";"start_end_dist";"BM";"16,1325886001265459";"-28,265177200253092";"-27,174268109344002";TRUE;"5,3723568602230891";"0,06302522102216239";"OU";NA;"<LOCAL_TREE_SOURCE>/curc_fig1_grafen_withCaridae_correct.tre";"existing_file";"Imported from phylogeny workflow outputs.";"15";TRUE;TRUE;"1,00000000018";"7,50000000015000";"0"
"grafen_with_caridae";"start_end_dist";"OU";"20,4733124847835448";"-34,946624969567090";"-32,546624969567091";TRUE;"0,0000000000000000";"0,92492570010554853";"OU";NA;"<LOCAL_TREE_SOURCE>/curc_fig1_grafen_withCaridae_correct.tre";"existing_file";"Imported from phylogeny workflow outputs.";"15";TRUE;TRUE;"1,00000000018";"7,50000000015000";"0"
"grafen_with_caridae";"start_end_dist";"EB";"16,1325872895886278";"-26,265174579177256";"-23,865174579177257";TRUE;"8,6814503903898341";"0,01204907887228907";"OU";NA;"<LOCAL_TREE_SOURCE>/curc_fig1_grafen_withCaridae_correct.tre";"existing_file";"Imported from phylogeny workflow outputs.";"15";TRUE;TRUE;"1,00000000018";"7,50000000015000";"0"
"grafen_with_caridae";"axial_span";"BM";"15,6040182149106119";"-27,208036429821224";"-26,117127338912134";TRUE;"4,1306279647958277";"0,11014486119449442";"OU";NA;"<LOCAL_TREE_SOURCE>/curc_fig1_grafen_withCaridae_correct.tre";"existing_file";"Imported from phylogeny workflow outputs.";"15";TRUE;TRUE;"1,00000000018";"7,50000000015000";"0"
"grafen_with_caridae";"axial_span";"OU";"19,3238776518539801";"-32,647755303707960";"-30,247755303707962";TRUE;"0,0000000000000000";"0,86879778680613151";"OU";NA;"<LOCAL_TREE_SOURCE>/curc_fig1_grafen_withCaridae_correct.tre";"existing_file";"Imported from phylogeny workflow outputs.";"15";TRUE;TRUE;"1,00000000018";"7,50000000015000";"0"
"grafen_with_caridae";"axial_span";"EB";"15,6040170128704947";"-25,208034025740989";"-22,808034025740991";TRUE;"7,4397212779669708";"0,02105735199937403";"OU";NA;"<LOCAL_TREE_SOURCE>/curc_fig1_grafen_withCaridae_correct.tre";"existing_file";"Imported from phylogeny workflow outputs.";"15";TRUE;TRUE;"1,00000000018";"7,50000000015000";"0"
"grafen_with_caridae";"fit_radius";"BM";"-0,8186674248853393";"5,637334849770679";"6,728243940679770";TRUE;"7,7664140329189006";"0,02009204557392431";"OU";NA;"<LOCAL_TREE_SOURCE>/curc_fig1_grafen_withCaridae_correct.tre";"existing_file";"Imported from phylogeny workflow outputs.";"15";TRUE;TRUE;"1,00000000018";"7,50000000015000";"0"
"grafen_with_caridae";"fit_radius";"OU";"4,7190850461195648";"-3,438170092239130";"-1,038170092239131";TRUE;"0,0000000000000000";"0,97606678429794691";"OU";NA;"<LOCAL_TREE_SOURCE>/curc_fig1_grafen_withCaridae_correct.tre";"existing_file";"Imported from phylogeny workflow outputs.";"15";TRUE;TRUE;"1,00000000018";"7,50000000015000";"0"
"grafen_with_caridae";"fit_radius";"EB";"-0,8186689234387728";"7,637337846877545";"10,037337846877545";TRUE;"11,0755079391166760";"0,00384117012812884";"OU";NA;"<LOCAL_TREE_SOURCE>/curc_fig1_grafen_withCaridae_correct.tre";"existing_file";"Imported from phylogeny workflow outputs.";"15";TRUE;TRUE;"1,00000000018";"7,50000000015000";"0"
"grafen_with_caridae";"centroid_size";"BM";"-82,4932591195341871";"168,986518239068374";"169,986518239068374";TRUE;"0,0000000000000000";"0,47386658131914172";"BM";NA;"<LOCAL_TREE_SOURCE>/curc_fig1_grafen_withCaridae_correct.tre";"existing_file";"Imported from phylogeny workflow outputs.";"15";TRUE;TRUE;"1,00000000018";"7,50000000015000";"0"
"grafen_with_caridae";"centroid_size";"OU";"-81,0004497125286065";"168,000899425057213";"170,182717606875400";TRUE;"0,1961993678070257";"0,42958779135622205";"BM";NA;"<LOCAL_TREE_SOURCE>/curc_fig1_grafen_withCaridae_correct.tre";"existing_file";"Imported from phylogeny workflow outputs.";"15";TRUE;TRUE;"1,00000000018";"7,50000000015000";"0"
"grafen_with_caridae";"centroid_size";"EB";"-82,4932601180718876";"170,986520236143775";"173,168338417961962";TRUE;"3,1818201788935880";"0,09654562732463626";"BM";NA;"<LOCAL_TREE_SOURCE>/curc_fig1_grafen_withCaridae_correct.tre";"existing_file";"Imported from phylogeny workflow outputs.";"15";TRUE;TRUE;"1,00000000018";"7,50000000015000";"0"
"grafen_power_0_5";"PC1";"BM";"14,8793424571110098";"-25,758684914222020";"-24,758684914222020";TRUE;"0,3002417449064616";"0,42270518744857638";"EB";NA;"generated_in_script";"generated_branch_lengths";"Grafen branch lengths with power = 0.5";"15";TRUE;TRUE;"1,00000000000";"9,70904046266321";"0"
"grafen_power_0_5";"PC1";"OU";"14,8793424571110133";"-23,758684914222027";"-21,576866732403843";TRUE;"3,4820599267246379";"0,08612208553022382";"EB";NA;"generated_in_script";"generated_branch_lengths";"Grafen branch lengths with power = 0.5";"15";TRUE;TRUE;"1,00000000000";"9,70904046266321";"0"
"grafen_power_0_5";"PC1";"EB";"16,6203724204733305";"-27,240744840946661";"-25,058926659128481";TRUE;"0,0000000000000000";"0,49117272702119974";"EB";NA;"generated_in_script";"generated_branch_lengths";"Grafen branch lengths with power = 0.5";"15";TRUE;TRUE;"1,00000000000";"9,70904046266321";"0"
"grafen_power_0_5";"PC2";"BM";"16,0661797905720647";"-28,132359581144129";"-27,132359581144129";TRUE;"4,7220259833532197";"0,08470681377980548";"EB";NA;"generated_in_script";"generated_branch_lengths";"Grafen branch lengths with power = 0.5";"15";TRUE;TRUE;"1,00000000000";"9,70904046266321";"0"
"grafen_power_0_5";"PC2";"OU";"16,0661797905720682";"-26,132359581144136";"-23,950541399325957";TRUE;"7,9038441651713924";"0,01725819241862188";"EB";NA;"generated_in_script";"generated_branch_lengths";"Grafen branch lengths with power = 0.5";"15";TRUE;TRUE;"1,00000000000";"9,70904046266321";"0"
"grafen_power_0_5";"PC2";"EB";"20,0181018731577645";"-34,036203746315529";"-31,854385564497349";TRUE;"0,0000000000000000";"0,89803499380157259";"EB";NA;"generated_in_script";"generated_branch_lengths";"Grafen branch lengths with power = 0.5";"15";TRUE;TRUE;"1,00000000000";"9,70904046266321";"0"
"grafen_power_0_5";"PC3";"BM";"14,7664356359827753";"-25,532871271965551";"-24,532871271965551";TRUE;"1,1284970063989128";"0,33762497520714874";"OU";NA;"generated_in_script";"generated_branch_lengths";"Grafen branch lengths with power = 0.5";"15";TRUE;TRUE;"1,00000000000";"9,70904046266321";"0"
"grafen_power_0_5";"PC3";"OU";"16,9215932300913217";"-27,843186460182643";"-25,661368278364463";TRUE;"0,0000000000000000";"0,59358726743196699";"OU";NA;"generated_in_script";"generated_branch_lengths";"Grafen branch lengths with power = 0.5";"15";TRUE;TRUE;"1,00000000000";"9,70904046266321";"0"
"grafen_power_0_5";"PC3";"EB";"14,7664347719813556";"-23,532869543962711";"-21,351051362144531";TRUE;"4,3103169162199322";"0,06878775736088433";"OU";NA;"generated_in_script";"generated_branch_lengths";"Grafen branch lengths with power = 0.5";"15";TRUE;TRUE;"1,00000000000";"9,70904046266321";"0"
"grafen_power_0_5";"PC4";"BM";"20,6634737577312144";"-37,326947515462429";"-36,326947515462429";TRUE;"0,0000000000000000";"0,69193034707932388";"BM";NA;"generated_in_script";"generated_branch_lengths";"Grafen branch lengths with power = 0.5";"15";TRUE;TRUE;"1,00000000000";"9,70904046266321";"0"
"grafen_power_0_5";"PC4";"OU";"20,8334635124108445";"-35,666927024821689";"-33,485108843003509";TRUE;"2,8418386724589197";"0,16709557595425834";"BM";NA;"generated_in_script";"generated_branch_lengths";"Grafen branch lengths with power = 0.5";"15";TRUE;TRUE;"1,00000000000";"9,70904046266321";"0"
"grafen_power_0_5";"PC4";"EB";"20,6634735747717322";"-35,326947149543464";"-33,145128967725284";TRUE;"3,1818185477371443";"0,14097407696641784";"BM";NA;"generated_in_script";"generated_branch_lengths";"Grafen branch lengths with power = 0.5";"15";TRUE;TRUE;"1,00000000000";"9,70904046266321";"0"
"grafen_power_0_5";"PC5";"BM";"25,5175198343166656";"-47,035039668633331";"-46,035039668633331";TRUE;"0,0000000000000000";"0,50688741257617287";"BM";NA;"generated_in_script";"generated_branch_lengths";"Grafen branch lengths with power = 0.5";"15";TRUE;TRUE;"1,00000000000";"9,70904046266321";"0"
"grafen_power_0_5";"PC5";"OU";"26,8458745256818290";"-47,691749051363658";"-45,509930869545478";TRUE;"0,5251087990878531";"0,38983926512383787";"BM";NA;"generated_in_script";"generated_branch_lengths";"Grafen branch lengths with power = 0.5";"15";TRUE;TRUE;"1,00000000000";"9,70904046266321";"0"
"grafen_power_0_5";"PC5";"EB";"25,5175191003933399";"-45,035038200786680";"-42,853220018968500";TRUE;"3,1818196496648312";"0,10327332229998934";"BM";NA;"generated_in_script";"generated_branch_lengths";"Grafen branch lengths with power = 0.5";"15";TRUE;TRUE;"1,00000000000";"9,70904046266321";"0"
"grafen_power_0_5";"abs_winding_angle_deg";"BM";"-82,8352146281810775";"169,670429256362155";"170,761338347271248";TRUE;"0,0000000000000000";"0,63723183620291379";"BM";NA;"generated_in_script";"generated_branch_lengths";"Grafen branch lengths with power = 0.5";"15";TRUE;TRUE;"1,00000000000";"9,70904046266321";"0"
"grafen_power_0_5";"abs_winding_angle_deg";"OU";"-82,8352146281810775";"171,670429256362155";"174,070429256362161";TRUE;"3,3090909090909122";"0,12182530409585589";"BM";NA;"generated_in_script";"generated_branch_lengths";"Grafen branch lengths with power = 0.5";"15";TRUE;TRUE;"1,00000000000";"9,70904046266321";"0"
"grafen_power_0_5";"abs_winding_angle_deg";"EB";"-82,1532429043736840";"170,306485808747368";"172,706485808747374";TRUE;"1,9451474614761253";"0,24094285970123025";"BM";NA;"generated_in_script";"generated_branch_lengths";"Grafen branch lengths with power = 0.5";"15";TRUE;TRUE;"1,00000000000";"9,70904046266321";"0"
"grafen_power_0_5";"n_turns_abs";"BM";"-0,4297620603395630";"4,859524120679126";"5,950433211588217";TRUE;"0,0000000000000000";"0,63723148789132034";"BM";NA;"generated_in_script";"generated_branch_lengths";"Grafen branch lengths with power = 0.5";"15";TRUE;TRUE;"1,00000000000";"9,70904046266321";"0"
"grafen_power_0_5";"n_turns_abs";"OU";"-0,4297620603395546";"6,859524120679109";"9,259524120679108";TRUE;"3,3090909090908918";"0,12182523750601747";"BM";NA;"generated_in_script";"generated_branch_lengths";"Grafen branch lengths with power = 0.5";"15";TRUE;TRUE;"1,00000000000";"9,70904046266321";"0"
"grafen_power_0_5";"n_turns_abs";"EB";"0,2522119320585323";"5,495576135882935";"7,895576135882933";TRUE;"1,9451429242947169";"0,24094327460266216";"BM";NA;"generated_in_script";"generated_branch_lengths";"Grafen branch lengths with power = 0.5";"15";TRUE;TRUE;"1,00000000000";"9,70904046266321";"0"
"grafen_power_0_5";"start_end_dist";"BM";"20,0739129819531215";"-36,147825963906243";"-35,056916872997149";TRUE;"1,1029464283502719";"0,34164824077777201";"OU";NA;"generated_in_script";"generated_branch_lengths";"Grafen branch lengths with power = 0.5";"15";TRUE;TRUE;"1,00000000000";"9,70904046266321";"0"
"grafen_power_0_5";"start_end_dist";"OU";"22,2799316506737100";"-38,559863301347420";"-36,159863301347421";TRUE;"0,0000000000000000";"0,59303586999244262";"OU";NA;"generated_in_script";"generated_branch_lengths";"Grafen branch lengths with power = 0.5";"15";TRUE;TRUE;"1,00000000000";"9,70904046266321";"0"
"grafen_power_0_5";"start_end_dist";"EB";"20,0739120978055503";"-34,147824195611101";"-31,747824195611102";TRUE;"4,4120391057363193";"0,06531588922978535";"OU";NA;"generated_in_script";"generated_branch_lengths";"Grafen branch lengths with power = 0.5";"15";TRUE;TRUE;"1,00000000000";"9,70904046266321";"0"
"grafen_power_0_5";"axial_span";"BM";"19,2032431653300826";"-34,406486330660165";"-33,315577239751072";TRUE;"0,1150565259007763";"0,44436662951250816";"OU";NA;"generated_in_script";"generated_branch_lengths";"Grafen branch lengths with power = 0.5";"15";TRUE;TRUE;"1,00000000000";"9,70904046266321";"0"
"grafen_power_0_5";"axial_span";"OU";"20,9153168828259233";"-35,830633765651847";"-33,430633765651848";TRUE;"0,0000000000000000";"0,47067989136456895";"OU";NA;"generated_in_script";"generated_branch_lengths";"Grafen branch lengths with power = 0.5";"15";TRUE;TRUE;"1,00000000000";"9,70904046266321";"0"
"grafen_power_0_5";"axial_span";"EB";"19,2032424582638797";"-32,406484916527759";"-30,006484916527761";TRUE;"3,4241488491240872";"0,08495347912292298";"OU";NA;"generated_in_script";"generated_branch_lengths";"Grafen branch lengths with power = 0.5";"15";TRUE;TRUE;"1,00000000000";"9,70904046266321";"0"
"grafen_power_0_5";"fit_radius";"BM";"4,4484241091804897";"-4,896848218360979";"-3,805939127451889";TRUE;"4,6198974460028674";"0,08876984447189622";"OU";NA;"generated_in_script";"generated_branch_lengths";"Grafen branch lengths with power = 0.5";"15";TRUE;TRUE;"1,00000000000";"9,70904046266321";"0"
"grafen_power_0_5";"fit_radius";"OU";"8,4129182867273773";"-10,825836573454755";"-8,425836573454756";TRUE;"0,0000000000000000";"0,89425925366325298";"OU";NA;"generated_in_script";"generated_branch_lengths";"Grafen branch lengths with power = 0.5";"15";TRUE;TRUE;"1,00000000000";"9,70904046266321";"0"
"grafen_power_0_5";"fit_radius";"EB";"4,4484227831740366";"-2,896845566348073";"-0,496845566348075";TRUE;"7,9289910071066814";"0,01697090186485075";"OU";NA;"generated_in_script";"generated_branch_lengths";"Grafen branch lengths with power = 0.5";"15";TRUE;TRUE;"1,00000000000";"9,70904046266321";"0"
"grafen_power_0_5";"centroid_size";"BM";"-80,4876214563647920";"164,975242912729584";"165,975242912729584";TRUE;"0,0000000000000000";"0,71013759784993014";"BM";NA;"generated_in_script";"generated_branch_lengths";"Grafen branch lengths with power = 0.5";"15";TRUE;TRUE;"1,00000000000";"9,70904046266321";"0"
"grafen_power_0_5";"centroid_size";"OU";"-80,4842053399944035";"166,968410679988807";"169,150228861806994";TRUE;"3,1749859490774099";"0,14517875503629249";"BM";NA;"generated_in_script";"generated_branch_lengths";"Grafen branch lengths with power = 0.5";"15";TRUE;TRUE;"1,00000000000";"9,70904046266321";"0"
"grafen_power_0_5";"centroid_size";"EB";"-80,4876215015961947";"166,975243003192389";"169,157061185010576";TRUE;"3,1818182722809922";"0,14468364711377746";"BM";NA;"generated_in_script";"generated_branch_lengths";"Grafen branch lengths with power = 0.5";"15";TRUE;TRUE;"1,00000000000";"9,70904046266321";"0"
"grafen_power_2";"PC1";"BM";"14,4482192643202900";"-24,896438528640580";"-23,896438528640580";TRUE;"2,7687270915989473";"0,19245483577713413";"OU";NA;"generated_in_script";"generated_branch_lengths";"Grafen branch lengths with power = 2";"15";TRUE;TRUE;"1,00000000000";"5,63775510204082";"0"
"grafen_power_2";"PC1";"OU";"17,4234919010288536";"-28,846983802057707";"-26,665165620239527";TRUE;"0,0000000000000000";"0,76833439816546090";"OU";NA;"generated_in_script";"generated_branch_lengths";"Grafen branch lengths with power = 2";"15";TRUE;TRUE;"1,00000000000";"5,63775510204082";"0"
"grafen_power_2";"PC1";"EB";"14,4482182017786531";"-22,896436403557306";"-20,714618221739123";TRUE;"5,9505473985004045";"0,03921076605740496";"OU";NA;"generated_in_script";"generated_branch_lengths";"Grafen branch lengths with power = 2";"15";TRUE;TRUE;"1,00000000000";"5,63775510204082";"0"
"grafen_power_2";"PC2";"BM";"19,2915656486604306";"-34,583131297320861";"-33,583131297320861";TRUE;"0,0000000000000000";"0,61850995298897360";"BM";NA;"generated_in_script";"generated_branch_lengths";"Grafen branch lengths with power = 2";"15";TRUE;TRUE;"1,00000000000";"5,63775510204082";"0"
"grafen_power_2";"PC2";"OU";"19,9982848932741746";"-33,996569786548349";"-31,814751604730169";TRUE;"1,7683796925906918";"0,25547471388095105";"BM";NA;"generated_in_script";"generated_branch_lengths";"Grafen branch lengths with power = 2";"15";TRUE;TRUE;"1,00000000000";"5,63775510204082";"0"
"grafen_power_2";"PC2";"EB";"19,2915650467820363";"-32,583130093564073";"-30,401311911745893";TRUE;"3,1818193855749684";"0,12601533313007532";"BM";NA;"generated_in_script";"generated_branch_lengths";"Grafen branch lengths with power = 2";"15";TRUE;TRUE;"1,00000000000";"5,63775510204082";"0"
"grafen_power_2";"PC3";"BM";"-0,1664366901153133";"4,332873380230627";"5,332873380230627";TRUE;"8,5175640788590954";"0,01390288210147812";"OU";NA;"generated_in_script";"generated_branch_lengths";"Grafen branch lengths with power = 2";"15";TRUE;TRUE;"1,00000000000";"5,63775510204082";"0"
"grafen_power_2";"PC3";"OU";"5,6832544402233252";"-5,366508880446650";"-3,184690698628469";TRUE;"0,0000000000000000";"0,98326454452963163";"OU";NA;"generated_in_script";"generated_branch_lengths";"Grafen branch lengths with power = 2";"15";TRUE;TRUE;"1,00000000000";"5,63775510204082";"0"
"grafen_power_2";"PC3";"EB";"-0,1664381471745035";"6,332876294349007";"8,514694476167188";TRUE;"11,6993851747956565";"0,00283257336889015";"OU";NA;"generated_in_script";"generated_branch_lengths";"Grafen branch lengths with power = 2";"15";TRUE;TRUE;"1,00000000000";"5,63775510204082";"0"
"grafen_power_2";"PC4";"BM";"11,7028691855632552";"-19,405738371126510";"-18,405738371126510";TRUE;"7,1268464205749638";"0,02740663525646627";"OU";NA;"generated_in_script";"generated_branch_lengths";"Grafen branch lengths with power = 2";"15";TRUE;TRUE;"1,00000000000";"5,63775510204082";"0"
"grafen_power_2";"PC4";"OU";"16,8572014867598270";"-27,714402973519654";"-25,532584791701474";TRUE;"0,0000000000000000";"0,96700953617198793";"OU";NA;"generated_in_script";"generated_branch_lengths";"Grafen branch lengths with power = 2";"15";TRUE;TRUE;"1,00000000000";"5,63775510204082";"0"
"grafen_power_2";"PC4";"EB";"11,7028677948009339";"-17,405735589601868";"-15,223917407783686";TRUE;"10,3086673839177880";"0,00558382857154569";"OU";NA;"generated_in_script";"generated_branch_lengths";"Grafen branch lengths with power = 2";"15";TRUE;TRUE;"1,00000000000";"5,63775510204082";"0"
"grafen_power_2";"PC5";"BM";"10,9500747498957782";"-17,900149499791556";"-16,900149499791556";TRUE;"8,4743093173798592";"0,01420164389702292";"OU";NA;"generated_in_script";"generated_branch_lengths";"Grafen branch lengths with power = 2";"15";TRUE;TRUE;"1,00000000000";"5,63775510204082";"0"
"grafen_power_2";"PC5";"OU";"16,7781384994947977";"-27,556276998989595";"-25,374458817171416";TRUE;"0,0000000000000000";"0,98290491295930937";"OU";NA;"generated_in_script";"generated_branch_lengths";"Grafen branch lengths with power = 2";"15";TRUE;TRUE;"1,00000000000";"5,63775510204082";"0"
"grafen_power_2";"PC5";"EB";"10,9500733076667220";"-15,900146615333444";"-13,718328433515262";TRUE;"11,6561303836561532";"0,00289344314366776";"OU";NA;"generated_in_script";"generated_branch_lengths";"Grafen branch lengths with power = 2";"15";TRUE;TRUE;"1,00000000000";"5,63775510204082";"0"
"grafen_power_2";"abs_winding_angle_deg";"BM";"-88,3539871720474537";"180,707974344094907";"181,798883435004001";TRUE;"4,1195482108971078";"0,11067607561270001";"OU";NA;"generated_in_script";"generated_branch_lengths";"Grafen branch lengths with power = 2";"15";TRUE;TRUE;"1,00000000000";"5,63775510204082";"0"
"grafen_power_2";"abs_winding_angle_deg";"OU";"-84,6396676120534437";"175,279335224106887";"177,679335224106893";TRUE;"0,0000000000000000";"0,86816501208359897";"OU";NA;"generated_in_script";"generated_branch_lengths";"Grafen branch lengths with power = 2";"15";TRUE;TRUE;"1,00000000000";"5,63775510204082";"0"
"grafen_power_2";"abs_winding_angle_deg";"EB";"-88,3539882124808997";"182,707976424961799";"185,107976424961805";TRUE;"7,4286412008549121";"0,02115891230370093";"OU";NA;"generated_in_script";"generated_branch_lengths";"Grafen branch lengths with power = 2";"15";TRUE;TRUE;"1,00000000000";"5,63775510204082";"0"
"grafen_power_2";"n_turns_abs";"BM";"-5,9485272085298133";"15,897054417059627";"16,987963507968718";TRUE;"4,1195442728087013";"0,11067626469109051";"OU";NA;"generated_in_script";"generated_branch_lengths";"Grafen branch lengths with power = 2";"15";TRUE;TRUE;"1,00000000000";"5,63775510204082";"0"
"grafen_power_2";"n_turns_abs";"OU";"-2,2342096175800092";"10,468419235160018";"12,868419235160017";TRUE;"0,0000000000000000";"0,86816478579534329";"OU";NA;"generated_in_script";"generated_branch_lengths";"Grafen branch lengths with power = 2";"15";TRUE;TRUE;"1,00000000000";"5,63775510204082";"0"
"grafen_power_2";"n_turns_abs";"EB";"-5,9485281987671330";"17,897056397534264";"20,297056397534263";TRUE;"7,4286371623742458";"0,02115894951356609";"OU";NA;"generated_in_script";"generated_branch_lengths";"Grafen branch lengths with power = 2";"15";TRUE;TRUE;"1,00000000000";"5,63775510204082";"0"
"grafen_power_2";"start_end_dist";"BM";"6,4191382094621989";"-8,838276418924398";"-7,747367328015307";TRUE;"6,5409652931031141";"0,03634352161223486";"OU";NA;"generated_in_script";"generated_branch_lengths";"Grafen branch lengths with power = 2";"15";TRUE;TRUE;"1,00000000000";"5,63775510204082";"0"
"grafen_power_2";"start_end_dist";"OU";"11,3441663105592099";"-16,688332621118420";"-14,288332621118421";TRUE;"0,0000000000000000";"0,95670837065119096";"OU";NA;"generated_in_script";"generated_branch_lengths";"Grafen branch lengths with power = 2";"15";TRUE;TRUE;"1,00000000000";"5,63775510204082";"0"
"grafen_power_2";"start_end_dist";"EB";"6,4191370527948068";"-6,838274105589614";"-4,438274105589615";TRUE;"9,8500585155288061";"0,00694810773657421";"OU";NA;"generated_in_script";"generated_branch_lengths";"Grafen branch lengths with power = 2";"15";TRUE;TRUE;"1,00000000000";"5,63775510204082";"0"
"grafen_power_2";"axial_span";"BM";"6,0190002784086341";"-8,038000556817268";"-6,947091465908177";TRUE;"6,3535031974815395";"0,03974571407786477";"OU";NA;"generated_in_script";"generated_branch_lengths";"Grafen branch lengths with power = 2";"15";TRUE;TRUE;"1,00000000000";"5,63775510204082";"0"
"grafen_power_2";"axial_span";"OU";"10,8502973316948577";"-15,700594663389715";"-13,300594663389717";TRUE;"0,0000000000000000";"0,95265575132765179";"OU";NA;"generated_in_script";"generated_branch_lengths";"Grafen branch lengths with power = 2";"15";TRUE;TRUE;"1,00000000000";"5,63775510204082";"0"
"grafen_power_2";"axial_span";"EB";"6,0189991317929197";"-6,037998263585839";"-3,637998263585841";TRUE;"9,6625963998038760";"0,00759853459448349";"OU";NA;"generated_in_script";"generated_branch_lengths";"Grafen branch lengths with power = 2";"15";TRUE;TRUE;"1,00000000000";"5,63775510204082";"0"
"grafen_power_2";"fit_radius";"BM";"-11,3069792463691829";"26,613958492738366";"27,704867583647456";TRUE;"6,7882087847934862";"0,03227978369750293";"OU";NA;"generated_in_script";"generated_branch_lengths";"Grafen branch lengths with power = 2";"15";TRUE;TRUE;"1,00000000000";"5,63775510204082";"0"
"grafen_power_2";"fit_radius";"OU";"-6,2583293994269855";"18,516658798853971";"20,916658798853970";TRUE;"0,0000000000000000";"0,96154900883316829";"OU";NA;"generated_in_script";"generated_branch_lengths";"Grafen branch lengths with power = 2";"15";TRUE;TRUE;"1,00000000000";"5,63775510204082";"0"
"grafen_power_2";"fit_radius";"EB";"-11,3069804155583320";"28,613960831116664";"31,013960831116663";TRUE;"10,0973020322626930";"0,00617120746932889";"OU";NA;"generated_in_script";"generated_branch_lengths";"Grafen branch lengths with power = 2";"15";TRUE;TRUE;"1,00000000000";"5,63775510204082";"0"
"grafen_power_2";"centroid_size";"BM";"-91,7247821618085197";"187,449564323617039";"188,449564323617039";TRUE;"7,5947314106420549";"0,02184010608791372";"OU";NA;"generated_in_script";"generated_branch_lengths";"Grafen branch lengths with power = 2";"15";TRUE;TRUE;"1,00000000000";"5,63775510204082";"0"
"grafen_power_2";"centroid_size";"OU";"-86,3365073655783988";"178,673014731156798";"180,854832912974985";TRUE;"0,0000000000000000";"0,97371019051167695";"OU";NA;"generated_in_script";"generated_branch_lengths";"Grafen branch lengths with power = 2";"15";TRUE;TRUE;"1,00000000000";"5,63775510204082";"0"
"grafen_power_2";"centroid_size";"EB";"-91,7247836369061247";"189,449567273812249";"191,631385455630436";TRUE;"10,7765525426554518";"0,00444970340040929";"OU";NA;"generated_in_script";"generated_branch_lengths";"Grafen branch lengths with power = 2";"15";TRUE;TRUE;"1,00000000000";"5,63775510204082";"0"
