specimen_id,point_index,point_name,x,y,z,fit_x,fit_y,fit_z,theta_deg,radial_coordinate,axial_coordinate,radial_residual,axial_residual,helix_distance
15_mononychus_punctumalbum_trochanter_aligned,1,C.1.01,-0.04031828,-0.01783881,-0.3900598,-0.049346594573631185,-0.004721422016542735,-0.40453281835415755,-178.7076948198962,0.23843628092308936,0.07984941705160391,-0.011313970825761549,-0.0183040611882333,0.021518470945417367
15_mononychus_punctumalbum_trochanter_aligned,2,C.1.02,-0.010053,-0.001028726,-0.3906703,-0.017928706750426703,0.012674975663689563,-0.4022087190131182,-186.9364828896699,0.24123474447727977,0.0772562148578196,-0.008515507271571132,-0.017619291851156533,0.019569192866043618
15_mononychus_punctumalbum_trochanter_aligned,3,C.1.03,0.01779024,0.01831892,-0.3836422,0.01248336205700605,0.030524253821588552,-0.39485664099250706,-195.1729810244062,0.24081538740495226,0.07665910267707114,-0.008934864343898646,-0.014935361164993641,0.017403930991953285
15_mononychus_punctumalbum_trochanter_aligned,4,C.1.04,0.04403254,0.03793843,-0.3724468,0.04129253979189686,0.048401620427549724,-0.3826034441049406,-203.41636295142115,0.24091318699427627,0.07639221995070973,-0.00883706475457463,-0.011918458837511395,0.014837229341693082
15_mononychus_punctumalbum_trochanter_aligned,5,C.1.05,0.0661187,0.0569511,-0.3569203,0.06676050484033011,0.06508908618375235,-0.3665582661083976,-211.2854340477472,0.24004198045223646,0.07709648519164185,-0.009708271296614446,-0.008079516799782418,0.012630483889647121
15_mononychus_punctumalbum_trochanter_aligned,6,C.1.06,0.08591298,0.07549344,-0.3380839,0.08984682860452754,0.08108104308618255,-0.3465009497604056,-219.17603492700275,0.23966404933449337,0.07805635328689224,-0.010086202414357537,-0.003976395430262384,0.010841734167613767
15_mononychus_punctumalbum_trochanter_aligned,7,C.1.07,0.1039516,0.09276134,-0.316478,0.11006482960591893,0.09597252192482089,-0.3228511686813499,-227.0627161851672,0.2403651945605644,0.07842068870495503,-0.0093850571882865,-0.00047036813509310503,0.009396836947075295
15_mononychus_punctumalbum_trochanter_aligned,8,C.1.08,0.120981,0.1093751,-0.2871033,0.1292381023408113,0.11124026215272918,-0.29195476698450307,-236.0818196123401,0.2402170855833343,0.07737528754814887,-0.00953316616551661,0.0020770276081401745,0.009756807921873207
15_mononychus_punctumalbum_trochanter_aligned,9,C.1.09,0.1352949,0.1237845,-0.2552215,0.1437394555028073,0.12414522704360724,-0.25783057126936654,-245.0601038359046,0.2417725839460522,0.07554333457947028,-0.00797766780279871,0.003821611042061284,0.008845783997397681
15_mononychus_punctumalbum_trochanter_aligned,10,C.1.10,0.1451829,0.1353056,-0.2206041,0.15330813882646802,0.13431179795002887,-0.22143015947374578,-253.97577581024538,0.24328131934232136,0.07325367462165389,-0.006468932406529543,0.005083545640159707,0.008227364265415458
15_mononychus_punctumalbum_trochanter_aligned,11,C.1.11,0.1504574,0.1431059,-0.1876057,0.15764970509876364,0.1409461879005821,-0.18721506479063196,-262.0062163791227,0.24490829588228819,0.07072457491811768,-0.004841955866562719,0.005753404925705304,0.007519721062171894
15_mononychus_punctumalbum_trochanter_aligned,12,C.1.12,0.1510519,0.1476726,-0.1535997,0.15789023802727664,0.14498843062890904,-0.1524788782186169,-270.00223009532107,0.2455406450182171,0.06790990130836841,-0.004209606730633808,0.006123976226850163,0.007431276717605365
15_mononychus_punctumalbum_trochanter_aligned,13,C.1.13,0.1479937,0.1491416,-0.1194525,0.15410998935318115,0.14634298307525342,-0.11788382036436044,-277.96524626209623,0.24617097314994685,0.06452066605391654,-0.0035792785989040565,0.005906841173928124,0.006906664024157059
15_mononychus_punctumalbum_trochanter_aligned,14,C.1.14,0.1401581,0.1473205,-0.08178553,0.14526144712169492,0.1446075462454811,-0.07999093853655363,-286.8728918687299,0.24687818412841553,0.060392345721094254,-0.0028720676204353757,0.005326918060472784,0.006051845044227786
15_mononychus_punctumalbum_trochanter_aligned,15,C.1.15,0.1268925,0.1414793,-0.04609855,0.13179442647875564,0.1394170786462726,-0.04382919677595687,-295.7769900415187,0.2464846291076496,0.05628995412682038,-0.00326562264120131,0.004771510550721171,0.005782006932750082
15_mononychus_punctumalbum_trochanter_aligned,16,C.1.16,0.1102711,0.1323909,-0.0125618,0.1141049959550069,0.13084101254301944,-0.01028399190599777,-304.66863949000447,0.24691158051608236,0.051748853338195656,-0.0028386712327685415,0.0037724348461541414,0.004721156535874022
15_mononychus_punctumalbum_trochanter_aligned,17,C.1.17,0.09097143,0.1204245,0.01674626,0.09358025671846965,0.11954848307256159,0.018762729431149122,-313.2017254283159,0.2474354341452088,0.04708345109801331,-0.0023148176036421053,0.0025062224427985446,0.0034116757570024983
15_mononychus_punctumalbum_trochanter_aligned,18,C.1.18,0.06790635,0.1052325,0.04148485,0.0700509657770795,0.10542808001426895,0.04411811941499255,-321.74527518220907,0.24669184736210611,0.04266313167099852,-0.0030584043867447896,0.0014892611565320887,0.003401725471759146
15_mononychus_punctumalbum_trochanter_aligned,19,C.1.19,0.04363503,0.08756112,0.06324036,0.044185370057478246,0.08879761391994503,0.06513861037679056,-330.2628897935367,0.2474476851955742,0.03741569561867991,-0.002302566553276708,-0.0003651481256188782,0.0023313399335814777
15_mononychus_punctumalbum_trochanter_aligned,20,C.1.20,0.01775754,0.06651401,0.08240236,0.01583452549771744,0.06943742221932467,0.08179399485050232,-338.98870632436456,0.2497041780218296,0.03075349758296703,-4.607372702131185e-05,-0.003551381301252743,0.0035516801566595445
15_mononychus_punctumalbum_trochanter_aligned,21,C.1.21,-0.01012753,0.04368766,0.09586415,-0.01356711731034188,0.048201874739386516,0.09310693198457287,-347.67660749797426,0.2514627809645677,0.024771259702987512,0.001712529215716796,-0.006072758059454664,0.006309607496774679
15_mononychus_punctumalbum_trochanter_aligned,22,C.1.22,-0.0395588,0.01991031,0.1028109,-0.04342607349396098,0.025430186793559763,0.09891620145218682,-356.36591677085806,0.25234989512059286,0.020045336338406838,0.0025996433717419554,-0.007337259380127516,0.007784184020917723
15_mononychus_punctumalbum_trochanter_aligned,23,C.1.23,-0.07379298,-0.005692645,0.1026295,-0.07639259745041613,-0.0012331666001711983,0.09875688775954036,-366.0640868484046,0.2526292661612985,0.017744053031458658,0.002879014412447589,-0.005775236797303192,0.006453067801596813
15_mononychus_punctumalbum_trochanter_aligned,24,C.1.24,-0.1076987,-0.03064314,0.09519159,-0.10801139083727468,-0.028562009538425664,0.09161957581188127,-375.76172556920284,0.2530358064242597,0.017127698940567967,0.0032855546754088083,-0.002528496666564841,0.004145861179288295
15_mononychus_punctumalbum_trochanter_aligned,25,C.1.25,-0.1390159,-0.05677018,0.08238547,-0.13715586640105057,-0.05570712238872221,0.07782990251491204,-385.402030715997,0.2547365241039494,0.015123048260862504,0.00498627235509852,-0.0006928921893679884,0.0050341843018812
15_mononychus_punctumalbum_trochanter_aligned,26,C.1.26,-0.1679047,-0.08472084,0.05720788,-0.1657719563094942,-0.08499561280401075,0.05520384833292988,-396.10548035102113,0.2525076563898736,0.01257048881935201,0.0027574046410226982,0.001018311500230988,0.0029394282889425995
15_mononychus_punctumalbum_trochanter_aligned,27,C.1.27,-0.1932664,-0.1138123,0.02963266,-0.18928511940404952,-0.1123611638245675,0.025873229195272907,-406.7434831620388,0.25540762925755434,0.007603952093492487,0.005657377508703432,0.00028946689428713924,0.00566477813853921
15_mononychus_punctumalbum_trochanter_aligned,28,C.1.28,-0.2125948,-0.1398149,-0.00500685,-0.2068925080673652,-0.13700006480044505,-0.008976267332409471,-417.30610865362854,0.2572462956566767,0.0031777436808203417,0.007496043907825822,7.092373669198274e-05,0.007496379422393064
15_mononychus_punctumalbum_trochanter_aligned,29,C.1.29,-0.2210523,-0.1549203,-0.03950014,-0.21654822233402457,-0.15473676990797586,-0.04081630746003262,-425.92810106680025,0.2539706180124287,0.0017316322851267366,0.004220366263577802,0.0020594184373070932,0.004696029780427914
15_mononychus_punctumalbum_trochanter_aligned,30,C.1.30,-0.2228648,-0.1668073,-0.07617324,-0.22170817075117608,-0.17012119738444773,-0.07529595073183974,-434.64238798542476,0.2488469716818166,-0.00029581278915910016,-0.0009032800670343011,0.0035033453547162496,0.0036179197826808843
15_mononychus_punctumalbum_trochanter_aligned,31,C.1.31,-0.2213055,-0.1765241,-0.1134915,-0.22203542469807988,-0.1829089392771035,-0.11209832645805329,-443.5525904360297,0.24558180648815495,-0.002262911763981311,-0.004168445260695958,0.005085662128560265,0.0065757049186601305
15_mononychus_punctumalbum_trochanter_aligned,32,C.1.32,-0.2173819,-0.1820906,-0.1421033,-0.21883344621385142,-0.19058545337277166,-0.1409769735925947,-450.42249236894867,0.2438392737745926,-0.0037135346181508934,-0.005910977974258297,0.006371692930429647,0.008691267537698697
15_mononychus_punctumalbum_trochanter_aligned,33,C.1.33,-0.2102897,-0.1863438,-0.1703289,-0.21260385383638272,-0.1962996104507154,-0.16999335588632203,-457.33132225436566,0.2422513540375622,-0.0058837854585613485,-0.007498897711288699,0.006953602855848958,0.010226732594589663
15_mononychus_punctumalbum_trochanter_aligned,34,C.1.34,-0.2008641,-0.1900784,-0.197938,-0.20339974038319605,-0.1999583129174793,-0.1986227414710106,-464.2565419881965,0.24192965593703922,-0.009012059252682374,-0.007820595811811687,0.006584018791001636,0.010223063253838859
15_mononychus_punctumalbum_trochanter_aligned,35,C.1.35,-0.1890306,-0.1938093,-0.2257791,-0.1909711229771836,-0.20153882866441059,-0.2271240092181548,-471.37383247000275,0.24342121522007207,-0.013405016897054029,-0.006329036528778836,0.005026263047372481,0.008082080400738432
15_mononychus_punctumalbum_trochanter_aligned,36,C.1.36,-0.173665,-0.1942739,-0.2520978,-0.17570254854042922,-0.2009217531319884,-0.2542421493795154,-478.4896996141718,0.2436339368432192,-0.017324534186602954,-0.006116314905631692,0.003941380666171282,0.007276248317678644
15_mononychus_punctumalbum_trochanter_aligned,37,C.1.37,-0.1559781,-0.1933762,-0.2769052,-0.15789093720538422,-0.1981703722794246,-0.2794459370966279,-485.5729557099673,0.24453036369334796,-0.021668644445140273,-0.0052198880555029414,0.0024189145708982574,0.005753119068234771
15_mononychus_punctumalbum_trochanter_aligned,38,C.1.38,-0.1277903,-0.1895798,-0.3112563,-0.12804678791145824,-0.19058784972705695,-0.31193323154871366,-495.81268999665787,0.2486436293947485,-0.02760483986482723,-0.0011066223541024156,0.0005617593684029744,0.0012410425547045947
15_mononychus_punctumalbum_trochanter_aligned,39,C.1.39,-0.09660089,-0.1807142,-0.3418766,-0.09475499707913695,-0.17928726847724524,-0.3384161044039408,-505.88139094730906,0.25389723741474296,-0.031707407732059725,0.004146985665892056,0.0004700998863582625,0.0041735457366929955
15_mononychus_punctumalbum_trochanter_aligned,40,C.1.40,-0.06139746,-0.1668166,-0.3654672,-0.058964384144433044,-0.164820538916333,-0.3584353392731464,-515.828577031368,0.2573919027397388,-0.03516207683669999,0.007641650990887872,0.0009779332206244708,0.007703971913924566
15_mononychus_punctumalbum_trochanter_aligned,41,C.1.41,-0.02294694,-0.1508936,-0.3806657,-0.02202145606453728,-0.14794951326922146,-0.37153707280542614,-525.5895834827808,0.25938358113111537,-0.04026279677822668,0.009633329382264466,-0.0002344497034728305,0.009636181902115546
15_mononychus_punctumalbum_trochanter_aligned,42,C.1.42,0.01677142,-0.1328171,-0.3883195,0.015441425634615686,-0.12915409037118117,-0.37773494459029466,-535.2807147458602,0.26088748974925025,-0.04567245982680651,0.011137238000399341,-0.0017836108029380619,0.01127915501151995
15_mononychus_punctumalbum_trochanter_aligned,43,C.1.43,0.05565429,-0.1115772,-0.3885677,0.05265456203335714,-0.10895996820628942,-0.37695159674489015,-544.9666624472839,0.2619186406798793,-0.04939423349632799,0.012168388931028395,-0.0016469474164242568,0.012279337318000629
15_mononychus_punctumalbum_trochanter_aligned,44,C.1.44,0.08671094,-0.09206984,-0.3828767,0.0828989592702716,-0.09145673034995021,-0.37092784261599265,-553.0744448186759,0.2623014454321182,-0.05136413385931772,0.012551193683267292,-0.00038707936558587985,0.012557161037039863
15_mononychus_punctumalbum_trochanter_aligned,45,C.1.45,0.1168448,-0.07321443,-0.3722011,0.11161126017109424,-0.0738982131720198,-0.3601695241113806,-561.1533262803482,0.262888338615918,-0.054278918747889544,0.013138086867067078,-8.36086364393432e-05,0.013138352900218829
15_mononychus_punctumalbum_trochanter_aligned,46,C.1.46,0.1456366,-0.05563705,-0.3567213,0.13821907632203922,-0.05672105792568058,-0.34496589097133956,-569.1858661431884,0.26365688869748116,-0.058390002797897224,0.013906636948630258,-0.0009948974349913247,0.013942179604608418
15_mononychus_punctumalbum_trochanter_aligned,47,C.1.47,0.1760487,-0.03740735,-0.335092,0.16486267811001,-0.03847828907525848,-0.3232115727627569,-578.0898387417564,0.26581941164401923,-0.06397529639164237,0.016069159895168328,-0.0030332569672209407,0.01635293697063858
15_mononychus_punctumalbum_trochanter_aligned,48,C.1.48,0.2016936,-0.01877299,-0.3082565,0.187899322489548,-0.021593656378371906,-0.2968460716748161,-586.979047445527,0.26760491012332865,-0.06758910248989908,0.01785465837447775,-0.0031060102621036137,0.018122806775375578
15_mononychus_punctumalbum_trochanter_aligned,49,C.1.49,0.2200342,-0.001980938,-0.2749897,0.20690400526151403,-0.006481846444197678,-0.2663876117477033,-595.8869389972547,0.26597087594371915,-0.0699150586101916,0.01622062419486825,-0.001883471189790656,0.016329608476442894
15_mononychus_punctumalbum_trochanter_aligned,50,C.1.50,0.2332621,0.008339176,-0.2441359,0.21946514212330603,0.004547954466975104,-0.23804596125783217,-603.4096039056788,0.2649492175417103,-0.07431585459915847,0.015198965792859398,-0.0032875827099230325,0.01555045855423871
15_mononychus_punctumalbum_trochanter_aligned,51,C.1.51,0.2423034,0.01576022,-0.2110208,0.22864846386552676,0.013764768215830891,-0.20773293751340371,-610.9512913296367,0.26295146234150185,-0.07922649085897951,0.013201210592650947,-0.005193956803703509,0.014186230943779745
15_mononychus_punctumalbum_trochanter_aligned,52,C.1.52,0.2462515,0.02205408,-0.1766953,0.23433797748216012,0.021017033737927182,-0.1756055255072419,-618.5928697952546,0.26045860860746023,-0.0825103885157971,0.010708356858609325,-0.005433800287690042,0.012008126089353971
15_mononychus_punctumalbum_trochanter_aligned,53,C.1.53,0.2460452,0.02750102,-0.1479591,0.23625330515077558,0.025373223532937222,-0.14781171659729486,-625.0384172791189,0.2591185117748751,-0.08320315183267793,0.0093682600260242,-0.0035589532865302792,0.010021499109958814
15_mononychus_punctumalbum_trochanter_aligned,54,C.1.54,0.2445558,0.03184441,-0.1190743,0.235515407012244,0.028035240855521226,-0.11966959036664011,-631.5020733274462,0.2593911415029417,-0.0841284963170492,0.009640889754090776,-0.001909473831818436,0.009828165930881073
15_mononychus_punctumalbum_trochanter_aligned,55,C.1.55,0.2385752,0.03314799,-0.09047389,0.23213714775727848,0.0289278734597877,-0.09157716924500395,-637.9729412457161,0.25752280577435077,-0.08504677790771993,0.007772554025499867,-0.0002500586053885531,0.00777657542787578
15_mononychus_punctumalbum_trochanter_aligned,56,C.1.56,0.2279494,0.03086315,-0.06679047,0.22698628347828917,0.028206006483645518,-0.06704046685012269,-643.7055324783931,0.2520895485071804,-0.08547464494714047,0.002339296758329501,0.0016056756217983313,0.002837340925227048
15_mononychus_punctumalbum_trochanter_aligned,57,C.1.57,0.213572,0.02564532,-0.04569304,0.21989182528074563,0.02605690411199621,-0.04313713540121723,-649.4254192420831,0.2439281721587955,-0.08578875863109606,-0.005822079590055401,0.0035701023270400963,0.006829512528612717
15_mononychus_punctumalbum_trochanter_aligned,58,C.1.58,0.2027093,0.01736541,-0.02350148,0.2104796054832222,0.022288339611854002,-0.01902494775500306,-655.4039479574108,0.23957101817203383,-0.09072287260747697,-0.010179233576817076,0.0010175598237739084,0.010229966969954457
240_anthribus_nebulosus_trochanter_aligned,1,C.1.01,-0.02680087,-0.02519697,-0.448799,-0.019281440291870733,-0.027028169805642162,-0.41966775722847593,71.40552108020415,0.27258785085057363,0.09378826408394751,0.02559463580718116,0.015919768816629064,0.030141738856229814
240_anthribus_nebulosus_trochanter_aligned,2,C.1.02,0.01247149,0.007741401,-0.4533522,0.016837710326482083,0.0021870475358676048,-0.42109781616618225,60.65036834144068,0.2750924458374829,0.09110167593802251,0.028099230794090407,0.017340508286194916,0.03301908537260152
240_anthribus_nebulosus_trochanter_aligned,3,C.1.03,0.05059774,0.04159782,-0.4464156,0.050462035919057804,0.03299306043372918,-0.4144385500111317,49.98601384973595,0.2758283220427094,0.08597128638793901,0.028835106999316934,0.016282771051618967,0.03311483094900978
240_anthribus_nebulosus_trochanter_aligned,4,C.1.04,0.08467591,0.0746969,-0.4266399,0.08076851167757262,0.06439426172147622,-0.39996216567881776,39.34653261144395,0.27269272371340886,0.07876495403598367,0.025699508670016386,0.01313959207051549,0.028863707760088574
240_anthribus_nebulosus_trochanter_aligned,5,C.1.05,0.1179172,0.1070613,-0.389558,0.11047071560046082,0.09990514840615718,-0.37415423966578776,27.07602877129612,0.2648706960373694,0.06587209298756196,0.01787748099397693,0.0049327620346500695,0.01854552420344301
240_anthribus_nebulosus_trochanter_aligned,6,C.1.06,0.1422554,0.1347734,-0.3430047,0.13393170303573543,0.13385071811072966,-0.3385808997708273,14.461938152151408,0.2558092273409327,0.052660409087451336,0.008816012297540227,-0.0034616771453940594,0.009471287213960062
240_anthribus_nebulosus_trochanter_aligned,7,C.1.07,0.1554167,0.1600963,-0.2909176,0.14980676349764377,0.16478555692064045,-0.2931026596076594,1.2045890000077757,0.24774052584026887,0.04346467840633453,0.0007473107968763992,-0.007594506573184368,0.007631186245746323
240_anthribus_nebulosus_trochanter_aligned,8,C.1.08,0.1595209,0.180775,-0.2391491,0.15599820519424956,0.18858393890112496,-0.2428888137417742,-11.742154405236015,0.24384586265999963,0.03731328088931668,-0.0031473523833928374,-0.008801621288213352,0.009347425545377652
240_anthribus_nebulosus_trochanter_aligned,9,C.1.09,0.1552825,0.1963061,-0.1856203,0.1527173650728406,0.2048357970642445,-0.1886019880106284,-24.886670610085414,0.24277457989529255,0.03270287867613321,-0.00421863514809992,-0.008392212466462892,0.009392875629701461
240_anthribus_nebulosus_trochanter_aligned,10,C.1.10,0.1437248,0.2042546,-0.131512,0.14015775639834646,0.212095304182583,-0.13377032895398455,-38.02095710092848,0.24392502699924934,0.027719359387331815,-0.003068188044143133,-0.008359827386080012,0.008905082357804267
240_anthribus_nebulosus_trochanter_aligned,11,C.1.11,0.12505,0.2032845,-0.08009502,0.11985640473445511,0.21002153957491201,-0.08257675699058419,-50.78151478076734,0.2458108411145065,0.022424085718430034,-0.0011823739288859825,-0.008781921452560671,0.008861159772098382
240_anthribus_nebulosus_trochanter_aligned,12,C.1.12,0.09946173,0.1945411,-0.03253253,0.09302374352791912,0.19903511932833445,-0.036310845455127555,-63.4234072008562,0.24869224251513064,0.01783221901405176,0.0016990274717381681,-0.00854592609767218,0.008713182381690165
240_anthribus_nebulosus_trochanter_aligned,13,C.1.13,0.0661512,0.178403,0.00775826,0.061194086597268806,0.17969420283126217,0.0031096126355653064,-75.97974020983558,0.25089592459451154,0.015871656724859323,0.0039027095511190713,-0.005711300947898541,0.006917376696252866
240_anthribus_nebulosus_trochanter_aligned,14,C.1.14,0.0264108,0.155454,0.04048052,0.025148309446584236,0.15211243464857596,0.034735788895083386,-88.78880625773947,0.25373779039324296,0.016169160868522714,0.006744575349850485,-0.0005220921501875888,0.0067647525352445975
240_anthribus_nebulosus_trochanter_aligned,15,C.1.15,-0.01787621,0.1276044,0.06144964,-0.012103932575101648,0.11825671877374055,0.056011986797941865,-101.44216350962238,0.25603581896848876,0.020135347400985545,0.009042603925096288,0.008276334791285476,0.012258319759396376
240_anthribus_nebulosus_trochanter_aligned,16,C.1.16,-0.05982959,0.0906297,0.06847304,-0.049082494136639176,0.07925092555904198,0.06643141752928325,-114.11850258150706,0.25413421586689683,0.02109460408170042,0.0071410008235043565,0.014076608498715629,0.015784321321723097
240_anthribus_nebulosus_trochanter_aligned,17,C.1.17,-0.09582983,0.03985773,0.05658265,-0.08808807557343229,0.031124309690639323,0.06454370165112616,-128.4767012215298,0.2432926944712467,0.015168903936910842,-0.00370052057214576,0.013634217351511569,0.014127481562300231
240_anthribus_nebulosus_trochanter_aligned,18,C.1.18,-0.1210233,-0.01369882,0.03394995,-0.12247874437988744,-0.020181296248892595,0.04758049920643048,-143.31834956801075,0.23404225864240052,0.003753792133013136,-0.012950956400991948,0.007887041056627717,0.015163531525648146
240_anthribus_nebulosus_trochanter_aligned,19,C.1.19,-0.1415426,-0.06660962,0.005760193,-0.14892194911603324,-0.07130821329342377,0.01553282513448595,-158.58604541312505,0.2339590995428192,-0.008498370959521481,-0.013034115500573262,0.0014655184294336612,0.013116246076880951
240_anthribus_nebulosus_trochanter_aligned,20,C.1.20,-0.156425,-0.1106338,-0.02929368,-0.16338350831078483,-0.11388840745008713,-0.024841428981404512,-172.58498202536498,0.2381692197070692,-0.016296382197405205,-0.008823995336323276,-0.0009863838008368946,0.008878955270639026
240_anthribus_nebulosus_trochanter_aligned,21,C.1.21,-0.1640097,-0.1493863,-0.07206167,-0.16739891287027667,-0.14922921561667218,-0.07199620409481429,-186.2652313431875,0.24453757258624212,-0.022876526756953983,-0.0024556424571503532,-0.0023421240981034565,0.0033934827490759716
240_anthribus_nebulosus_trochanter_aligned,22,C.1.22,-0.1603822,-0.1797787,-0.1215744,-0.16119438225944854,-0.17612627400163589,-0.1229848904592878,-199.69325984116855,0.24901950435340472,-0.029109729242311703,0.0020262893100122525,-0.003447243922898562,0.003998667156920047
240_anthribus_nebulosus_trochanter_aligned,23,C.1.23,-0.1460754,-0.2005975,-0.1689688,-0.14701053712439566,-0.19273739551666588,-0.170779781945219,-211.85846294016127,0.2519001441225035,-0.03677803418441322,0.004906929079111028,-0.006469731566984455,0.008120060316048242
240_anthribus_nebulosus_trochanter_aligned,24,C.1.24,-0.1229866,-0.2123987,-0.216001,-0.12538233956782113,-0.20130396415436222,-0.2174606854765949,-223.93225835488073,0.2533967201659562,-0.04440385922736812,0.006403505122563741,-0.009484647352283817,0.011443924731135102
240_anthribus_nebulosus_trochanter_aligned,25,C.1.25,-0.09310776,-0.2128345,-0.2606264,-0.0969394028408459,-0.20172316461081524,-0.26140337228050803,-236.05022017001207,0.2528395273351102,-0.0497728170506971,0.0058463122917177535,-0.010225829037449386,0.011779089392454466
240_anthribus_nebulosus_trochanter_aligned,26,C.1.26,-0.06344974,-0.2015404,-0.2938351,-0.06781047961268,-0.19557496129612267,-0.29544276100313305,-246.51386575392155,0.2484460543595277,-0.050964334406656146,0.0014528393161352404,-0.007421343592760029,0.007562214146684082
240_anthribus_nebulosus_trochanter_aligned,27,C.1.27,-0.03136731,-0.1846179,-0.3220234,-0.03475540553391565,-0.1834281590003739,-0.32509779153725304,-257.16726775479475,0.24459608076549674,-0.05168580769663799,-0.0023971342778957294,-0.004074347257070852,0.00472721464685744
240_anthribus_nebulosus_trochanter_aligned,28,C.1.28,0.004002273,-0.1663847,-0.3449707,0.001035098622922996,-0.16565910798738653,-0.34883741035115345,-267.922674727159,0.24379352773785296,-0.0554664253571524,-0.003199687305539517,-0.0037475402118238685,0.004927682669619452
240_anthribus_nebulosus_trochanter_aligned,29,C.1.29,0.04526242,-0.1365129,-0.3623266,0.04490291868313179,-0.1385049619330913,-0.36768319433485613,-280.64027751456797,0.24130881326940734,-0.05726720321766207,-0.005684401773985132,-0.0006915426828681216,0.005726312496739444
240_anthribus_nebulosus_trochanter_aligned,30,C.1.30,0.08320956,-0.09883884,-0.3683791,0.08906780064930037,-0.10570745147513541,-0.3756251843835874,-293.5101903329818,0.23714147605916414,-0.05541229775193336,-0.009851738984228336,0.006078304449612603,0.011575946872526057
240_anthribus_nebulosus_trochanter_aligned,31,C.1.31,0.1188818,-0.05951029,-0.3596259,0.1317175461335232,-0.0686545318403987,-0.371709768910668,-306.62456366764377,0.23022401212982307,-0.055859951761670676,-0.016769202913569398,0.010638950095460361,0.01985934101349193
240_anthribus_nebulosus_trochanter_aligned,32,C.1.32,0.1504933,-0.02400563,-0.3342462,0.17071890407788545,-0.029192412908948775,-0.35531978743582826,-320.0228713804392,0.21904030881394754,-0.06168039915400396,-0.027952906229444935,0.009935235176043626,0.029666038911109093
240_anthribus_nebulosus_trochanter_aligned,33,C.1.33,0.1748658,0.007198509,-0.2976903,0.2044851018619971,0.011304263992917382,-0.3256510529116352,-334.0373628256223,0.20678661205720922,-0.06926099520444329,-0.040206602986183254,0.00770668842959946,0.04093853893630654
240_anthribus_nebulosus_trochanter_aligned,34,C.1.34,0.1887193,0.03282008,-0.2523502,0.23045611386883638,0.0504567850094017,-0.2820994539894633,-348.8815966269471,0.193140879280868,-0.0764755155896656,-0.05385233576252446,0.006161090922918588,0.054203626340311804
300_phaenomerus_foveipennis_trochanter_aligned,1,C.1.01,0.1430001,0.2360349,-0.1854341,0.1477397224984749,0.232082254601535,-0.1853115090519054,99.85709484293916,0.2510517350946456,0.11090933737998739,-0.001648951689767364,0.005948395913136893,0.006172718656686907
300_phaenomerus_foveipennis_trochanter_aligned,2,C.1.02,0.1545777,0.239576,-0.1450178,0.15161083483000687,0.23331479266587113,-0.14468853403032406,90.63531534225729,0.2587182949850202,0.10440280455918817,0.006017608200607205,0.0034499005551811746,0.0069363839496278164
300_phaenomerus_foveipennis_trochanter_aligned,3,C.1.03,0.1571252,0.2375915,-0.1029498,0.15015093109830083,0.23084382104782275,-0.10424259237718454,81.47645813826558,0.26238306822657254,0.098419418386838,0.009682381442159549,0.0014472040954530033,0.009789939227869119
300_phaenomerus_foveipennis_trochanter_aligned,4,C.1.04,0.147112,0.2302845,-0.06262165,0.14342971461507661,0.22460909888467948,-0.06442877296193507,72.24787230862725,0.25927371800632953,0.09537583192072191,0.006573031221916548,0.002414613308806595,0.0070025064709255905
300_phaenomerus_foveipennis_trochanter_aligned,5,C.1.05,0.135159,0.2206796,-0.03037774,0.133688216899851,0.216362588267195,-0.031941323868643845,64.3657998961727,0.2567714703085563,0.0921187293791457,0.004070783524143307,0.002583274906529865,0.0048212641229394525
300_phaenomerus_foveipennis_trochanter_aligned,6,C.1.06,0.1196733,0.2079113,-0.0008497788,0.12036359983694554,0.20542712898237273,-0.0012461944121350543,56.41602981358646,0.2537255448376571,0.08847910654840672,0.0010248580532440932,0.0023988394731518947,0.002608594419845821
300_phaenomerus_foveipennis_trochanter_aligned,7,C.1.07,0.1019661,0.1931956,0.02644062,0.10360914572510366,0.19184915961937388,0.027091405723558087,48.37436018961068,0.2519323507065534,0.08466976773193888,-0.0007683360778595882,0.0020846301069514773,0.002221716231058552
300_phaenomerus_foveipennis_trochanter_aligned,8,C.1.08,0.08403802,0.1789267,0.04842428,0.08610303059083463,0.17770859112977594,0.04970737186306251,41.170688729984604,0.25119493174087565,0.08171853169799312,-0.001505755043537338,0.0022643066130488693,0.002719261423444776
300_phaenomerus_foveipennis_trochanter_aligned,9,C.1.09,0.06468081,0.1630536,0.06795993,0.06653707586629352,0.16187618881015833,0.06935132318000739,33.961794115726974,0.25119183579674764,0.0784403262025483,-0.0015088509876653444,0.0021192837834332428,0.0026015370567612243
300_phaenomerus_foveipennis_trochanter_aligned,10,C.1.10,0.04524344,0.1446026,0.08499074,0.045484646687545344,0.14475404309012813,0.08554990344949515,26.826240608124312,0.2520753675492686,0.07327222668876085,-0.0006253192351443615,5.2490885628212856e-05,0.0006275184769514505
300_phaenomerus_foveipennis_trochanter_aligned,11,C.1.11,0.01604431,0.1151986,0.1046699,0.013239989151404868,0.11826953091689962,0.10259559571012572,16.642341519222178,0.254565586908907,0.06453680866747417,0.0018649001244940289,-0.004256726198722211,0.004647318625317841
300_phaenomerus_foveipennis_trochanter_aligned,12,C.1.12,-0.01534698,0.08453647,0.1180407,-0.020213669793688813,0.09035467986576545,0.11197731247291984,6.572909361131866,0.2582669649168674,0.05645985800757844,0.005566278132454416,-0.007957226378946112,0.009710865249484031
300_phaenomerus_foveipennis_trochanter_aligned,13,C.1.13,-0.04864112,0.05306002,0.1203025,-0.054108396176870084,0.06148241232348358,0.11364809358654904,-3.49359761394651,0.2586557761700032,0.0495707144904614,0.005955089385590195,-0.010471190780892797,0.012046116634012127
300_phaenomerus_foveipennis_trochanter_aligned,14,C.1.14,-0.07873217,0.02254133,0.1139451,-0.0854511930721442,0.03409391879288077,0.1081294495413738,-12.978428923099457,0.2577059725841526,0.04223098530353427,0.005005285799739634,-0.013688552998079964,0.014574956916516753
300_phaenomerus_foveipennis_trochanter_aligned,15,C.1.15,-0.1069115,-0.008404734,0.1027356,-0.11513811941025626,0.007324713864343933,0.09596308424315403,-22.41723014338299,0.2586840158518303,0.03378499658930074,0.005983329067417331,-0.01803218067750107,0.01899894119984179
300_phaenomerus_foveipennis_trochanter_aligned,16,C.1.16,-0.1345228,-0.03415304,0.08147947,-0.14289475388266024,-0.018746487653292863,0.07711017623576541,-32.01627467936909,0.25641279728934396,0.02996007947559808,0.0037121105049309766,-0.017685090630883884,0.018070478549927677
300_phaenomerus_foveipennis_trochanter_aligned,17,C.1.17,-0.1606,-0.05333045,0.05418792,-0.1671228098772427,-0.0427834637091715,0.05254361288667214,-41.515479148918075,0.25374567567065326,0.031050694279780962,0.0010449888862402723,-0.012465861888539985,0.012509584901047678
300_phaenomerus_foveipennis_trochanter_aligned,18,C.1.18,-0.1841705,-0.06791688,0.02218441,-0.1875154415978417,-0.06463255875047985,0.022569436324983067,-51.07748021257191,0.2515884159079654,0.034790474157400116,-0.0011122708764476075,-0.004570174956318168,0.0047035779608667495
300_phaenomerus_foveipennis_trochanter_aligned,19,C.1.19,-0.2029186,-0.08104217,-0.01343752,-0.20339880848239583,-0.08378721518580914,-0.012186262671205275,-60.733826333155164,0.25044281005898544,0.037221286839290615,-0.0022578767254275434,0.002057549720987038,0.0030547533716425274
300_phaenomerus_foveipennis_trochanter_aligned,20,C.1.20,-0.2124111,-0.09141547,-0.042683,-0.21206924928785761,-0.09625417532739164,-0.04138302907545163,-68.16476989621768,0.2500141941584638,0.03617699452197822,-0.002686492625949166,0.00424294861271169,0.005021937430851924
300_phaenomerus_foveipennis_trochanter_aligned,21,C.1.21,-0.2174104,-0.100663,-0.0733835,-0.21744989154047695,-0.10655605928509194,-0.0721586945816969,-75.59285782912617,0.24918047225102977,0.03358800766447302,-0.00352021453338322,0.004882411829315466,0.006019124158221215
300_phaenomerus_foveipennis_trochanter_aligned,22,C.1.22,-0.2177901,-0.1079598,-0.1050004,-0.2194236929731414,-0.11457711346704408,-0.1040398456609587,-83.02925534719174,0.2475323076436278,0.03001973977288476,-0.00516837914078519,0.004546205584701016,0.006883322465297632
300_phaenomerus_foveipennis_trochanter_aligned,23,C.1.23,-0.2111434,-0.1153912,-0.1579501,-0.21493022694064573,-0.1226444583067638,-0.15835718845523608,-95.48560134834285,0.24541294888655868,0.023801912578897567,-0.007287737897854307,0.0037422468766240492,0.00819240717697948
300_phaenomerus_foveipennis_trochanter_aligned,24,C.1.24,-0.1981566,-0.1186735,-0.2101386,-0.2007675870442565,-0.1238684457872199,-0.21158418109189084,-107.94100857965766,0.24733157365477254,0.017304596468928294,-0.005369113129640446,0.0026583912375313904,0.005991195187161023
300_phaenomerus_foveipennis_trochanter_aligned,25,C.1.25,-0.1768004,-0.1161729,-0.2595423,-0.17776424887717748,-0.11849721686712791,-0.2606771757209746,-120.25750689579006,0.25025112285752527,0.010565530658916468,-0.002449563926887721,0.0012724122865642215,0.002760325426269382
300_phaenomerus_foveipennis_trochanter_aligned,26,C.1.26,-0.1474169,-0.1068959,-0.3036069,-0.1471243437052468,-0.10719218399557837,-0.30351461972601923,-132.43478700869198,0.2527955400880253,0.00441634225747698,9.485330361230782e-05,0.00041580270729687146,0.00042648451390591644
300_phaenomerus_foveipennis_trochanter_aligned,27,C.1.27,-0.1103457,-0.09091734,-0.3391255,-0.11003990548590242,-0.09070792097864451,-0.3386076996158104,-144.56322614548296,0.25333626154145533,-0.0012317146227178812,0.0006355747570423453,3.909702591142728e-05,0.0006367761374491063
300_phaenomerus_foveipennis_trochanter_aligned,28,C.1.28,-0.06840608,-0.07111987,-0.3663337,-0.06813275958713477,-0.0700457382007078,-0.364458763540512,-156.6342301238332,0.2547964339871314,-0.007110237527772756,0.0020957472027184343,-0.0005930375702727566,0.002178038084482665
300_phaenomerus_foveipennis_trochanter_aligned,29,C.1.29,-0.03623813,-0.05455606,-0.3796377,-0.03613046370898612,-0.05331296653897444,-0.3767087663029365,-165.24682504108347,0.2557939746575335,-0.011013526992995407,0.0030932878731205204,-0.000753057845630029,0.0031836340846365346
300_phaenomerus_foveipennis_trochanter_aligned,30,C.1.30,-0.003087003,-0.03629597,-0.3869661,-0.00319032547096376,-0.03545390637545459,-0.38346030875194603,-173.84572289415556,0.25627204587279984,-0.014503466163095727,0.0035713590883868496,-0.0005056809443876023,0.00360698197330126
300_phaenomerus_foveipennis_trochanter_aligned,31,C.1.31,0.03072113,-0.01777259,-0.386794,0.030022686731763736,-0.016925841442777968,-0.38458065952236276,-182.43887339037227,0.2549859958082759,-0.018671243227188855,0.0022853090238629248,-0.0009386398955403597,0.002470563131767681
300_phaenomerus_foveipennis_trochanter_aligned,32,C.1.32,0.06085877,-0.002333671,-0.3830183,0.059017868324534456,-0.00039777934061940856,-0.38087002412389026,-190.02153837787228,0.25506058645806673,-0.02351471188768593,0.0023598996736537425,-0.0024864750683960793,0.003428073035316803
300_phaenomerus_foveipennis_trochanter_aligned,33,C.1.33,0.09004962,0.01257687,-0.3737199,0.0872325749753532,0.015951307382357473,-0.3728117881488834,-197.60632853058493,0.2539668401718688,-0.0286310792579859,0.0012661533874558373,-0.0043062852961585464,0.004488567416501316
300_phaenomerus_foveipennis_trochanter_aligned,34,C.1.34,0.1180113,0.02716726,-0.3608297,0.1143106067586773,0.03185010340326398,-0.36048174541754086,-205.22378009652425,0.25353764058840456,-0.03355540589634787,0.0008369538039915692,-0.005919859248943588,0.005978731069158308
300_phaenomerus_foveipennis_trochanter_aligned,35,C.1.35,0.1634043,0.05458849,-0.3256632,0.1604738223928188,0.05931071030552258,-0.32641431976000423,-219.61330125875057,0.2522270842106969,-0.03947773337647742,-0.00047360257371609205,-0.005588107471776012,0.005608140914237899
300_phaenomerus_foveipennis_trochanter_aligned,36,C.1.36,0.2001844,0.0796985,-0.280212,0.1979996308897101,0.08176339027467808,-0.2799689729676955,-234.04524092079262,0.25345562747414385,-0.04308209253220587,0.0007549406897308653,-0.002919951130610996,0.0030159658569300514
300_phaenomerus_foveipennis_trochanter_aligned,37,C.1.37,0.2255667,0.09663275,-0.2243726,0.22454611709085925,0.0973505305360415,-0.22428308382318524,-248.43990294664542,0.2531593802918298,-0.04758224700382867,0.0004586935074168408,-0.0011637919850709904,0.001250924265597941
300_phaenomerus_foveipennis_trochanter_aligned,38,C.1.38,0.2337893,0.1008886,-0.1794658,0.23610812591483668,0.10362266911221561,-0.1802300728287853,-258.82779187280903,0.24916442738178435,-0.05189823516373072,-0.0035362594026286387,-0.0009649196483799256,0.0036655423187448165
300_phaenomerus_foveipennis_trochanter_aligned,39,C.1.39,0.2365424,0.1010584,-0.1336976,0.24096804609342407,0.10532914087507024,-0.13385629871136798,-269.3706801084267,0.24662643930023392,-0.05649241230983324,-0.006074247484179063,-0.0009768693608506543,0.006152296826976498
300_phaenomerus_foveipennis_trochanter_aligned,40,C.1.40,0.2332812,0.09718883,-0.08812644,0.23877514980229664,0.10210625292572037,-0.08692325650799931,-280.0122974955415,0.24527307062815926,-0.060942367374961635,-0.00742761615625373,-0.000801686604189998,0.00747075519448861
300_phaenomerus_foveipennis_trochanter_aligned,41,C.1.41,0.2220962,0.08936664,-0.0446445,0.22958386075470053,0.09386778239164037,-0.041345529413484974,-290.6822072536911,0.2433983955925296,-0.06395596444170207,-0.009302291191883388,0.0008221507887268552,0.009338551993644187
300_phaenomerus_foveipennis_trochanter_aligned,42,C.1.42,0.2050834,0.07794944,-0.003935908,0.21366965976200264,0.08066287927912172,0.0014656158507636852,-301.4256390641362,0.24265491706701686,-0.06639045022707542,-0.010045769717396125,0.00305705415677931,0.010500622330720938
300_phaenomerus_foveipennis_trochanter_aligned,43,C.1.43,0.1846905,0.0634065,0.03413761,0.19185924486164913,0.0629698640923185,0.03950405937450893,-312.10988578337134,0.24514219987128236,-0.06926938531781791,-0.00755848691313063,0.0048217847609052485,0.008965507944141525
300_phaenomerus_foveipennis_trochanter_aligned,44,C.1.44,0.1676431,0.04963225,0.0624962,0.1716636458453799,0.04665591246114811,0.0647306486171616,-320.2847868990571,0.2502201564323829,-0.07275921797909767,-0.002480530352030108,0.004884987598282453,0.005478698263521735
300_phaenomerus_foveipennis_trochanter_aligned,45,C.1.45,0.1462551,0.03116244,0.08454122,0.14905817297952256,0.028343618094813693,0.08591830105463474,-328.41229666567057,0.25140215854506076,-0.07717499987486041,-0.0012985282393522257,0.004001643625352768,0.00420705684448423
300_phaenomerus_foveipennis_trochanter_aligned,46,C.1.46,0.1197792,0.01187678,0.09908903,0.12424132800954074,0.0081014005781391,0.10291024797610335,-336.5995659004528,0.24896549938413656,-0.07883470215423588,-0.003735187400276424,0.005900352367295539,0.006983250172622641
300_phaenomerus_foveipennis_trochanter_aligned,47,C.1.47,0.09839533,-0.003745258,0.1068532,0.10390072824208016,-0.008637144804319756,0.11287233292806201,-342.9575482608544,0.24693025779292593,-0.07993718555095551,-0.005770428991487053,0.007561221909854468,0.009511568089219434
300_phaenomerus_foveipennis_trochanter_aligned,48,C.1.48,0.07949015,-0.02119349,0.116841,0.08328378891087473,-0.02576874405603554,0.11977874361963523,-349.20662199607773,0.25013158181554357,-0.08410257796984943,-0.002569104968869418,0.006111847764548019,0.006629855461326439
300_phaenomerus_foveipennis_trochanter_aligned,49,C.1.49,0.06120931,-0.03992063,0.1255994,0.06299961650116775,-0.04281488744633761,0.12366214409817813,-355.2517690287328,0.2548762024250529,-0.08958573823131954,0.0021755156406398912,0.003256073657072071,0.003915978034022646
300_phaenomerus_foveipennis_trochanter_aligned,50,C.1.50,0.04593213,-0.05969573,0.1291504,0.044918895020937856,-0.0581949944002652,0.1247697915511527,-360.6156440707648,0.2569458932649502,-0.09728184344749315,0.0042452064805372225,-0.002108744835873547,0.004740103674522192
300_phaenomerus_foveipennis_trochanter_aligned,51,C.1.51,0.03260876,-0.08113269,0.1294265,0.027603756254818652,-0.07311403356775509,0.12375016311570597,-365.7797261393908,0.2577351107313469,-0.10722694786182327,0.00503442394693393,-0.009809398014873126,0.011025865675386165
300_phaenomerus_foveipennis_trochanter_aligned,52,C.1.52,0.0215284,-0.1035969,0.1263191,0.011192378059697382,-0.08745359380059746,0.12085095922077871,-370.74208554603075,0.2569035147850325,-0.11905961583644499,0.004202828000619496,-0.019485288937469678,0.019933395299834608
301_scobinoides_dentatus_trochanter_aligned,1,C.1.01,-0.1082248,0.00709486,-0.4323932,-0.10397633265424128,0.0020313275978780174,-0.4273248313547624,-163.65179805147267,0.22518246728877334,0.0863268401321602,0.004250980180542763,0.00716284604078418,0.00832929744332286
301_scobinoides_dentatus_trochanter_aligned,2,C.1.02,-0.07489101,0.01807958,-0.4388255,-0.07335956754575107,0.016536074050347092,-0.43226962989440837,-172.50907240082535,0.22715965261953946,0.07930668214046933,0.006228165511308892,0.0029861536819832846,0.006907036951448837
301_scobinoides_dentatus_trochanter_aligned,3,C.1.03,-0.04292431,0.03313598,-0.4338562,-0.042410304362952615,0.03204677828100358,-0.4319787860197315,-181.4653496228447,0.22263359027778226,0.07488683803300349,0.0017021031695516886,0.0014415582655900583,0.002230525819821184
301_scobinoides_dentatus_trochanter_aligned,4,C.1.04,-0.01240364,0.04832575,-0.4233189,-0.011573446313603568,0.04830099101724781,-0.4261937223057136,-190.60712455216975,0.21793966020733235,0.0705688726332151,-0.00299182690089822,5.839219682281903e-05,0.0029923966738365413
301_scobinoides_dentatus_trochanter_aligned,5,C.1.05,0.02196661,0.06661459,-0.4046726,0.02455232456562506,0.06836885840305577,-0.4115092855704116,-201.96006330615276,0.21349255536401945,0.06578603974746154,-0.007438931744211119,-0.001079787728439039,0.007516890782332802
301_scobinoides_dentatus_trochanter_aligned,6,C.1.06,0.05282456,0.08446749,-0.3803304,0.05768533735137503,0.08785917268288897,-0.3884777822950415,-213.56109943122135,0.2109640702789787,0.0616714566897217,-0.009967416829251868,-0.0014700707107320084,0.010075242237415662
301_scobinoides_dentatus_trochanter_aligned,7,C.1.07,0.07808578,0.1004025,-0.3491629,0.08605865785025436,0.10561732748885028,-0.3578101073472195,-225.314142990697,0.20815034329978388,0.05789270294341888,-0.012781143808446693,-0.0014757251800918802,0.012866056189032925
301_scobinoides_dentatus_trochanter_aligned,8,C.1.08,0.1078697,0.1163983,-0.3056351,0.11281190375845859,0.12389528842929672,-0.31032691912758037,-240.21227707549124,0.21182082032346813,0.050154049250412815,-0.009110666784762439,-0.0044316059123174,0.010131306935685062
301_scobinoides_dentatus_trochanter_aligned,9,C.1.09,0.1243987,0.1313109,-0.2552167,0.12770492854334675,0.13598574720138845,-0.2566728661011316,-254.9789640216473,0.2155544003029652,0.04739708156309841,-0.005377086805265385,-0.0024479993341289573,0.005908109955921174
301_scobinoides_dentatus_trochanter_aligned,10,C.1.10,0.1302586,0.138135,-0.2008424,0.130272112729347,0.14098237210332487,-0.20111448494724132,-269.4490178558988,0.2194368918778706,0.042760898279067185,-0.0014945952303599686,-0.0024388369778539244,0.0028603742250206308
301_scobinoides_dentatus_trochanter_aligned,11,C.1.11,0.1235497,0.133581,-0.1436946,0.12046381910648098,0.13843966840186814,-0.14451708351151732,-284.35046273309007,0.2210429171807787,0.034602691879094295,0.00011143007254812987,-0.005813207547812743,0.005814275419604359
301_scobinoides_dentatus_trochanter_aligned,12,C.1.12,0.1061895,0.1210159,-0.09009977,0.09917130945204754,0.1281719377177321,-0.09286495784511188,-299.0713482214757,0.22360420181515359,0.02564180842582931,0.002672714706923013,-0.01004822045434542,0.010397602521914776
301_scobinoides_dentatus_trochanter_aligned,13,C.1.13,0.06969243,0.1055978,-0.04812515,0.06742489551082714,0.11032231867249727,-0.04827788527279625,-313.9920840190338,0.22016763927717214,0.02571322322204745,-0.0007638478310584285,-0.005186776831608164,0.005242720420728141
301_scobinoides_dentatus_trochanter_aligned,14,C.1.14,0.03449474,0.09201652,-0.02416549,0.03692941100660355,0.09172368396479125,-0.020783226820409728,-325.6616726889782,0.2172435021754924,0.029116304782021134,-0.0036879849327381697,0.00196261234221674,0.00417768836438584
301_scobinoides_dentatus_trochanter_aligned,15,C.1.15,-0.003252357,0.07521943,-0.00712415,0.0024481870323525903,0.06943142369650837,-0.0008003386510263832,-337.4840803264127,0.21541927160088334,0.032053340301449025,-0.0055122155073472345,0.008695015204818097,0.01029503808693572
301_scobinoides_dentatus_trochanter_aligned,16,C.1.16,-0.04090911,0.05330586,0.002833962,-0.034421085630345655,0.0442499755758898,0.01049530773750576,-349.4079744792352,0.21479463070312485,0.03157773039178225,-0.006136856405105723,0.012047353024493846,0.01352034472318173
301_scobinoides_dentatus_trochanter_aligned,17,C.1.17,-0.0682775,0.02891808,0.001772588,-0.06473836671986546,0.022468754528187466,0.012790672725842445,-359.08540336049816,0.21100845618648342,0.025201481025326496,-0.00992303092174715,0.008777864875231212,0.01324830005856481
301_scobinoides_dentatus_trochanter_aligned,18,C.1.18,-0.09229334,0.002811757,-0.007536422,-0.09447178524190743,3.661354148933992e-05,0.008850072261885722,-368.77661421752174,0.20452858842902127,0.016763394695453276,-0.0164028986792093,0.003450964213333906,0.01676198792154789
301_scobinoides_dentatus_trochanter_aligned,19,C.1.19,-0.1149759,-0.02350721,-0.01927364,-0.12358156556691886,-0.023189752851389533,-0.001644300977199059,-378.7886236787825,0.20144779995199558,0.007787892946278174,-0.019483687156234997,-0.002310365354153626,0.019620189939745968
301_scobinoides_dentatus_trochanter_aligned,20,C.1.20,-0.1603488,-0.04159917,0.0006686593,-0.14716384307496788,-0.04322960119799514,-0.016061825956539322,-387.6207246004887,0.2414631496223185,0.013167225609618407,0.020531662514087917,0.0059043514743979805,0.021363766800955964
301_scobinoides_dentatus_trochanter_aligned,21,C.1.21,-0.1902531,-0.08412363,-0.00833455,-0.1716392832228943,-0.06575952685323501,-0.0388170536160484,-398.05142176513505,0.2598067902389109,-0.006165803940154527,0.03887530313068033,-0.010080093878372802,0.040160894986281
301_scobinoides_dentatus_trochanter_aligned,22,C.1.22,-0.2151742,-0.11233,-0.04530728,-0.1935399512546783,-0.08858127451412115,-0.0704449871859493,-409.6312184985871,0.2598079403499807,-0.01215504924871305,0.03887645324175015,-0.012351857628981285,0.04079150651231961
301_scobinoides_dentatus_trochanter_aligned,23,C.1.23,-0.2194985,-0.1103989,-0.08649734,-0.20499695558184167,-0.1026788473456699,-0.09572165405260268,-417.6824566944335,0.23976994592833348,-0.0026952091354347047,0.018838458820102905,-0.00030731502042871694,0.018840965294763742
301_scobinoides_dentatus_trochanter_aligned,24,C.1.24,-0.2215223,-0.1159528,-0.1275343,-0.2142622373847649,-0.11731739746406272,-0.12885091201894214,-427.35590604832754,0.226765566616306,-0.0007745199798360926,0.005834079508075435,0.004718857798020405,0.007503605974761976
301_scobinoides_dentatus_trochanter_aligned,25,C.1.25,-0.2229127,-0.1245286,-0.1680754,-0.21843228270597337,-0.1300247763139115,-0.1672710388776037,-437.8844300306858,0.22190973436856432,-0.0018042711951327696,0.0009782472603337422,0.00706909628701481,0.007136462009808302
301_scobinoides_dentatus_trochanter_aligned,26,C.1.26,-0.2143854,-0.1341161,-0.2151129,-0.21507460949276377,-0.14036596331084653,-0.2146550556508603,-450.47388972068705,0.21708389568933265,-0.007920839977229518,-0.0038475914188979277,0.004994142854428881,0.006304397082768542
301_scobinoides_dentatus_trochanter_aligned,27,C.1.27,-0.1978958,-0.1411546,-0.2604527,-0.20247431701986912,-0.14514170758019157,-0.262053921625911,-463.23538692424296,0.21470315753855168,-0.01621705322404499,-0.006228329569678892,0.0007947744485079256,0.006278833940512954
301_scobinoides_dentatus_trochanter_aligned,28,C.1.28,-0.1743916,-0.1418371,-0.3031636,-0.18077023959499694,-0.14405272939510344,-0.3070555743804141,-476.1781396101308,0.21338382308360176,-0.023110128886214186,-0.0075476640246288085,-0.0019432676214133043,0.007793813012711357
301_scobinoides_dentatus_trochanter_aligned,29,C.1.29,-0.1426819,-0.1352039,-0.3444394,-0.1482039226297524,-0.1363886593469153,-0.34972601052899577,-490.22647060649496,0.21363253332225385,-0.028240004697126352,-0.007298953785976725,-0.0025631841816510428,0.007735931716276307
301_scobinoides_dentatus_trochanter_aligned,30,C.1.30,-0.105887,-0.1273337,-0.38101,-0.10919003755711118,-0.12309252359982498,-0.3826862919881864,-503.89811921190335,0.21981322269052828,-0.03558464557886764,-0.0011182644177022971,-0.005518792792164556,0.005630949226440098
301_scobinoides_dentatus_trochanter_aligned,31,C.1.31,-0.06329349,-0.1109461,-0.4069015,-0.06564031111015184,-0.10526495755522819,-0.4050574207873205,-517.3951153457276,0.22374946377547805,-0.04016445433361504,0.0028179766672474793,-0.0057656382514278195,0.006417443178048328
301_scobinoides_dentatus_trochanter_aligned,32,C.1.32,-0.01671078,-0.08786071,-0.4184484,-0.01886895631331256,-0.08371108090714288,-0.4161045132770335,-531.0394069411074,0.22390460596888453,-0.04308389060061046,0.0029731188606539616,-0.004304824713986804,0.0052317254876119105
301_scobinoides_dentatus_trochanter_aligned,33,C.1.33,0.02924853,-0.06097638,-0.4173044,0.028239145404522086,-0.05998590143830322,-0.414854983717034,-544.7070308336155,0.22356734628690403,-0.04419237499341869,0.0026358591786734553,-0.0010255688958967315,0.0028283467202639963
301_scobinoides_dentatus_trochanter_aligned,34,C.1.34,0.07304423,-0.0331838,-0.4052364,0.07297972175656472,-0.0357258710592702,-0.40135585442323823,-558.3471888436167,0.22474347953121496,-0.044901180852304594,0.003811992422984384,0.0026445480378100624,0.004639495722293049
301_scobinoides_dentatus_trochanter_aligned,35,C.1.35,0.1045995,-0.00871951,-0.3840559,0.1073402277519554,-0.015878488216055725,-0.3808483652689518,-569.910488643564,0.22349206185812817,-0.04335258116517075,0.0025605747498975984,0.007905333244675143,0.008309683312809173
301_scobinoides_dentatus_trochanter_aligned,36,C.1.36,0.1187191,0.01606874,-0.3489982,0.1361536414946688,0.0017677891566665327,-0.3538749497500191,-581.1016503767579,0.21020404390586522,-0.034425522700845056,-0.01072744320236535,0.020425109121302264,0.023070828339638784
301_scobinoides_dentatus_trochanter_aligned,37,C.1.37,0.1396062,0.03461631,-0.313464,0.16170962275176753,0.01855257202382596,-0.31707318747012303,-593.4909903430481,0.2082989458756177,-0.03433208210193568,-0.01263254123261287,0.02449592029933469,0.02756140797029468
301_scobinoides_dentatus_trochanter_aligned,38,C.1.38,0.1747033,0.05024766,-0.2788805,0.17967155480953773,0.03163874358892167,-0.2742200741909915,-605.9913858129426,0.22676730480716206,-0.043903281881390345,0.005835817698931489,0.01893774343350085,0.01981653084089815
301_scobinoides_dentatus_trochanter_aligned,39,C.1.39,0.2010963,0.05823565,-0.2351549,0.1887144055562542,0.03971532765195697,-0.2304873618491757,-617.7405682124978,0.2414188916794885,-0.056694930801842534,0.020487404571257917,0.009917954235349474,0.02276180050613056
301_scobinoides_dentatus_trochanter_aligned,40,C.1.40,0.2057404,0.05120044,-0.1841534,0.1898414787654963,0.0432182865851852,-0.18509603582579454,-629.5307801580369,0.23867705598053215,-0.07197075387037818,0.01774556887230158,-0.0015728373269554364,0.017815134909920354
301_scobinoides_dentatus_trochanter_aligned,41,C.1.41,0.2070382,0.04222615,-0.1516716,0.18641034227982772,0.0429081817199479,-0.15626010307766783,-637.0415686825786,0.2384509474228323,-0.08464535651151947,0.01751946031460172,-0.011836238936822396,0.0211430376692767
301_scobinoides_dentatus_trochanter_aligned,42,C.1.42,0.2183035,0.04041301,-0.1199356,0.18095563705161216,0.04103243138523738,-0.1320111207633688,-643.4867933297749,0.2538280921216912,-0.09629967974171627,0.032896605013460645,-0.02142144089362238,0.0392563975852421
301_scobinoides_dentatus_trochanter_aligned,43,C.1.43,0.2273508,0.03998209,-0.08744974,0.1739392081912976,0.03798315248070201,-0.11031921249849855,-649.4340152006641,0.27134367171963514,-0.1057429392734271,0.050412184611404565,-0.028955453818076286,0.05813610464337186
302_trochanter_aligned,1,C.1.01,-0.04042612,0.1779593,-0.422493,-0.05070652088299316,0.19804079248361287,-0.44184457708176383,166.0149154226811,0.20863674147702013,0.09992815618569931,-0.018286708200388135,-0.02343144940949555,0.029722660012789805
302_trochanter_aligned,2,C.1.02,-0.01241796,0.2087344,-0.411058,-0.014114494459435203,0.22123525156571505,-0.42501931346890587,154.3729095933308,0.21223493547621436,0.10517041143693155,-0.014688514201193908,-0.011760754371147715,0.018816689209771864
302_trochanter_aligned,3,C.1.03,0.01389247,0.2345959,-0.3886689,0.018834220620960962,0.24225354544915123,-0.39987900764791884,142.73260021530183,0.21293891184047056,0.10687603984943848,-0.013984537836937705,-0.003627622911751113,0.014447385455597267
302_trochanter_aligned,4,C.1.04,0.03847486,0.2575639,-0.361641,0.04660652610429153,0.25981180228016654,-0.3679276049494411,131.25276692183084,0.2168178554431285,0.10709315350907389,-0.010105594234279758,0.0029283827030107,0.010521333569619352
302_trochanter_aligned,5,C.1.05,0.06127897,0.275069,-0.3235219,0.07041188474246168,0.274303810882466,-0.3265139225148842,118.74538932705298,0.2194836156439466,0.10339010919984401,-0.007439834033461656,0.006131615966675284,0.00964094626103893
302_trochanter_aligned,6,C.1.06,0.07913365,0.28557,-0.280502,0.08634649159508641,0.28293248104426166,-0.2810944079035577,106.49382121222187,0.22286051785567818,0.09703755823038311,-0.0040629318217300925,0.00654409063612806,0.007702761663318249
302_trochanter_aligned,7,C.1.07,0.08882987,0.2877098,-0.233801,0.09438218439384523,0.2854240808436359,-0.23357481750776005,94.40376763708046,0.22406543724220945,0.08910304324609082,-0.0028580124351988145,0.005285416788666367,0.0060086492416903965
302_trochanter_aligned,8,C.1.08,0.08822733,0.2793364,-0.178101,0.09383120990013324,0.2802249570117622,-0.176940532818613,80.14490273147342,0.22193157262702531,0.07888034767815974,-0.0049918770503829535,0.002936128589010609,0.005791345921057161
302_trochanter_aligned,9,C.1.09,0.07878643,0.2631762,-0.1249712,0.08268382727192533,0.26608388738625965,-0.122657673076131,65.80631725428326,0.221552421428296,0.0684125558354359,-0.0053710282491122585,0.0003857639253857947,0.005384863810616858
302_trochanter_aligned,10,C.1.10,0.06125849,0.2386889,-0.0773685,0.06201376193458448,0.24360579100754703,-0.07455743444682886,51.52228104975114,0.2221310845370136,0.057027962000355134,-0.004792365140394661,-0.003111523546532084,0.005713872803930203
302_trochanter_aligned,11,C.1.11,0.03752328,0.2074374,-0.03903424,0.03444087139899662,0.21486058424321675,-0.036494519253465085,37.712141236320754,0.22305371894816065,0.04502517724832119,-0.0038697307292476224,-0.007488676294631567,0.00842941804412742
302_trochanter_aligned,12,C.1.12,0.007573448,0.1726966,-0.008940947,0.0014213919069583983,0.1806825803244792,-0.009004367837470884,23.950557686658176,0.22617971222038571,0.03486144908445303,-0.000743737457022553,-0.010053584072983427,0.010081056398886212
302_trochanter_aligned,13,C.1.13,-0.02758807,0.1357978,0.01134843,-0.034466305885248905,0.1431278621803035,0.006394509558309003,10.370712407801296,0.23117492613965523,0.02704804390017594,0.004251476462246967,-0.010368520438992496,0.011206304841599006
302_trochanter_aligned,14,C.1.14,-0.07449265,0.09186824,0.0131178,-0.07771973508982698,0.09658344849339595,0.008515789013226971,-5.577916587675336,0.231118012017535,0.022590855068574993,0.004194562340126745,-0.006019254207154496,0.007336605102876711
302_trochanter_aligned,15,C.1.15,-0.1206106,0.05078964,-0.004735289,-0.11882310973067749,0.0500503737153303,-0.006807433144292524,-21.62132919374006,0.22930015376253537,0.02129621019664182,0.002376704085127107,0.0015448932484277862,0.0028346811914742374
302_trochanter_aligned,16,C.1.16,-0.1589881,0.01108469,-0.03765625,-0.15400457010880603,0.006731990361823981,-0.03854900178014126,-37.72804773374535,0.22868717223723667,0.017297122356417165,0.0017637225598284012,0.006439553772545,0.006676718509683238
302_trochanter_aligned,17,C.1.17,-0.1812784,-0.01804132,-0.07241882,-0.17517294619903678,-0.02289932725637671,-0.07317594171441752,-50.31913434340793,0.22904031544667508,0.011452844258719286,0.0021168657692668125,0.007547775382458982,0.007839007201753775
302_trochanter_aligned,18,C.1.18,-0.1984616,-0.04319746,-0.1127373,-0.1893355448761244,-0.0473551288510491,-0.11424967008710843,-62.81115899687279,0.23186447419807918,0.005864166279609631,0.004941024520670911,0.008856897445805083,0.010141910849508606
302_trochanter_aligned,19,C.1.19,-0.2022527,-0.05982125,-0.1603063,-0.19580019309881735,-0.06594064799293316,-0.15992356862340934,-75.27186920120351,0.22808065461542826,-0.001047752185098105,0.00115720493801999,0.008825487926668579,0.008901031424073903
302_trochanter_aligned,20,C.1.20,-0.1867289,-0.06332605,-0.2195832,-0.19253344096552055,-0.07994779903675772,-0.21933447428191974,-90.60280285182861,0.21190488072240604,-0.009147335184934938,-0.015018568955002226,0.00919128325578315,0.017607870437511663
302_trochanter_aligned,21,C.1.21,-0.1601664,-0.05694694,-0.274545,-0.17491722308458316,-0.08356440624396343,-0.2830660092875397,-107.21961124068748,0.19715710026971217,-0.016900434428539984,-0.029766349407696097,0.010613591905594194,0.031601960227168546
302_trochanter_aligned,22,C.1.22,-0.1297182,-0.04888389,-0.3272231,-0.14104157742257928,-0.07448988421117526,-0.3444962848007166,-124.97826601398002,0.19604409976038992,-0.025974694438923588,-0.03087934991701835,0.011345240308559598,0.03289754898098985
302_trochanter_aligned,23,C.1.23,-0.09992777,-0.04579583,-0.3750363,-0.10261027633903365,-0.05773484848467202,-0.3863552698974363,-139.83428571897235,0.21165416756947364,-0.0388369639198746,-0.015269282107934629,0.006686112927828255,0.016668985637265547
302_trochanter_aligned,24,C.1.24,-0.05884829,-0.04057217,-0.4133546,-0.06209453626317443,-0.03685019384280444,-0.414052155929184,-153.20197397575458,0.22655818832071623,-0.05787877088535963,-0.0003652613566920426,-0.004974373300382008,0.004987765590948105
302_trochanter_aligned,25,C.1.25,-0.0120036,-0.02405524,-0.440109,-0.018579628768652684,-0.012308140459519439,-0.4305558349169402,-166.3877161611183,0.23769236625323742,-0.07269652296573877,0.010768916575829152,-0.012511270953309674,0.016507618395283388
302_trochanter_aligned,26,C.1.26,0.03276154,0.001999256,-0.4542519,0.023835544050203536,0.012988385256670766,-0.4354565510331309,-178.8222511674605,0.2467184089878775,-0.07977369318839415,0.019794959310469235,-0.01272238555455907,0.023530820391605273
302_trochanter_aligned,27,C.1.27,0.07598566,0.03384811,-0.4548308,0.06509367975812969,0.03848911877944114,-0.42991933160242846,-191.052932997971,0.2531280677643124,-0.08241139345756031,0.026204618086904136,-0.008606593096158561,0.02758179569577274
302_trochanter_aligned,28,C.1.28,0.1162117,0.06583909,-0.4393032,0.10390119698267511,0.06300833124059037,-0.41450303163913677,-203.18456104592286,0.2545028113244574,-0.08424376391764081,0.027579361647049133,-0.0037401659805386903,0.027831816872433995
302_trochanter_aligned,29,C.1.29,0.1481648,0.09026768,-0.4107766,0.1363629037520815,0.08371067420338739,-0.3921957480111803,-214.32913278699732,0.24986946793415007,-0.08766105303822704,0.022946018256741807,-0.0010036866319430597,0.022967959001484434
302_trochanter_aligned,30,C.1.30,0.1768043,0.1095137,-0.3755504,0.16501553992748813,0.10190281253536745,-0.3624830081373738,-225.62739091823167,0.24608872677236268,-0.09348706031702955,0.019165277094954414,-0.0005910634581801051,0.019174389224639755
302_trochanter_aligned,31,C.1.31,0.2034992,0.1254948,-0.3372945,0.18850096098927116,0.11643594446471724,-0.3266194001679823,-236.96513268485714,0.24737239729218352,-0.10083223797066714,0.020448947614775254,-0.001675808731267587,0.020517499688208
302_trochanter_aligned,32,C.1.32,0.2307751,0.1414369,-0.273349,0.2115527346127055,0.12932254566837986,-0.2672144455632419,-253.2763956514816,0.2503437806782838,-0.11048212324673885,0.02342033100087551,-0.0023190010568509105,0.02353486074087226
302_trochanter_aligned,33,C.1.33,0.2297229,0.1396031,-0.2020525,0.2207750025769687,0.1313219630616358,-0.20217230761835026,-269.7676051065562,0.23909346578970117,-0.11652947537641319,0.012170016112292903,0.0007397019514470557,0.01219247518555791
302_trochanter_aligned,34,C.1.34,0.2130256,0.1274455,-0.1337838,0.2149186849946526,0.12068316580558838,-0.13422927309836705,-287.09210900339616,0.22988372706757826,-0.12045193104318427,0.002960277390169991,0.006383426870302818,0.007036432393994561
303_perapion_curtirostre_trochanter_aligned,1,C.1.01,-0.1011806,0.2453312,-0.5077057,-0.1028391398861731,0.24752457889172613,-0.5059016652816745,174.64993490189016,0.15208001441735647,0.08645738614913387,0.0017667642696496122,-0.0027739413831424516,0.003288800203968144
303_perapion_curtirostre_trochanter_aligned,2,C.1.02,-0.06695903,0.259476,-0.4965292,-0.06604506036823696,0.26019286502204386,-0.5007891345610023,160.32453345464543,0.14589786360924137,0.07762247725195678,-0.004415386538465488,2.5300742556002284e-05,0.004415459026153069
303_perapion_curtirostre_trochanter_aligned,3,C.1.03,-0.0336556,0.2710627,-0.4806314,-0.03014298198623111,0.27159955227866595,-0.48609654092942167,145.5640261893516,0.1440287918279897,0.0673417247999822,-0.006284458319717162,0.0017320637072407176,0.006518777573916958
303_perapion_curtirostre_trochanter_aligned,4,C.1.04,-0.002076924,0.2796699,-0.4600205,0.001517620682785173,0.27989049248112163,-0.4631098649965434,130.96510068476118,0.14601177931269904,0.05575610422674369,-0.004301470835007815,0.0020027324476103356,0.004744848638379739
303_perapion_curtirostre_trochanter_aligned,5,C.1.05,0.02574775,0.2851631,-0.4366388,0.02566057323380838,0.2838722099318727,-0.4361263991962844,117.67426715640102,0.15130250279696447,0.043938168292325455,0.000989252649257616,0.0009787393606771676,0.0013916003521851424
303_perapion_curtirostre_trochanter_aligned,6,C.1.06,0.04859949,0.2854464,-0.4078486,0.04374718314319112,0.28383643996319924,-0.40612336676617916,104.89363591762654,0.15546135365419017,0.03096419254746799,0.005148103506483315,-0.001615646356831957,0.0053956726053208505
303_perapion_curtirostre_trochanter_aligned,7,C.1.07,0.06366014,0.280213,-0.3747289,0.056125367625178293,0.27964541563311507,-0.37392896966822226,92.21819925507215,0.15675078164547773,0.018249219253242667,0.006437531497770876,-0.004036461755648756,0.007598344246584684
303_perapion_curtirostre_trochanter_aligned,8,C.1.08,0.06902471,0.2698365,-0.3323305,0.0633418330543114,0.26847167086849927,-0.333153087432588,76.55610276772111,0.1557604510153513,0.007293840054182281,0.005447200867644442,-0.002272113934162979,0.005902075823156097
303_perapion_curtirostre_trochanter_aligned,9,C.1.09,0.06204521,0.2525558,-0.2924943,0.06155272631830119,0.2503072341457469,-0.29332383761381015,60.55544567906936,0.15222616614745968,-0.0019031237555630705,0.0019129159997528233,0.001525605980673934,0.002446777723941922
303_perapion_curtirostre_trochanter_aligned,10,C.1.10,0.04906619,0.2283298,-0.2581612,0.051116089441796186,0.2256803547025501,-0.2581440157679347,44.41488726285563,0.1502180487673263,-0.013188468252438343,-9.52013803805496e-05,0.003348563886304237,0.0033499169248635643
303_perapion_curtirostre_trochanter_aligned,11,C.1.11,0.03134652,0.197116,-0.2365335,0.03462928726262443,0.19767227892035466,-0.23208987435691697,29.206688691986887,0.14495198063112116,-0.027442932321384898,-0.005361269516585693,0.0014452007349097817,0.00555264045240233
303_perapion_curtirostre_trochanter_aligned,12,C.1.12,0.01043289,0.1634326,-0.2229647,0.012594862010079998,0.1651729446649867,-0.21437991347300384,13.477248795312846,0.1412938894583912,-0.041891931562923104,-0.009019360689315664,-0.0002293795881033795,0.009022276998596951
303_perapion_curtirostre_trochanter_aligned,13,C.1.13,-0.01354337,0.1301877,-0.2142476,-0.012992364999712305,0.12979908768492124,-0.2073480597493291,-2.6734356346117534,0.14340241019064895,-0.0542326599059917,-0.006910839957057907,0.0005464181552007451,0.006932408074572711
303_perapion_curtirostre_trochanter_aligned,14,C.1.14,-0.04120158,0.09186752,-0.2153322,-0.04134552180456964,0.09105420383392876,-0.21323806709382123,-20.350564261318887,0.14812775884154053,-0.06859563132334805,-0.002185491306166326,0.0005396506356040678,0.0022511319503388323
303_perapion_curtirostre_trochanter_aligned,15,C.1.15,-0.06811074,0.05438161,-0.2255936,-0.06534772046191335,0.05677316642963295,-0.23129413273330712,-37.00001218930969,0.15708151135833534,-0.0828581985045663,0.0067682612106284845,-0.00020132747496357615,0.006771254873911717
303_perapion_curtirostre_trochanter_aligned,16,C.1.16,-0.09288849,0.01811027,-0.2430595,-0.08247025782650885,0.02934655195043484,-0.2567728569049259,-52.02863766966265,0.17070534850137145,-0.09751016694882014,0.020392098353664595,-0.0026480324821993835,0.02056331080571202
304_merynchites_trochanter_aligned,1,C.1.01,0.1503759,0.1674557,-0.07137382,0.1664175452384863,0.17286048515938046,-0.06252785255414461,-46.53048265855978,0.2594411283627636,0.15117067345887272,-0.018998083240303998,0.0019672462540623347,0.01909966556329304
304_merynchites_trochanter_aligned,2,C.1.02,0.1316305,0.1467447,-0.02151684,0.14151124348481456,0.14959049908651995,-0.013037857608872966,-58.55305210944171,0.2652396959366955,0.13655414764175475,-0.01319951566637212,0.0018421706804153432,0.01332744561581795
304_merynchites_trochanter_aligned,3,C.1.03,0.1052361,0.1207644,0.0220076,0.10922219530546418,0.12298578467297439,0.027614792436246205,-70.22299068640609,0.27121056900234924,0.12054146205262685,-0.007228642600718371,-0.0001041096429034409,0.007229392275057826
304_merynchites_trochanter_aligned,4,C.1.04,0.07197167,0.09049514,0.05726767,0.07148881144393798,0.09373352974075924,0.058696143082602265,-81.61885061038514,0.2766103944264577,0.10384093183285174,-0.0018288171766099315,-0.003068596353460736,0.003572234013322225
304_merynchites_trochanter_aligned,5,C.1.05,0.03555077,0.06031144,0.0820371,0.03275648277433829,0.06447591071671027,0.07875960248270211,-92.12290552417022,0.2815402452527561,0.0891223704779935,0.0031010336496885005,-0.005126054791867383,0.005991063964416288
304_merynchites_trochanter_aligned,6,C.1.06,-0.004732849,0.02872599,0.09722423,-0.007867180589355881,0.03392180058042436,0.08985404874462391,-102.52757754983051,0.28546897446853176,0.07524781920916221,0.00702976286546414,-0.00645929468998917,0.009546730007535613
304_merynchites_trochanter_aligned,7,C.1.07,-0.04757041,-0.002807334,0.1018766,-0.04916873189227265,0.0024808083678703654,0.09187400203454885,-112.91588156960478,0.28810323068741955,0.06308817301359071,0.009664019084351938,-0.006097358753584314,0.011426768949822655
304_merynchites_trochanter_aligned,8,C.1.08,-0.09860781,-0.03725011,0.09064855,-0.097008834905199,-0.035103524057475,0.08250654717380593,-125.23214083267094,0.2868109604971111,0.052504166612017296,0.008371748894043463,-0.0018359147690658665,0.008570692071483609
304_merynchites_trochanter_aligned,9,C.1.09,-0.1460969,-0.06934485,0.06551031,-0.14170889144721013,-0.07234277623789573,0.060568500437541584,-137.67358333947405,0.28437092730905733,0.04352445988739761,0.005931715705989715,0.004180718995835686,0.007256973373165023
304_merynchites_trochanter_aligned,10,C.1.10,-0.1854564,-0.1030463,0.0304068,-0.18023112406451933,-0.10759220474177265,0.027343521535860366,-150.05715500051258,0.2829982341186305,0.03046428243175524,0.004559022515562894,0.006047127183600252,0.007573138944456664
304_merynchites_trochanter_aligned,11,C.1.11,-0.2059112,-0.1261465,0.001642749,-0.20155476051453744,-0.1295708935095681,-0.0003356398288613949,-158.30809352022825,0.28192169949837714,0.019214357997086824,0.0034824878953095273,0.004742503169851967,0.005883796245370241
304_merynchites_trochanter_aligned,12,C.1.12,-0.2208261,-0.1471719,-0.03174695,-0.21885578009501822,-0.1501234274206363,-0.031935183603164385,-166.598629752318,0.2791910935021513,0.007952120437422543,0.0007518818990837062,0.0034732952857375113,0.003553745423084736
304_merynchites_trochanter_aligned,13,C.1.13,-0.2318076,-0.1658053,-0.06796297,-0.23173233987661268,-0.1691698850598462,-0.06719983307199455,-175.0135213164899,0.27704860707262335,-0.002505822849169984,-0.0013906045304442616,0.003158273851632604,0.0034508657873058785
304_merynchites_trochanter_aligned,14,C.1.14,-0.2371296,-0.1828539,-0.1129291,-0.24030813806793178,-0.18878226488903427,-0.11132086861087397,-184.81907424817584,0.27299590334802964,-0.013216476823871715,-0.005443308255037971,0.004266780747640069,0.006916286771656875
304_merynchites_trochanter_aligned,15,C.1.15,-0.235641,-0.1964445,-0.1593395,-0.24155834803873039,-0.2056375095134667,-0.15827067200267264,-194.79700073984745,0.2693275458163763,-0.02337452566539003,-0.009111665786691314,0.0061356639091190626,0.01098493627719464
304_merynchites_trochanter_aligned,16,C.1.16,-0.2273751,-0.2099535,-0.2050582,-0.2351025949713469,-0.21917046106783222,-0.2057845476182869,-204.7597311970103,0.26763135450541664,-0.03619110794578097,-0.010807857097650975,0.0053276970331912156,0.012049652721996503
304_merynchites_trochanter_aligned,17,C.1.17,-0.2177916,-0.2223338,-0.240019,-0.22489635522442647,-0.22730164489195182,-0.2419234618311123,-212.4390460298164,0.26971055680221084,-0.04916432351811187,-0.008728654800856772,0.001610773076243331,0.00887603540640023
304_merynchites_trochanter_aligned,18,C.1.18,-0.2033573,-0.2344572,-0.2733676,-0.21070547174206752,-0.2332964056461561,-0.2760025986146034,-219.9135360754116,0.2717221630701431,-0.06392787587629843,-0.006717048532924541,-0.004143374010167812,0.00789216631741866
304_merynchites_trochanter_aligned,19,C.1.19,-0.1841236,-0.2432243,-0.3053146,-0.19232653752698728,-0.2374632679160137,-0.3086714801853736,-227.45116473566475,0.2724929767778996,-0.07761006933121539,-0.00594623482516804,-0.008740057821735942,0.010571013164466778
304_merynchites_trochanter_aligned,20,C.1.20,-0.1628687,-0.2494282,-0.3368279,-0.16982735418201295,-0.2398329982090016,-0.33941247489322596,-235.07960969415356,0.2752670042806067,-0.0897742949128089,-0.0031722073224609293,-0.011709307986249362,0.012131396985241169
304_merynchites_trochanter_aligned,21,C.1.21,-0.1390527,-0.2529614,-0.366888,-0.14384320414931148,-0.24045189402965045,-0.3671671833132302,-242.6792796250363,0.27923953522527767,-0.10059966029727171,0.0008003236222100529,-0.013374382043627283,0.013398306346294964
304_merynchites_trochanter_aligned,22,C.1.22,-0.112349,-0.2515469,-0.3946049,-0.11443956701666554,-0.2394546610058794,-0.39174247315706795,-250.34088579677476,0.28305388295012845,-0.1081858807304513,0.004614671347060839,-0.011725656064027057,0.012601039710009608
304_merynchites_trochanter_aligned,23,C.1.23,-0.07768529,-0.2425843,-0.4230535,-0.07579681949499893,-0.2363726529073375,-0.4159651279189055,-259.4795541657328,0.28693363589519316,-0.11197451523355491,0.008494424292125546,-0.004498961564342293,0.009612278565048036
304_merynchites_trochanter_aligned,24,C.1.24,-0.04149315,-0.227516,-0.446598,-0.034659378027303504,-0.23162294869946903,-0.43386162804172457,-268.49831998255456,0.2915930573667397,-0.11108282001447799,0.013153845763672067,0.00726353765598759,0.015026065275195207
304_merynchites_trochanter_aligned,25,C.1.25,-0.004910737,-0.2069173,-0.4647259,0.007401797288679908,-0.2257135320928181,-0.4451134639224157,-277.2821247184914,0.29703738122044554,-0.10561759185412779,0.018598169617377924,0.023316358576706962,0.029825232444933864
305_euplatypus_paralellus_trochanter_aligned,1,C.1.01,0.09858319,0.07594287,-0.0007966459,0.09912880768659173,0.09313099429047264,0.0018423546740131413,58.8953735352378,0.23463841088884477,0.020145570165488,-0.01198442039811487,-0.012612188828095934,0.017398092979240547
305_euplatypus_paralellus_trochanter_aligned,2,C.1.02,0.06853963,0.07425062,0.03633033,0.06994587758524978,0.08296661738975851,0.040452502879902444,47.39967805798642,0.23827958844960997,0.02539025176324446,-0.008343242837349663,-0.005032767725428476,0.009743636488555037
305_euplatypus_paralellus_trochanter_aligned,3,C.1.03,0.0342287,0.06427296,0.06806553,0.03608711443362042,0.06733008316353686,0.07237021217353007,35.98929029924139,0.24103123764977089,0.02785247441094704,-0.005591593637188752,-0.0002531313014639283,0.0055973203284455575
305_euplatypus_paralellus_trochanter_aligned,4,C.1.04,-0.002550483,0.04839207,0.09412262,-0.0007178102069056655,0.04703072085425062,0.09638415212296798,24.73753552750683,0.24486145703721415,0.028508168966155878,-0.0017613742497454843,0.0026877591705230233,0.0032134854296226117
305_euplatypus_paralellus_trochanter_aligned,5,C.1.05,-0.05224086,0.0207472,0.1205456,-0.0500642232538716,0.015382331281315456,0.11482301624442355,10.439163048561019,0.2537585532672737,0.026834235482795815,0.007135721980314064,0.00391778005413343,0.008140487008337022
305_euplatypus_paralellus_trochanter_aligned,6,C.1.06,-0.1019033,-0.01701852,0.1267986,-0.09869318149854941,-0.020584157973734245,0.118815941526902,-3.663091393785696,0.2556064684401103,0.02250910525634429,0.008983637153150675,0.002456773239789357,0.009313510146621113
305_euplatypus_paralellus_trochanter_aligned,7,C.1.07,-0.1485113,-0.05730364,0.1151267,-0.14423932061339903,-0.059228164198432715,0.1085163116297643,-17.76454537765709,0.2544469429138784,0.01929410452111172,0.00782411162691879,0.002105733346071781,0.008102520328591848
305_euplatypus_paralellus_trochanter_aligned,8,C.1.08,-0.1751375,-0.08234156,0.1012521,-0.16984100642460825,-0.08374401868152831,0.0950996753789245,-26.568596888397344,0.25451100432961876,0.01777701425441318,0.007888173042659125,0.0023767181815776135,0.00823845029514509
305_euplatypus_paralellus_trochanter_aligned,9,C.1.09,-0.1964169,-0.1063422,0.07890138,-0.1925576728687525,-0.10796955399464951,0.07662755345223064,-35.39614708024241,0.2504787060617898,0.016408239773029912,0.0038558747748301536,0.002800791310438552,0.004765732078474331
305_euplatypus_paralellus_trochanter_aligned,10,C.1.10,-0.2138327,-0.1297544,0.05288345,-0.21202812632751405,-0.13165714174819101,0.05318021339847008,-44.362972429947376,0.24719212246482594,0.01436330662356543,0.0005692911778663046,0.002576992116637888,0.0026391250092426283
305_euplatypus_paralellus_trochanter_aligned,11,C.1.11,-0.2248783,-0.1508769,0.02552281,-0.22653300944466928,-0.152531616737697,0.027439985009386755,-52.765578715121826,0.24373904414106215,0.010993819005518901,-0.0028837871458974873,0.0009140473412607455,0.003025179473173348
305_euplatypus_paralellus_trochanter_aligned,12,C.1.12,-0.2322506,-0.1708903,-0.00383546,-0.23718650300262395,-0.17192927341488673,-0.001757330405351712,-61.275418904718045,0.24133251407757064,0.007019620143134775,-0.005290317209388995,-0.0013318298105799463,0.005455385121172158
305_euplatypus_paralellus_trochanter_aligned,13,C.1.13,-0.2372357,-0.1888361,-0.03497842,-0.24356675868452896,-0.1893458174015731,-0.03379597026833925,-69.87457075769363,0.24077941443191475,0.003849125990707349,-0.005843416855044886,-0.0027558633352358546,0.006460673592151257
305_euplatypus_paralellus_trochanter_aligned,14,C.1.14,-0.2396875,-0.2064539,-0.07327919,-0.24522843951042453,-0.20638724097140215,-0.07335061483446909,-79.88956837610488,0.24203818636691696,0.0014576829723854713,-0.00458464492004268,-0.0031132919150607093,0.005541800753478618
305_euplatypus_paralellus_trochanter_aligned,15,C.1.15,-0.2369873,-0.2206346,-0.1129649,-0.24066886762469963,-0.21940781414896252,-0.1138263083492697,-89.82552597295224,0.24429544878708465,-0.0006694483687130538,-0.0023273824998749915,-0.0032224615968245874,0.00397504314992098
305_euplatypus_paralellus_trochanter_aligned,16,C.1.16,-0.2283803,-0.2299838,-0.1532371,-0.23012988229643738,-0.2281644747807957,-0.15399976803650006,-99.68780980898971,0.24621486031672782,-0.002055020011259727,-0.00040797097023181905,-0.002605034488559945,0.0026367868702530063
305_euplatypus_paralellus_trochanter_aligned,17,C.1.17,-0.2062896,-0.2356686,-0.2077918,-0.2060749598105187,-0.2330645053917611,-0.20759758210894008,-113.40111354010934,0.24843412319328997,-0.00412834467474544,0.0018112919063303368,-0.0018932304030068467,0.002620133532629064
305_euplatypus_paralellus_trochanter_aligned,18,C.1.18,-0.1715944,-0.2325222,-0.2555725,-0.1724506249139112,-0.22942570892182346,-0.2555752484533693,-127.05545191993261,0.2479546404216217,-0.007931907212789873,0.0013318091346620764,-0.002923639868939972,0.003212691341293954
305_euplatypus_paralellus_trochanter_aligned,19,C.1.19,-0.1307985,-0.2193064,-0.2962862,-0.13087304406706637,-0.21757595491428894,-0.2955089797793867,-140.74581964055818,0.2480903553044859,-0.008993080645698837,0.001467524017526256,-0.001204342784223048,0.0018984383803343594
305_euplatypus_paralellus_trochanter_aligned,20,C.1.20,-0.106425,-0.2085965,-0.3136328,-0.10608655325588712,-0.2080891244462032,-0.31274164556935025,-148.09422583044955,0.24770249100074146,-0.009259559492855575,0.001079659713781822,2.161649588470132e-05,0.0010798760903260535
305_euplatypus_paralellus_trochanter_aligned,21,C.1.21,-0.08105943,-0.1970105,-0.3288649,-0.08014220783872904,-0.19666579276440874,-0.32662107143702734,-155.42388818213917,0.24892663882800783,-0.009940737337560327,0.0023038075410481973,0.0008290699640059373,0.002448445668461434
305_euplatypus_paralellus_trochanter_aligned,22,C.1.22,-0.0545516,-0.1825302,-0.3387312,-0.053393203699977645,-0.18349238535707937,-0.33696066500738886,-162.75250080305156,0.2480026562832329,-0.010387781676178862,0.00137982499627326,0.0018704437412023968,0.0023243228711484986
305_euplatypus_paralellus_trochanter_aligned,23,C.1.23,-0.02957876,-0.16814,-0.3436781,-0.02833967107663545,-0.16997385365301884,-0.34321434726701516,-169.52033945182382,0.2464769760013815,-0.011376172081609766,-0.00014585528557814476,0.002256580025993988,0.0022612888311859063
305_euplatypus_paralellus_trochanter_aligned,24,C.1.24,-0.0048281,-0.1526215,-0.3450253,-0.0031390807948030557,-0.15526943549453792,-0.34621703824523564,-176.33098109784154,0.24463331620646542,-0.012309236270310654,-0.0019895150804942197,0.002706735681296091,0.0033592541291059415
305_euplatypus_paralellus_trochanter_aligned,25,C.1.25,0.01965094,-0.1366938,-0.3435173,0.021878453287804134,-0.1395715695437426,-0.3458570913545226,-183.18950076825098,0.24339255393909143,-0.013530842560310851,-0.00323027734786821,0.002878073111090977,0.004326430003702249
305_euplatypus_paralellus_trochanter_aligned,26,C.1.26,0.05377151,-0.1136601,-0.3386115,0.05607221454459697,-0.11624200877086649,-0.3395312866119953,-192.91876003573344,0.2447721309155209,-0.015322152075999811,-0.0018507003714387238,0.0030627454757731084,0.003578477569331987
305_euplatypus_paralellus_trochanter_aligned,27,C.1.27,0.0857833,-0.08964726,-0.3277735,0.08767138767384168,-0.09248916037046132,-0.3266644985501627,-202.57758278566558,0.2467949168647176,-0.01676306404924118,0.00017208557775796884,0.0035835099482783234,0.003587639474011034
305_euplatypus_paralellus_trochanter_aligned,28,C.1.28,0.1146658,-0.06681805,-0.3087091,0.11592918974234659,-0.06898438365477372,-0.3076975358865356,-212.18716228020915,0.24698742440564234,-0.0196187924531939,0.00036459311868269895,0.0026794568401692915,0.0027041481284354393
305_euplatypus_paralellus_trochanter_aligned,29,C.1.29,0.1469486,-0.04175015,-0.2764904,0.14558348158988385,-0.04090703224429543,-0.27621717042594157,-224.1748127465285,0.24754038345153517,-0.026077205447416665,0.0009175521645755358,-0.0013443021420221522,0.0016275903120142232
305_euplatypus_paralellus_trochanter_aligned,30,C.1.30,0.1735374,-0.01923812,-0.2378268,0.16773099574592207,-0.015629232666829945,-0.2376816792421043,-236.0618929942854,0.2498896968369303,-0.03315438141493019,0.00326686554997066,-0.006007249591791319,0.006838088781206479
305_euplatypus_paralellus_trochanter_aligned,31,C.1.31,0.1909259,-0.001539406,-0.1920773,0.18169271575445228,0.0058026643163129055,-0.19378172528763837,-247.87344298394396,0.2502957648281972,-0.04088499355602753,0.003672933541237572,-0.01133897317241328,0.01191900807127233
306_proterhinus_trochanter_aligned,1,C.1.01,-0.1627143,-0.1510937,-0.2535792,-0.16152845062215465,-0.14983844937169502,-0.25231029384750303,-129.67257609789874,0.20953883689125763,0.009406755772098844,0.0021246151809823366,-0.00027933142211403287,0.0021428989035045323
306_proterhinus_trochanter_aligned,2,C.1.02,-0.1312367,-0.1416752,-0.2818551,-0.1312983979417255,-0.14146120220566993,-0.2818307336181977,-141.57941921683505,0.20749503640133624,0.007414160228230398,8.081469106094308e-05,-0.0002089602791493107,0.00022404332740215652
306_proterhinus_trochanter_aligned,3,C.1.03,-0.09593953,-0.1260152,-0.3015512,-0.09632088769531408,-0.1290774006469117,-0.30476355320587256,-153.6373338817131,0.2033707534863099,0.007402691274202443,-0.004043468223965396,0.0018687119453740816,0.004454404518339274
306_proterhinus_trochanter_aligned,4,C.1.04,-0.05799193,-0.1129883,-0.3179629,-0.058322132959628764,-0.11333792785412006,-0.31970087890039306,-165.73354714878494,0.2056189930897204,0.003267913148744449,-0.001795228620554895,-0.00017028942737668906,0.0018032870789576703
306_proterhinus_trochanter_aligned,5,C.1.05,-0.01490291,-0.09534218,-0.3263507,-0.01590469523413798,-0.09350907422910185,-0.3259823425426445,-178.79710760981874,0.20815132335330436,-0.000814200285950647,0.0007371016430290644,-0.00198902458679379,0.0021212113612335726
306_proterhinus_trochanter_aligned,6,C.1.06,0.02581983,-0.07167467,-0.3218781,0.025875714641622086,-0.07183287340195606,-0.3217026925267851,-191.86624125584584,0.20755999488829177,-0.0008954335876933032,0.00014577317801647838,0.00019408599071112223,0.0002427327567909737
306_proterhinus_trochanter_aligned,7,C.1.07,0.0652138,-0.04903662,-0.3086881,0.06476749171673613,-0.04961622989541362,-0.30712437729790415,-204.89093912833277,0.20904623169976191,-0.0027832162555472186,0.0016320099894866213,0.0005629483083172787,0.0017263740624851118
306_proterhinus_trochanter_aligned,8,C.1.08,0.09857362,-0.02882535,-0.2858032,0.0974349927013132,-0.02905178478451518,-0.2843649916026951,-217.27944939504738,0.20926003673162483,-0.005588266862070034,0.001845815021349534,-9.568248529326725e-05,0.0018482933292720146
306_proterhinus_trochanter_aligned,9,C.1.09,0.1233967,-0.01010389,-0.2529632,0.12452506212434106,-0.009996443792345017,-0.25378961861723603,-229.74138525788916,0.2060444748111861,-0.007349224697139982,-0.001369746899089197,0.00030250113146359207,0.0014027521171259113
306_proterhinus_trochanter_aligned,10,C.1.10,0.1443011,0.006113735,-0.2162875,0.1447229987989639,0.006550229198190621,-0.21663686372980295,-242.29609913638845,0.20675413542666624,-0.010061178734875015,-0.0006600862836090571,-0.00023423683637331896,0.0007004147323715348
307_trochanter_aligned,1,C.1.01,0.1244176,0.150498,-0.01040253,0.12898919571706946,0.12279599396591978,-0.012749354221285092,-47.27524237184906,0.2844818009075262,0.12002097937896765,0.01177318231970953,0.025596882382529267,0.028174602209049104
307_trochanter_aligned,2,C.1.02,0.102178,0.1273132,0.02269721,0.1044677039378642,0.11014332189509901,0.0190770090449556,-56.073216120532436,0.28174187817127067,0.10472108367563004,0.009033259583453968,0.015216883206263724,0.017696138370139773
307_trochanter_aligned,3,C.1.03,0.07767718,0.1049626,0.05475686,0.07595251046393946,0.09432808575475977,0.046781655128229405,-65.01038417908305,0.284202135765936,0.09140359042632064,0.011493517178119306,0.006897125043365881,0.01340415125949965
307_trochanter_aligned,4,C.1.04,0.04767257,0.07968038,0.07901022,0.04430119428143598,0.07565467352838462,0.06932678657952138,-74.01577274613001,0.283723491919176,0.07958862801818557,0.01101487333135931,0.00011804716973278751,0.011015505873094135
307_trochanter_aligned,5,C.1.05,0.02014712,0.06114425,0.09372893,0.0172539766509804,0.058859666515018255,0.08319548715066805,-81.2668097420213,0.283791925173358,0.07411062538747919,0.011083306585541297,-0.0013051182049411561,0.011159884336227244
307_trochanter_aligned,6,C.1.06,-0.01004121,0.04315661,0.1028453,-0.010969087094240961,0.04053636349667491,0.09308804081509106,-88.59028242306889,0.28285392187657127,0.07138019622372338,0.01014530328875457,5.979649556328989e-05,0.0101454795077263
307_trochanter_aligned,7,C.1.07,-0.03984028,0.02242205,0.1029848,-0.039534244774508176,0.021140208552291123,0.09868744209484062,-95.89401143845474,0.277178136170598,0.06771303755326404,0.004469517582781302,0.00047694087532046365,0.004494892659601788
307_trochanter_aligned,8,C.1.08,-0.08152474,-0.01349709,0.0894041,-0.08422310250691026,-0.011089949879193955,0.09869394248246899,-107.41023969972669,0.26288388454023626,0.05910756386660713,-0.009824734047580441,-0.0016885668548478688,0.009968784134937356
307_trochanter_aligned,9,C.1.09,-0.1224807,-0.04914252,0.07315221,-0.12962348665957055,-0.046707865662086796,0.08684734650128345,-119.72560581284668,0.2573701524241224,0.05087033953235993,-0.015338466163694275,-0.003038941023325071,0.01563661430099384
307_trochanter_aligned,10,C.1.10,-0.1608563,-0.08451781,0.05106065,-0.17093857628470796,-0.0827106199748259,0.06290449200366621,-132.22876902057052,0.25763277090945186,0.04268496181756065,-0.01507584767836484,-0.004232450951260176,0.015658698038983995
307_trochanter_aligned,11,C.1.11,-0.1899825,-0.1139158,0.0274013,-0.20008731107928707,-0.11148908617588552,0.03471448955868142,-142.618499248609,0.2612968888028145,0.03551710615444239,-0.011411729785002211,-0.005590287270573062,0.012707434377302053
307_trochanter_aligned,12,C.1.12,-0.2130779,-0.1421001,-0.003333154,-0.22314644541265088,-0.13806840149650393,0.0004890575215451554,-152.87473857186356,0.264062111747788,0.02779063683914406,-0.008646506840028712,-0.007581386412159347,0.01149954348942333
307_trochanter_aligned,13,C.1.13,-0.2278535,-0.1670601,-0.04116181,-0.2396627516759238,-0.16207266539706422,-0.03884637537235962,-163.1025703010457,0.26379990450309776,0.0201483828992789,-0.008908714084718938,-0.009504155929669734,0.013026671354522863
307_trochanter_aligned,14,C.1.14,-0.2396466,-0.1868131,-0.08096556,-0.24890157428321605,-0.18233217578198785,-0.0806082969499884,-172.99013018483933,0.2664976655943237,0.01592059789961152,-0.006210952993493002,-0.0082027392150477,0.010288871061368304
307_trochanter_aligned,15,C.1.15,-0.2479976,-0.2026824,-0.1232993,-0.2511875002436351,-0.19898514255338412,-0.12403468517562508,-182.71829706183024,0.2717001197541297,0.013849130460607158,-0.0010084988336869771,-0.0048341387702341716,0.0049382150163221035
307_trochanter_aligned,16,C.1.16,-0.2506233,-0.2157779,-0.1672896,-0.24677496844599445,-0.21176787976812778,-0.16742163878180122,-192.2118372962943,0.27802046428569593,0.011733782293199598,0.005311845697879236,-0.0016406241286172655,0.005559438123540796
307_trochanter_aligned,17,C.1.17,-0.2440267,-0.2228881,-0.2131038,-0.235712326737933,-0.2209678548967523,-0.21099783470272804,-201.79847209432177,0.2810766750855548,0.010701767171896479,0.008368056497738086,0.0026882827755837246,0.00878926810552708
307_trochanter_aligned,18,C.1.18,-0.2292241,-0.2242201,-0.2575126,-0.21834124279462727,-0.22629867908084078,-0.2529104951301542,-211.34151851653283,0.28182253352337727,0.010479052159511625,0.009113914935560574,0.0078021148240888846,0.011997351423580964
307_trochanter_aligned,19,C.1.19,-0.2064492,-0.2224656,-0.2983934,-0.19506769782047298,-0.22779079848359735,-0.2921280740877071,-220.873236022688,0.28126532940224164,0.00847926067599375,0.00855671081442494,0.01113253518197174,0.014041034133550649
307_trochanter_aligned,20,C.1.20,-0.1764009,-0.2182757,-0.3340328,-0.16645880239913508,-0.22553979071259894,-0.3275797636084259,-230.40140895444918,0.27946581867974246,0.0041673329598526515,0.0067572000919257635,0.012148837153186706,0.013901582545054737
307_trochanter_aligned,21,C.1.21,-0.1394593,-0.211322,-0.3619188,-0.13317285834943535,-0.21972419639833124,-0.3583185496807042,-239.94400809326945,0.2749095555565977,-0.0024442583877659586,0.0022009369687809865,0.01087354274204721,0.011094054953157292
307_trochanter_aligned,22,C.1.22,-0.09930383,-0.2004549,-0.3833684,-0.09537900181684936,-0.21043435786175682,-0.3838196948495336,-249.66449816088195,0.2699692029125492,-0.008376046303674516,-0.002739415675267476,0.010377529777415613,0.010733010878735254
307_trochanter_aligned,23,C.1.23,-0.0675208,-0.1907791,-0.3955364,-0.06432195476653717,-0.20124213095749865,-0.39894136196460656,-257.12837691776366,0.2669681162932676,-0.01301037875613981,-0.005740502294549088,0.009917057377665862,0.011458682019571023
307_trochanter_aligned,24,C.1.24,-0.0338851,-0.1825488,-0.4027981,-0.032168586194559756,-0.19054388085676388,-0.4098517755885237,-264.5618534090795,0.26403329405033443,-0.020653057091188077,-0.008675324537482265,0.0064312379078954734,0.010799170193056241
307_trochanter_aligned,25,C.1.25,0.000159977,-0.1812656,-0.4123423,-0.0014787206658594728,-0.1793706037659298,-0.4161281115926432,-271.5058053181388,0.26938463390104395,-0.034059306288402855,-0.003323984686772752,-0.003091898443404179,0.004539681726974372
307_trochanter_aligned,26,C.1.26,0.03976293,-0.1859593,-0.42529,0.029740443868794705,-0.16714180729126524,-0.4185207832627451,-278.52416430328583,0.28320321486325245,-0.054646471121540766,0.010494596275435752,-0.019754341404993273,0.022368964109440115
307_trochanter_aligned,27,C.1.27,0.07904805,-0.1717857,-0.4215625,0.0666483634417778,-0.15164318167212398,-0.416117795439641,-286.89936294394084,0.2823711837986712,-0.06184111654334455,0.009662565210854512,-0.02226550948499848,0.02427175475899038
307_trochanter_aligned,28,C.1.28,0.1153845,-0.1546133,-0.4096099,0.1029383564865827,-0.13534123537720602,-0.4078862799294716,-295.3841863019428,0.27871996227538276,-0.06652744881786375,0.006011343687566062,-0.02220706140846231,0.023006299774828102
307_trochanter_aligned,29,C.1.29,0.1618862,-0.1317063,-0.3831795,0.15076755219995422,-0.11220406748125125,-0.3867209165480404,-307.3394749803661,0.2733242358588693,-0.0737242431128448,0.000615617271052582,-0.02271836368797544,0.022726703088735475
307_trochanter_aligned,30,C.1.30,0.2024426,-0.1072371,-0.3493832,0.19388278025493202,-0.089514786112211,-0.35434273722723686,-319.5688688293292,0.27096988558396,-0.07806654088333799,-0.001738733003856685,-0.020221887663000752,0.020296500513973404
307_trochanter_aligned,31,C.1.31,0.2347125,-0.08213656,-0.3079791,0.22960914735756321,-0.06893101268856441,-0.3121044968893053,-331.9090786156913,0.2702379005096433,-0.07928311055387609,-0.002470718078173395,-0.01453771438913652,0.01474617196027226
307_trochanter_aligned,32,C.1.32,0.252381,-0.06307872,-0.267804,0.252137856740039,-0.05456159184211222,-0.27133125364433575,-342.0944803355255,0.2682624670951523,-0.07852037648887031,-0.0044461514926644186,-0.008079223098696272,0.00922182785429382
307_trochanter_aligned,33,C.1.33,0.2631505,-0.04643736,-0.2242551,0.26777105641352467,-0.04315300526584008,-0.22624056933903142,-352.3467898687189,0.266782734862204,-0.07715540609138868,-0.005925883725612702,-0.0009810800971960733,0.006006547767777785
307_trochanter_aligned,34,C.1.34,0.2663943,-0.03147663,-0.1789222,0.2759379368080273,-0.03531536282766651,-0.17836844795420165,-362.62499044125803,0.2661588080800712,-0.0739706566230096,-0.0065498105077455016,0.007951320449245527,0.010301626792597591
307_trochanter_aligned,35,C.1.35,0.2648335,-0.01974758,-0.1368031,0.2766860400367974,-0.03166225871548886,-0.13372401919374952,-371.98335673212216,0.268110383277458,-0.07069987823532281,-0.004598235310358689,0.01645537130724187,0.01708575467541979
307_trochanter_aligned,36,C.1.36,0.2561332,-0.01065154,-0.09490097,0.2711757046065537,-0.031541409302274864,-0.0896413524303624,-381.2634287437059,0.2696144255692082,-0.0662534929830624,-0.003094193018608471,0.02609124624939846,0.02627407774372215
307_trochanter_aligned,37,C.1.37,0.241642,-0.004240621,-0.05412197,0.2597755304491101,-0.03498153413526178,-0.0472465748766092,-390.4617552114636,0.2716754663191488,-0.06115626711200269,-0.0010331522686679029,0.036332249055501704,0.0363469355660317
308_lisshorhoptrus_oryzophilus_aligned,1,C.1.01,0.0134008,0.0368008,-0.3384448,0.017246828106944827,0.0363879852977362,-0.3567846575250471,170.74479493570865,0.2427116910446751,0.10414394480441445,-0.018666724029945125,-0.0016929666880093621,0.018743338075616164
308_lisshorhoptrus_oryzophilus_aligned,2,C.1.02,0.04358898,0.05553723,-0.3355501,0.04802047998281835,0.055871752635063124,-0.34772848366519993,162.54623234477256,0.24842710678523683,0.10177398713782153,-0.0129513082893834,-0.000571611565002208,0.012963916313672217
308_lisshorhoptrus_oryzophilus_aligned,3,C.1.03,0.0707448,0.07459234,-0.3225008,0.07684541600642958,0.07541344468679609,-0.33369595307752264,154.34470439188007,0.24860388618970275,0.09903901442606139,-0.01277452888491748,0.000185991295918171,0.01277588278725774
308_lisshorhoptrus_oryzophilus_aligned,4,C.1.04,0.09594572,0.0926249,-0.3048792,0.10309157496172022,0.09449735072574286,-0.31501805851432846,146.16578042429865,0.24883491091800794,0.09553215449557104,-0.01254350415661229,0.00016208115527912166,0.012544551280450284
308_lisshorhoptrus_oryzophilus_aligned,5,C.1.05,0.1280909,0.113188,-0.2795481,0.131764436132767,0.11721137765229572,-0.28550124046178715,135.89334747500936,0.25371758954007134,0.08845906760815449,-0.007660825534548887,-0.00253654665612668,0.008069839949435458
308_lisshorhoptrus_oryzophilus_aligned,6,C.1.06,0.1564123,0.1322182,-0.2489931,0.15435183529637028,0.13724225677470936,-0.25109793238590705,125.89083047748612,0.2599388178976886,0.08109300069009148,-0.0014395971769316507,-0.005643096721777918,0.005823828692807682
308_lisshorhoptrus_oryzophilus_aligned,7,C.1.07,0.1768663,0.1507918,-0.2124629,0.17093727562105465,0.15435795768637092,-0.2124901338252621,115.97587453364523,0.2645528738519515,0.07636615586741244,0.003174458777331246,-0.006147712085195088,0.006918927114186788
308_lisshorhoptrus_oryzophilus_aligned,8,C.1.08,0.1859921,0.1702497,-0.1728847,0.1811614749419453,0.1678752459844045,-0.1714502131234248,106.2733492680816,0.26693081171481836,0.0779330859266626,0.005552396640198132,-0.0004490150027194126,0.0055705226794933805
308_lisshorhoptrus_oryzophilus_aligned,9,C.1.09,0.1870939,0.1883086,-0.1316438,0.18520284268715798,0.17761057402712335,-0.12889518997754676,96.69365476276349,0.2690747416815598,0.08244790137431098,0.007696326606939585,0.00814526066443796,0.011206190902011574
308_lisshorhoptrus_oryzophilus_aligned,10,C.1.10,0.1815864,0.1983541,-0.08808947,0.18316537443419567,0.18340350397977356,-0.08536741326836521,87.0881735091855,0.26859126088283164,0.08368060421836342,0.00721284580821141,0.01346840487292614,0.015278189502493171
308_lisshorhoptrus_oryzophilus_aligned,11,C.1.11,0.1676445,0.1969192,-0.0344057,0.17243775799411137,0.1847068787490042,-0.03223534901372936,75.2333298582545,0.26448151476595677,0.07809435918989034,0.0031030996913365416,0.012930479814951547,0.01329761391901726
308_lisshorhoptrus_oryzophilus_aligned,12,C.1.12,0.1473577,0.1867422,0.01622302,0.15299024141709278,0.17927371876171372,0.018593606805716173,63.27470487920477,0.2609484955866208,0.06971183075689631,-0.0004299194879994195,0.009640466060267715,0.009650047493423809
308_lisshorhoptrus_oryzophilus_aligned,13,C.1.13,0.1224449,0.1717894,0.06348997,0.1256492480833034,0.16702433620402182,0.06476420867496326,51.240097461570336,0.2614739611996853,0.060827669622022226,9.554612506507132e-05,0.005881176307293456,0.005881952381606333
308_lisshorhoptrus_oryzophilus_aligned,14,C.1.14,0.09971405,0.1568294,0.09491076,0.10093879831288613,0.15364888197549942,0.09478247994840266,42.256895458353846,0.2625653676833617,0.05431843611514928,0.001186952608741465,0.003197389968447741,0.003410595124861403
308_lisshorhoptrus_oryzophilus_aligned,15,C.1.15,0.07458527,0.1388082,0.1226841,0.07352002867672155,0.1370838091264138,0.12000120938447399,33.349701216834866,0.2647358655099804,0.04751151915787588,0.0033574504353601764,0.0001835526919036672,0.0033624641286718452
308_lisshorhoptrus_oryzophilus_aligned,16,C.1.16,0.04576179,0.1169648,0.1431716,0.04389265645758709,0.11754499819380178,0.14011422992226108,24.437393914286556,0.264271369792236,0.04133985398617302,0.0028929547176157477,-0.002192855430150912,0.003630124231444047
308_lisshorhoptrus_oryzophilus_aligned,17,C.1.17,0.004089042,0.08507068,0.1623435,0.0017648025187785871,0.08716894950003205,0.15834423155129035,12.401806454279992,0.26466282578632827,0.03453293769584097,0.0032844107117080412,-0.003874482992928925,0.005079268863298898
308_lisshorhoptrus_oryzophilus_aligned,18,C.1.18,-0.03919459,0.05059835,0.1700644,-0.041051038946704164,0.05321975980043314,0.16565535927848962,0.34748872269296427,0.2649454445833473,0.029146913042138862,0.00356702950872706,-0.004127242735935594,0.005455073979100807
308_lisshorhoptrus_oryzophilus_aligned,19,C.1.19,-0.08138388,0.01419187,0.1660591,-0.08248656255518813,0.017048579680256828,0.16173771199417214,-11.709632198471196,0.264985332333381,0.02426139323685627,0.003606917258760778,-0.0038783039076580685,0.005296328285869566
308_lisshorhoptrus_oryzophilus_aligned,20,C.1.20,-0.1102232,-0.01413376,0.1532302,-0.11186132494360986,-0.011074506984873073,0.15135852455083346,-20.87967514006579,0.26249195474610315,0.020452399670514872,0.0011135396714829215,-0.0037822851199356485,0.003942797398859448
308_lisshorhoptrus_oryzophilus_aligned,21,C.1.21,-0.1360499,-0.042149,0.1346104,-0.13872161662444263,-0.039275431122242035,0.13471238992276185,-30.133716133553094,0.26024911295664477,0.01653484041209952,-0.0011293021179754614,-0.003759061915853935,0.003925031179607016
308_lisshorhoptrus_oryzophilus_aligned,22,C.1.22,-0.1594673,-0.06902006,0.1116265,-0.16219804437856783,-0.06685422510773789,0.11212620773988172,-39.45987482157899,0.25977492788005296,0.013187709229965386,-0.0016034871945672657,-0.0031346997118984446,0.0035210102906577043
308_lisshorhoptrus_oryzophilus_aligned,23,C.1.23,-0.1829932,-0.09789729,0.07981024,-0.18393730657279234,-0.09680573575423751,0.07961066453454223,-50.22782541978378,0.2611752110868627,0.010294242254579245,-0.00020320398775752757,-0.001442694145688543,0.00145693454164712
308_lisshorhoptrus_oryzophilus_aligned,24,C.1.24,-0.1982193,-0.1223998,0.04021608,-0.1991270492704837,-0.12387569966711778,0.041289225124069684,-61.00710578643541,0.2595610488613497,0.008069194866207725,-0.0018173662132705548,0.0009225557271185797,0.00203811899131935
308_lisshorhoptrus_oryzophilus_aligned,25,C.1.25,-0.2047102,-0.1420766,-0.004173368,-0.2071490235569035,-0.14737493489708395,-0.0017724827953228828,-71.87235720904222,0.2560897968889657,0.005957024184948965,-0.0052886181856545145,0.003437292608400751,0.006307492591307779
308_lisshorhoptrus_oryzophilus_aligned,26,C.1.26,-0.2060855,-0.1607596,-0.05860763,-0.20666621464245516,-0.1693771365558793,-0.05650878800117584,-84.77543297763131,0.2559748246961431,0.004082329938133242,-0.005403590378477152,0.007057302214411271,0.008888436506152588
308_lisshorhoptrus_oryzophilus_aligned,27,C.1.27,-0.1935957,-0.1701967,-0.1140064,-0.19511940274119946,-0.18420035011171923,-0.11277894557993344,-97.75089605820091,0.2520801542453776,0.0021518629588321353,-0.009298260829242622,0.01065236482663379,0.014139679305003119
308_lisshorhoptrus_oryzophilus_aligned,28,C.1.28,-0.1731887,-0.1768466,-0.1674234,-0.17276601405143444,-0.19118724951223728,-0.16763273172618098,-110.79659752079046,0.2530377238518297,-0.002380772644210773,-0.00834069122279052,0.011675169443806683,0.01434840449720917
308_lisshorhoptrus_oryzophilus_aligned,29,C.1.29,-0.1476978,-0.1847619,-0.2284307,-0.1373424212506183,-0.18962467101865005,-0.22203047643866558,-125.0049228515788,0.26838035195092974,-0.009024234360676436,0.007001936876309511,0.011082244927730424,0.01310890051293505
308_lisshorhoptrus_oryzophilus_aligned,30,C.1.30,-0.09910721,-0.1813238,-0.2738351,-0.09341005248488829,-0.17923351267986345,-0.26662557297301165,-138.88846155539784,0.2702723671079145,-0.022903936306808204,0.008893952033294295,0.00311477158312677,0.009423597231715337
308_lisshorhoptrus_oryzophilus_aligned,31,C.1.31,-0.04377515,-0.1690604,-0.3087961,-0.04293519085518338,-0.16108169013903617,-0.299911200734512,-152.69971903394358,0.2726916134409088,-0.035814018483420446,0.01131319836628858,-0.00391386255421392,0.011971080877192005
308_lisshorhoptrus_oryzophilus_aligned,32,C.1.32,-0.003561212,-0.1527018,-0.3227383,-0.005576309137179096,-0.14468275753576665,-0.31536174259786454,-162.232568076101,0.27077670133283127,-0.04182920498455879,0.009398286258211042,-0.0058695377186935805,0.011080580202428223
308_lisshorhoptrus_oryzophilus_aligned,33,C.1.33,0.0365338,-0.1320225,-0.3293649,0.03320778971452458,-0.125488438259362,-0.32419025576629584,-171.88326915000343,0.2681360085014179,-0.0459742937999192,0.006757593426797659,-0.00590492855782917,0.008974031992085001
308_lisshorhoptrus_oryzophilus_aligned,34,C.1.34,0.07642066,-0.109953,-0.3304327,0.07222970568251871,-0.10414933233597187,-0.32587433926561926,-181.60889582666996,0.26744129907985587,-0.05014955106580595,0.006062884005235636,-0.005938581191623403,0.008486772592125054
308_lisshorhoptrus_oryzophilus_aligned,35,C.1.35,0.1164553,-0.08721241,-0.3250473,0.11066941994577587,-0.08118091295777112,-0.3201082336862562,-191.47501892679168,0.2681890593887409,-0.05533084793815997,0.006810644314120651,-0.006918443802646672,0.0097082305609129
308_lisshorhoptrus_oryzophilus_aligned,36,C.1.36,0.1532852,-0.06368759,-0.3095846,0.1469544678629443,-0.05761509067554038,-0.3069264729195075,-201.358844857389,0.2662414365338572,-0.06039119553547956,0.004863021459236949,-0.007769818485637979,0.009166190976232173
308_lisshorhoptrus_oryzophilus_aligned,37,C.1.37,0.1849152,-0.03986282,-0.2854839,0.18034473221131372,-0.03404244884284462,-0.2864388928961167,-211.35012123129695,0.2622464368990419,-0.0642872100150942,0.0008680218244216942,-0.007411102870587222,0.007461763038726059
308_lisshorhoptrus_oryzophilus_aligned,38,C.1.38,0.2112896,-0.01450326,-0.2559282,0.21038212064430675,-0.01081074000163007,-0.25832859909605776,-221.67566572824228,0.2593330841577252,-0.06527777584228092,-0.0020453309168950162,-0.004004592361292185,0.004496680835875085
308_lisshorhoptrus_oryzophilus_aligned,39,C.1.39,0.2331901,0.01064559,-0.222759,0.23515822791319851,0.010568462132050663,-0.2237539646940891,-232.08019255050573,0.25937577297302783,-0.06477714941036827,-0.0020026421015924,0.0009267445959587344,0.0022066787109158593
308_lisshorhoptrus_oryzophilus_aligned,40,C.1.40,0.2501124,0.03156257,-0.1841794,0.2536748799226749,0.029074816978858706,-0.1840508794062648,-242.47402339741043,0.25966632309246646,-0.06613437243496346,-0.001712091982153774,0.003995677274420121,0.004347032992360807
308_lisshorhoptrus_oryzophilus_aligned,41,C.1.41,0.2613942,0.04741802,-0.1327625,0.2667197421517196,0.046119483914927456,-0.1328546960855697,-254.6127266973821,0.2575972219316624,-0.07132953014962465,-0.0037811931429578283,0.003969719600654465,0.005482343959673828
308_lisshorhoptrus_oryzophilus_aligned,42,C.1.42,0.2660774,0.05753398,-0.07892798,0.2700998606013994,0.057352641341689325,-0.07856077152937206,-266.7587439006173,0.25816724163113436,-0.0780146801352713,-0.0032111734434858707,0.0024568842413837657,0.0040432555026499485
308_lisshorhoptrus_oryzophilus_aligned,43,C.1.43,0.2649983,0.06388247,-0.0243305,0.2639496394671528,0.062053203203290525,-0.024410945752803316,-278.7190062756859,0.2633024639080352,-0.0846985122070867,0.0019240488334149597,0.0008662641239680063,0.0021100657444352994
308_lisshorhoptrus_oryzophilus_aligned,44,C.1.44,0.2507915,0.06263644,0.01633929,0.2527483095019804,0.06105560519603523,0.017135990964345538,-288.1237013013688,0.2606320035201741,-0.08703875678970237,-0.0007464115544461025,0.0025309571949057833,0.0026387259295076963
308_lisshorhoptrus_oryzophilus_aligned,45,C.1.45,0.2305136,0.05717152,0.05397406,0.23611202804573217,0.055769882147071986,0.05700944847451206,-297.6346056687037,0.2570896805018972,-0.08870792303344274,-0.004288734572723052,0.004911957268740358,0.006520779742116865
308_lisshorhoptrus_oryzophilus_aligned,46,C.1.46,0.2080287,0.04702398,0.08931357,0.21442087455506795,0.04612458891504273,0.09400431067112465,-307.2395413124361,0.2554350501166319,-0.09238578083266492,-0.005943364957988306,0.005324308489001847,0.00797946413676392
308_lisshorhoptrus_oryzophilus_aligned,47,C.1.47,0.1874388,0.03205121,0.1163921,0.19244063218012036,0.03455478772422538,0.12230769411620404,-315.465528676492,0.25351407154796096,-0.09910771118366561,-0.007864343526659268,0.0021053696164059204,0.008141282474339848
308_lisshorhoptrus_oryzophilus_aligned,48,C.1.48,0.1677521,0.01495562,0.1428788,0.16817158432506865,0.020324313141474176,0.14659813019920498,-323.58462223970895,0.25568410860302626,-0.10789655959392704,-0.005694306471593968,-0.0032260074526527724,0.006544635228720416
308_lisshorhoptrus_oryzophilus_aligned,49,C.1.49,0.1503732,-0.0009010434,0.1716523,0.14372953950648687,0.004760058268852188,0.1655475991019676,-331.1467554777453,0.2659958929791923,-0.11748941611985597,0.004617477904572065,-0.009598571128734508,0.010651463275653075
309_listronotus_trochanter_aligned,1,C.1.01,-0.03688394,0.004327565,-0.3313742,-0.04240909578033201,0.0037687024158358715,-0.3796435407629323,-173.7898136323881,0.20666562500992994,0.09603360735671809,-0.0470392350704896,-0.01216878364735804,0.04858774466337154
309_listronotus_trochanter_aligned,2,C.1.02,-0.001311034,0.02292744,-0.3498878,-0.000509495748480325,0.025894275536354146,-0.37919184571339165,-184.4487789976537,0.2252953271127249,0.09547725645146161,-0.028409532967694634,-0.007814736617342957,0.029464753042253197
309_listronotus_trochanter_aligned,3,C.1.03,0.03679768,0.0453226,-0.3492163,0.04066167182571743,0.04956418370197684,-0.36990614658904153,-195.3344323924133,0.2329421393506755,0.09280901572851583,-0.020762720729744027,-0.005468148215513055,0.021470706020253756
309_listronotus_trochanter_aligned,4,C.1.04,0.0719422,0.06948586,-0.3375942,0.07826990297357009,0.07296893212938971,-0.35233626205579693,-206.05402401585476,0.2374536013882198,0.09101577802269215,-0.016251258692199733,-0.002323058534869084,0.01641645546508827
309_listronotus_trochanter_aligned,5,C.1.05,0.1089646,0.09607687,-0.3146965,0.11572987284499009,0.09832405820426654,-0.3231604476968455,-218.16719100425863,0.24264016175224007,0.08793065592586075,-0.011064698328179468,0.00017214242322631626,0.011066037326319268
309_listronotus_trochanter_aligned,6,C.1.06,0.1390762,0.1207823,-0.2817574,0.1459799858391325,0.12092586288178767,-0.28592440217824083,-230.10086300360865,0.246147465342181,0.08507736090789908,-0.007557394738238549,0.002816480274658644,0.008065158173718435
309_listronotus_trochanter_aligned,7,C.1.07,0.1620821,0.1408688,-0.2409006,0.16820105378816283,0.1397695970565047,-0.2424397166798893,-241.8788380834496,0.24864320053921515,0.08075904460366286,-0.005061659541204383,0.003924070006499476,0.00640458606991696
309_listronotus_trochanter_aligned,8,C.1.08,0.177547,0.1595345,-0.1830844,0.18390507207435275,0.15671608004696894,-0.18279939961150596,-256.28308081153057,0.24988341316342863,0.07601695398741407,-0.003821446916990906,0.005817760756199129,0.006960588822488331
309_listronotus_trochanter_aligned,9,C.1.09,0.1804848,0.171504,-0.1216158,0.18633556084479708,0.16562010662902663,-0.11993767798668821,-270.59147355289724,0.2521153699979791,0.07192268813774035,-0.0015894900824404146,0.008315119868852187,0.00846567759577203
309_listronotus_trochanter_aligned,10,C.1.10,0.1706117,0.1719514,-0.05970833,0.17585604779571576,0.1657702694155563,-0.05782009058353431,-284.7775988739151,0.25275233035064437,0.06534074569386161,-0.0009525297297751645,0.008268475936480897,0.008323160889846394
309_listronotus_trochanter_aligned,11,C.1.11,0.1494727,0.1595838,0.001797916,0.15211446676776524,0.15632938715830938,0.00287153177854739,-299.6100992864837,0.25326082745636086,0.05454333752791822,-0.0004440326240586767,0.004304139921999223,0.004326983411035408
309_listronotus_trochanter_aligned,12,C.1.12,0.116998,0.1359764,0.05443802,0.11721599657746712,0.1373971574740506,0.055201422484377566,-314.40555139627617,0.25233975078660453,0.04253700207550147,-0.0013651092938150033,-0.0008861908806525531,0.0016275311551585913
309_listronotus_trochanter_aligned,13,C.1.13,0.07572192,0.1045794,0.09558809,0.07344480412570509,0.10969345425221039,0.09611691365604973,-329.2745088403058,0.25182849321758227,0.03127259843413812,-0.0018763668628372643,-0.005300727257156416,0.005623029615671146
309_listronotus_trochanter_aligned,14,C.1.14,0.02381996,0.06471743,0.1266464,0.019307345866817587,0.0711637195988052,0.12438561233213127,-345.5490464685788,0.2543742591874529,0.0209161896064537,0.0006693991070333416,-0.008159742742351124,0.008187154376573644
309_listronotus_trochanter_aligned,15,C.1.15,-0.03269775,0.02039878,0.1361194,-0.03679347320937653,0.02659794875209277,0.13334042650607142,-361.82212989514056,0.2549494170570592,0.013744771272229808,0.0012445569766396658,-0.0078344376592455,0.007932675179578873
309_listronotus_trochanter_aligned,16,C.1.16,-0.0875131,-0.02536693,0.1239381,-0.09017412880613682,-0.02105343045000528,0.12233132501086401,-378.138754838955,0.25430125080270644,0.00877911366570089,0.0005963907222868992,-0.005283313037004105,0.005316867361577448
309_listronotus_trochanter_aligned,17,C.1.17,-0.1231911,-0.05599737,0.1049497,-0.12330816593574061,-0.05436209252600059,0.10321173587122047,-389.5511588186393,0.2553404106949273,0.0070632869708627,0.0016355506145077636,-0.0017416458740479414,0.0023892166421664485
309_listronotus_trochanter_aligned,18,C.1.18,-0.1547964,-0.08460754,0.0774847,-0.1512165451644295,-0.08619151533336868,0.07571064630133452,-400.90871670862447,0.2568877626301112,0.006460738923851668,0.0031829025496916685,0.002888033307528215,0.00429786051730702
309_listronotus_trochanter_aligned,19,C.1.19,-0.1786397,-0.111536,0.04173541,-0.17280160750763168,-0.11552804765531881,0.04100592692052134,-412.22745288981685,0.25702327764114163,0.004646448337175419,0.003318417560722098,0.006288085470770978,0.007109986919469653
309_listronotus_trochanter_aligned,20,C.1.20,-0.1953288,-0.1382584,-0.006769205,-0.18864634525865218,-0.1448861232443112,-0.005767292554370376,-425.1595974300208,0.2557581557871558,0.001640324947684762,0.002053295706736291,0.009239573694860096,0.009464974660402017
309_listronotus_trochanter_aligned,21,C.1.21,-0.198604,-0.1562166,-0.06165515,-0.19417493878656622,-0.16882778017115213,-0.05832951888112061,-438.220693661812,0.25030185725506976,-0.0002694372016492378,-0.003403002825349777,0.013346828936160262,0.013773825571730711
309_listronotus_trochanter_aligned,22,C.1.22,-0.1843913,-0.1676348,-0.1165462,-0.18856036459019795,-0.18625262151270638,-0.11429302453795735,-451.47617393853466,0.2398783058921502,-0.006384632947528195,-0.013826554188269335,0.01333819989270813,0.019211485551590905
309_listronotus_trochanter_aligned,23,C.1.23,-0.1646585,-0.1786174,-0.1640278,-0.17316874443010244,-0.1956965018240678,-0.16635516204597142,-463.8780011270763,0.23661742536699476,-0.01662953857118696,-0.017087434713424776,0.008806598002886221,0.01922333460849063
309_listronotus_trochanter_aligned,24,C.1.24,-0.1446992,-0.1894891,-0.2114412,-0.14907024882852243,-0.19828961904039355,-0.21474718145624355,-476.0578947133566,0.24419378087539045,-0.02692117358924943,-0.009511079205029083,0.004126025810189032,0.010367483620950801
309_listronotus_trochanter_aligned,25,C.1.25,-0.1199859,-0.1951643,-0.2575021,-0.1186462042175969,-0.19466834385862058,-0.2563305584011625,-487.6798371223079,0.25546555655045144,-0.035841567835019225,0.0017606964700319083,0.0005596560924215931,0.0018475029097047278
309_listronotus_trochanter_aligned,26,C.1.26,-0.08209758,-0.1889635,-0.298525,-0.07968293337108429,-0.18468026037189383,-0.29359070982391106,-500.01931706651294,0.26056847579763653,-0.04327519971634461,0.006863615717216998,-0.0011893943343284923,0.006965908382699334
309_listronotus_trochanter_aligned,27,C.1.27,-0.03829273,-0.1742599,-0.330489,-0.03595452822856572,-0.1692146313555408,-0.3217815834179819,-512.2342923792355,0.2639776596905556,-0.048813309216204824,0.010272799610136052,-0.00110027947426685,0.010331554904829416
309_listronotus_trochanter_aligned,28,C.1.28,0.009830952,-0.1555594,-0.3526514,0.010285958020601692,-0.14946429680627482,-0.3397814338044868,-524.2524524850649,0.2677888438820164,-0.05540243025563948,0.014083983801596867,-0.0021528454591427976,0.014247573242296236
309_listronotus_trochanter_aligned,29,C.1.29,0.07938329,-0.1224885,-0.3600546,0.07544107321589284,-0.11702139332266834,-0.3472976069788835,-540.7450321841288,0.26754975343567355,-0.06490823008912701,0.013844893355254018,-0.004060803801795577,0.014428139157044316
309_listronotus_trochanter_aligned,30,C.1.30,0.145263,-0.08415722,-0.3467604,0.1381678283696846,-0.08121305921068026,-0.3342893496404966,-557.2869679775387,0.26785530147615394,-0.07224975731627696,0.014150441395734403,-0.00378175205323647,0.014647069341211929
309_listronotus_trochanter_aligned,31,C.1.31,0.2033354,-0.04592117,-0.3128247,0.19336235640942473,-0.04564824249779001,-0.3017062403546711,-573.8085641897133,0.2682407582551243,-0.07952361497297138,0.014535898174704742,-0.003444400821681451,0.014938414667085155
309_listronotus_trochanter_aligned,32,C.1.32,0.2418835,-0.01866435,-0.2717304,0.22952063456508978,-0.019488902671884203,-0.2629003350512612,-587.1226111433372,0.2682967355027096,-0.08652176921188096,0.014591875422290068,-0.004309007719849258,0.01521480778285925
309_listronotus_trochanter_aligned,33,C.1.33,0.2713185,0.004519717,-0.2215929,0.25626812823879963,0.0025735696680135867,-0.21516199242486989,-600.4050764562564,0.2692984587908277,-0.09367005824600133,0.015593598710408163,-0.005338298519824447,0.016482043314710766
309_listronotus_trochanter_aligned,34,C.1.34,0.2865161,0.02224779,-0.1635206,0.27248916193173145,0.019210136687613275,-0.1606794686001291,-613.7393969340422,0.26759138490589,-0.0990810319783432,0.013886524825470481,-0.0046063852552971725,0.01463059659920359
309_listronotus_trochanter_aligned,35,C.1.35,0.2859815,0.03327504,-0.1004988,0.2773287250273663,0.029373313965681436,-0.10044507620206333,-627.5366759541624,0.263072943091229,-0.1023591717037377,0.009368083010809436,-0.001528361123218119,0.009491936947766802
309_listronotus_trochanter_aligned,36,C.1.36,0.270401,0.03747563,-0.03858637,0.2696870305435207,0.03145153343142118,-0.03849270120357339,-641.6007997502188,0.25773455758961905,-0.10277451058939334,0.004029697509199515,0.004535394545144244,0.006066981596788676
309_listronotus_trochanter_aligned,37,C.1.37,0.2341638,0.03018249,0.01363995,0.24965429740157147,0.02457202804358627,0.021212527580706214,-655.867389270657,0.24284560270956337,-0.09936148513678944,-0.010859257370856162,0.014520786951187525,0.01813220130950107
310_ormiscus_saltator_trochanter_mirrored_aligned,1,C.1.1,-0.1367925,-0.1676164,-0.3202699,-0.13760782965865082,-0.16844898939324943,-0.32075895082355954,-113.8836123337634,0.22092948666053425,0.009369429108814093,-0.0012532101510479565,0.00016310295938978814,0.0012637793549711738
310_ormiscus_saltator_trochanter_mirrored_aligned,2,C.1.2,-0.1013257,-0.1525428,-0.3824119,-0.10074127808228797,-0.15149673348529297,-0.38145166498841876,-132.7786154777547,0.2236553729990031,0.005623939450197846,0.0014726761874208905,-0.00043483359525631183,0.0015355309858677614
310_ormiscus_saltator_trochanter_mirrored_aligned,3,C.1.3,-0.0508097,-0.1236242,-0.4266708,-0.050454952645925664,-0.12337739464155653,-0.42587631912966967,-151.6070282472188,0.2230846703554219,0.0029886613467250208,0.0009019735438396959,6.634869790244038e-05,0.000904410539246432
310_ormiscus_saltator_trochanter_mirrored_aligned,4,C.1.4,0.008223534,-0.08656496,-0.4487656,0.008465771246112044,-0.08714428515244922,-0.44954786153955717,-170.52831578947385,0.2213445821338367,0.0003215556382552571,-0.0008381146777454995,0.0005511745811284187,0.0010031099799795835
310_ormiscus_saltator_trochanter_mirrored_aligned,5,C.1.5,0.06449863,-0.0507877,-0.4506409,0.06437198876016681,-0.05063072259265457,-0.450571055133238,-187.79908843064283,0.22226825683108273,-0.0033021503315789264,8.556001950052461e-05,-0.0001955446202774647,0.00021344370559093083
310_ormiscus_saltator_trochanter_mirrored_aligned,6,C.1.6,0.116873,-0.01494164,-0.4300877,0.11737899254664567,-0.014360043339869198,-0.4317235813713787,-205.11027899461453,0.22039930745363143,-0.0062901809653055024,-0.0017833893579507765,-0.0002998556177691455,0.001808422238737399
310_ormiscus_saltator_trochanter_mirrored_aligned,7,C.1.7,0.1632537,0.01857644,-0.395798,0.16258002886688294,0.017994637454745152,-0.3948092371367127,-222.3670679586826,0.2235041908753481,-0.008711254247107933,0.0013214940637658878,0.000153728450548167,0.0013304055761595242
311_neochetina_trochanter_aligned,1,C.1.01,-0.00172542,0.06436694,-0.3124762,0.007754858535457723,0.05730389137758561,-0.3311499679039912,167.4195546383755,0.2180868838975837,0.1341587833717294,-0.020823990568271195,0.00740495519886112,0.02210140141901827
311_neochetina_trochanter_aligned,2,C.1.02,0.03950839,0.08117714,-0.3106505,0.04589300283035873,0.07654331365338769,-0.31664840580605685,156.67179726933102,0.23107297094065032,0.12712659792540562,-0.007837903525204581,0.006064467824307152,0.009910121172945879
311_neochetina_trochanter_aligned,3,C.1.03,0.07657488,0.09861264,-0.2930937,0.08044733140314916,0.09524588668186226,-0.29459988552296695,145.9374056967399,0.23606878562154252,0.1199076352846562,-0.0028420888443123904,0.004530125120300088,0.005347850278807235
311_neochetina_trochanter_aligned,4,C.1.04,0.1103454,0.1144754,-0.2687201,0.10963714903395672,0.11217872757202504,-0.2665690223863171,135.48627344238818,0.24146901248285557,0.11180742871196611,0.0025581380170006662,0.0019645326310309824,0.0032254392836340183
311_neochetina_trochanter_aligned,5,C.1.05,0.1475426,0.135408,-0.2180099,0.14293141456183558,0.13340094503181144,-0.21518518549577087,120.02331082601086,0.24467732945540935,0.1015188499229037,0.005766454989554443,-0.0001353132451569123,0.005768042373359645
311_neochetina_trochanter_aligned,6,C.1.06,0.1667475,0.1519772,-0.1567718,0.16262429725324765,0.14828224681010257,-0.15513574397164764,104.53072329826848,0.2445307197839285,0.09477167137879625,0.005619845318073607,0.0013219296105291313,0.005773227805505977
311_neochetina_trochanter_aligned,7,C.1.07,0.1703152,0.1597545,-0.09104446,0.16750704178553025,0.15519664620631102,-0.09066772505476774,89.01489967080697,0.24366523064485693,0.08772255538870023,0.004754356179002023,0.002489540179286873,0.005366722741217222
311_neochetina_trochanter_aligned,8,C.1.08,0.1601497,0.1552667,-0.03305915,0.15928215540620752,0.1537897753768533,-0.03331018884755928,75.19237422001238,0.24046572070939798,0.07867420209840818,0.0015548462435430732,0.000761192240238759,0.0017311731477987796
311_neochetina_trochanter_aligned,9,C.1.09,0.1406637,0.142898,0.02128311,0.13971426679307306,0.14485434818036214,0.020994884090673377,61.262212526129275,0.23869085798595926,0.06835348464724307,-0.00022001647989564055,-0.0021825188522904856,0.0021935805870833642
311_neochetina_trochanter_aligned,10,C.1.10,0.1116872,0.1242139,0.06921077,0.10994011063548342,0.12838454312330289,0.06900184108703633,47.228548067926,0.23802825486443846,0.05866445321477451,-0.0008826196014164456,-0.004439731888236938,0.004526614253526884
311_neochetina_trochanter_aligned,11,C.1.11,0.08146351,0.1035166,0.1025778,0.07858620457995281,0.10919857547165021,0.10206976522867633,35.44504096996995,0.23812304694961514,0.050523545875036366,-0.0007878275162397641,-0.006340438381862624,0.006389196433788951
311_neochetina_trochanter_aligned,12,C.1.12,0.04685242,0.07890093,0.1280992,0.042961999823198316,0.08573252866389339,0.12708335719913777,23.65968943023411,0.23846076275819664,0.04270855080820075,-0.00045011170765826836,-0.007914255840144923,0.007927045228370988
311_neochetina_trochanter_aligned,13,C.1.13,0.009292826,0.05150507,0.1452445,0.004755648700040093,0.058791798890756884,0.1430156421298633,11.888983982397775,0.23957703845150394,0.03554594531220399,0.000666163985649032,-0.00884343986965234,0.008868494978514267
311_neochetina_trochanter_aligned,14,C.1.14,-0.02994537,0.02293231,0.1499089,-0.033930520810985285,0.029578435022519556,0.14926568060530032,0.24059310646352847,0.23815220099794263,0.030481839399932504,-0.0007586734679122797,-0.007738898536617541,0.0077759974274028065
311_neochetina_trochanter_aligned,15,C.1.15,-0.06879263,-0.006065327,0.1446257,-0.07206945394610384,-0.001443377920919307,0.14576572965596613,-11.505428179507994,0.23673216869891361,0.02664754836884046,-0.0021787057669412913,-0.005352840111656002,0.0057792435560250184
311_neochetina_trochanter_aligned,16,C.1.16,-0.1058525,-0.03539428,0.1326169,-0.10759446202562027,-0.032945183440452566,0.13262382987610133,-23.2463990964267,0.23831845395616827,0.02283625947664375,-0.0005924205096866364,-0.002946454075592484,0.0030054207159519166
311_neochetina_trochanter_aligned,17,C.1.17,-0.1433397,-0.06667848,0.1069538,-0.14254255774140473,-0.06770910915177535,0.10697900662704941,-36.49506792243098,0.2391686181052062,0.02004403918520737,0.00025774363935129885,0.0012774332935025427,0.001303175967770557
311_neochetina_trochanter_aligned,18,C.1.18,-0.1731338,-0.09410834,0.0695038,-0.17010699653602657,-0.10020459820541061,0.07121161486801403,-49.75989894534606,0.238197735040328,0.01872291099185455,-0.000713139425526893,0.006980971787632906,0.007017302540148
311_neochetina_trochanter_aligned,19,C.1.19,-0.1960876,-0.1210095,0.02717118,-0.18845696600275555,-0.12872836971154672,0.027753070759364312,-62.90346001697797,0.241798992515933,0.015260276663700056,0.0028881180500781034,0.010478783126316855,0.010869504205784626
311_neochetina_trochanter_aligned,20,C.1.20,-0.2055838,-0.1406088,-0.009831047,-0.1957354687238403,-0.14732484910424593,-0.00942061160101032,-72.95550442243761,0.24412917439633988,0.010183556759026227,0.005218299930484976,0.010725332048373717,0.011927422257653662
311_neochetina_trochanter_aligned,21,C.1.21,-0.2043041,-0.1555763,-0.05005401,-0.19681194204715338,-0.1626072574490049,-0.048607179814619955,-82.97810486947921,0.24173649759771992,0.004134333644408839,0.0028256231318650182,0.009983785100958263,0.010375939043067231
311_neochetina_trochanter_aligned,22,C.1.22,-0.1946563,-0.167374,-0.09019361,-0.19156523812549678,-0.17434735657772765,-0.08886073431559564,-93.04433909419134,0.23796984953472378,-0.0034943129169668205,-0.0009410249311311292,0.007685921879723391,0.007743314733511828
311_neochetina_trochanter_aligned,23,C.1.23,-0.1738935,-0.179691,-0.1388774,-0.17581773041206766,-0.18373280215743,-0.13949579336857343,-105.88253837426971,0.235034841407909,-0.015655695060963478,-0.003876033057945899,0.0023232747255840136,0.004518986359442504
311_neochetina_trochanter_aligned,24,C.1.24,-0.1490586,-0.1912793,-0.1858033,-0.15094292447658286,-0.1867034272568962,-0.18628936743936553,-118.5354741941848,0.2397523858322528,-0.02958035075608976,0.0008415113663979013,-0.004900756091662197,0.004972479426779056
311_neochetina_trochanter_aligned,25,C.1.25,-0.1121633,-0.1901549,-0.2256834,-0.11736301471684674,-0.1834928985876021,-0.22813023702755078,-131.3483025474016,0.23754375671638006,-0.04015611345644577,-0.0013671177494748443,-0.0086912195032601,0.008798085439161048
311_neochetina_trochanter_aligned,26,C.1.26,-0.07615043,-0.1840416,-0.2578746,-0.08098450655266405,-0.17557040576822794,-0.2593642783597322,-142.92953708333445,0.23926910907919238,-0.04745800948707025,0.00035823461333747697,-0.009860032322801294,0.009866537865172307
311_neochetina_trochanter_aligned,27,C.1.27,-0.03611137,-0.1705266,-0.2820581,-0.04012583932205302,-0.16337641652288043,-0.2830460286985139,-154.5530640463922,0.23946500431974052,-0.05199421147668367,0.0005541298538856154,-0.008240754268424641,0.008259363825835862
311_neochetina_trochanter_aligned,28,C.1.28,0.006702304,-0.1533473,-0.2976289,0.0035114149532571963,-0.14765624603449073,-0.29802525102322847,-166.16864978638404,0.23971571141900377,-0.05639158002730255,0.0008048369531488686,-0.006486848214612568,0.006536586439463347
311_neochetina_trochanter_aligned,29,C.1.29,0.04259589,-0.1364564,-0.3009282,0.04021464802648074,-0.13273062686061626,-0.30335389019263537,-175.6907496026962,0.2373134547146599,-0.05973107171284688,-0.0015974197511950117,-0.004783714233913154,0.005043378999564754
311_neochetina_trochanter_aligned,30,C.1.30,0.07812636,-0.1185091,-0.3007888,0.07697687752983186,-0.11642690932827471,-0.30219753431607677,-185.2733087831802,0.23794791876616878,-0.06261315419072591,-0.0009629556996861299,-0.0025911535339261317,0.002764301053781213
311_neochetina_trochanter_aligned,31,C.1.31,0.113987,-0.1017954,-0.2964066,0.11205299569151804,-0.09968532685193615,-0.29468343791072,-194.7017432133413,0.24118274562529213,-0.06746465045196286,0.002271871159437222,-0.0024496265789414177,0.0033409682640424426
311_neochetina_trochanter_aligned,32,C.1.32,0.1602509,-0.08004937,-0.2774233,0.15627312181439196,-0.07691172704413282,-0.2747605737584444,-207.47531908151618,0.24281775168719552,-0.07596211243616992,0.0039068772213406155,-0.004182576242848455,0.005723428487355345
311_neochetina_trochanter_aligned,33,C.1.33,0.197949,-0.05839731,-0.244504,0.1950754861412069,-0.05519492028387408,-0.24429484930534837,-220.32556792782015,0.24017342943313408,-0.08270315695619655,0.0012625549672791725,-0.004118504675036445,0.004307682184620683
311_neochetina_trochanter_aligned,34,C.1.34,0.22815,-0.03808874,-0.2038951,0.22672649935865355,-0.03584430218976743,-0.20433064839771709,-233.3258829324229,0.23899201586476404,-0.08816125938294206,8.114139890913474e-05,-0.0026920203639742893,0.0026932429460910564
311_neochetina_trochanter_aligned,35,C.1.35,0.2450784,-0.02213172,-0.1641232,0.24656922676073287,-0.022404232085794368,-0.16449766320187423,-244.402546093851,0.2376479080293261,-0.0904175290723265,-0.0012629664365288173,0.0009175869098787853,0.0015611053638301127
311_neochetina_trochanter_aligned,36,C.1.36,0.2552854,-0.008422572,-0.1213363,0.25921674535948264,-0.01246455809904845,-0.12067587297663016,-255.52556625148677,0.2375782221779057,-0.09170708869537565,-0.0013326522879492098,0.005518453559924882,0.005677084798875542
311_neochetina_trochanter_aligned,37,C.1.37,0.2609189,0.001642913,-0.07672837,0.26419876363531275,-0.006678920333813371,-0.07502465084036929,-266.55403367480994,0.24038586067793621,-0.09408049188049962,0.0014749862120813084,0.008985404284231032,0.009105661671559462
311_neochetina_trochanter_aligned,38,C.1.38,0.2542691,0.004331885,-0.02713534,0.26099971101697883,-0.0054449838435012,-0.02486223799861663,-278.53748910929863,0.23816563656900952,-0.09734964977485935,-0.0007452378968453854,0.012062334029146209,0.012085333332332792
311_neochetina_trochanter_aligned,39,C.1.39,0.239198,0.001287825,0.02055675,0.24896678142606898,-0.009812049876402162,0.02422297550476689,-290.62798099731134,0.23607009013592892,-0.10084787583087639,-0.0028407843299259883,0.014966878988778656,0.015234090792492267
311_neochetina_trochanter_aligned,40,C.1.40,0.216492,-0.006760453,0.06449554,0.2285657151995164,-0.01996857087456258,0.07001405394312638,-302.81935500074036,0.2346906350066533,-0.10402615486333402,-0.004220239459201608,0.018244795190816798,0.018726531249749736
312_metapocyrtus_adspersus_trochanter_aligned,1,C.1.01,0.03114527,0.04183963,-0.2913277,0.03896567399276961,0.0361320263083858,-0.3093275173807385,168.74274409955925,0.21591423192993775,0.1081764781215718,-0.019686713961262148,0.005492010347590078,0.0204384168724143
312_metapocyrtus_adspersus_trochanter_aligned,2,C.1.02,0.07904597,0.05536407,-0.2898005,0.08033656369533261,0.05665929704184419,-0.2940014910268368,156.95497310250562,0.2311870118864922,0.09629866356589836,-0.004413934004707687,-0.0012283148562178563,0.004581655899772488
312_metapocyrtus_adspersus_trochanter_aligned,3,C.1.03,0.1153201,0.07276721,-0.2604573,0.11889951737704267,0.07744773835976645,-0.26850994082292,144.6745859523438,0.22633500198859255,0.08845167462441468,-0.009265943902607349,-0.003702280689297403,0.009978206186916113
312_metapocyrtus_adspersus_trochanter_aligned,4,C.1.04,0.1437875,0.0908317,-0.2238089,0.1520652777485365,0.09701112251781593,-0.23327483663161536,132.0274228125245,0.22190641811696027,0.08365891490117562,-0.013694527774239629,-0.0029615422438642566,0.014011096438952018
312_metapocyrtus_adspersus_trochanter_aligned,5,C.1.05,0.1713855,0.1093665,-0.182019,0.1786854254715,0.1146517485473405,-0.18702613640242893,118.40445563884056,0.22546385833467514,0.07878022009362418,-0.01013708755652476,-0.0018797965103965815,0.010309906839983972
312_metapocyrtus_adspersus_trochanter_aligned,6,C.1.06,0.1849219,0.1264298,-0.1332617,0.19452871309348252,0.12744751527720832,-0.1348783173540218,104.83495124796622,0.22645041242950165,0.07821693254368979,-0.009150533461698251,0.0034939649732411257,0.00979489938018226
312_metapocyrtus_adspersus_trochanter_aligned,7,C.1.07,0.1883835,0.1357205,-0.08079022,0.19900115973304378,0.13445841197140257,-0.07978542404133811,91.33030977896713,0.22697734222350263,0.07521512905923367,-0.008623603667697266,0.006400831125693701,0.010739514854832653
312_metapocyrtus_adspersus_trochanter_aligned,8,C.1.08,0.1852691,0.1349457,-0.02327029,0.19139666366547506,0.13492754622038206,-0.02143599527260104,77.06377197116069,0.23012620559144623,0.06587972614739529,-0.005474740299753672,0.0033074494450227162,0.006396249149394377
312_metapocyrtus_adspersus_trochanter_aligned,9,C.1.09,0.1658177,0.1254744,0.03012295,0.1717496435935813,0.12791010103049036,0.03365841455497347,62.78080346820032,0.2284156432862072,0.05773428249895195,-0.007185302604992699,0.001411215930154296,0.007322574951943857
312_metapocyrtus_adspersus_trochanter_aligned,10,C.1.10,0.1383957,0.1090479,0.07805049,0.14147406181109373,0.1135096446767779,0.08207881707119766,48.50222980783323,0.22904439078106545,0.048456371672679424,-0.006556555110134449,-0.0016194076327690236,0.006753583936940449
312_metapocyrtus_adspersus_trochanter_aligned,11,C.1.11,0.1002517,0.08384189,0.1217464,0.09893047738821989,0.09015057246460281,0.12375558393128598,32.985098901812464,0.2319666218655305,0.0375968061539477,-0.0036343240256694054,-0.005689781417176402,0.0067514386391941544
312_metapocyrtus_adspersus_trochanter_aligned,12,C.1.12,0.05346977,0.05403244,0.152124,0.050007990316974435,0.06027236842040339,0.1510268059402256,17.588047036032513,0.235409495499371,0.029332745585406276,-0.00019145039182888457,-0.007217188290313553,0.007219727146531978
312_metapocyrtus_adspersus_trochanter_aligned,13,C.1.13,0.0005324483,0.02184021,0.1648035,-0.0016458559456643696,0.025592183179530183,0.16237911793079648,2.2489994730837037,0.23722008860011218,0.02513990172430953,0.00161914270891228,-0.004698757009278632,0.00496990347432108
312_metapocyrtus_adspersus_trochanter_aligned,14,C.1.14,-0.03888226,-0.006007284,0.162804,-0.04032534776887148,-0.0026981001866265217,0.15998011548068886,-9.373750563118444,0.23777675052688077,0.020719340837142226,0.0021758046356808725,-0.0040340299682965096,0.0045833965132600785
312_metapocyrtus_adspersus_trochanter_aligned,15,C.1.15,-0.07545648,-0.03522252,0.1508948,-0.0766497480910987,-0.031568857157852515,0.14825327932788096,-20.966836119730836,0.23767754145108724,0.015505116151317243,0.0020765955598873453,-0.004175945790262602,0.004663772331767039
312_metapocyrtus_adspersus_trochanter_aligned,16,C.1.16,-0.1094842,-0.06249828,0.1301303,-0.10922407184244826,-0.06017114687648507,0.12764818485620855,-32.593508987834184,0.23811500239651182,0.012286758220996336,0.002514056505311918,-0.0023072994404821677,0.0034123468199980115
312_metapocyrtus_adspersus_trochanter_aligned,17,C.1.17,-0.1413082,-0.08462626,0.1001006,-0.13684154445053243,-0.08779675867948689,0.09861367043139549,-44.38401687874235,0.23890283227208847,0.014051817475811622,0.0033018863808885746,0.004616446636094772,0.005675740763654374
312_metapocyrtus_adspersus_trochanter_aligned,18,C.1.18,-0.1663008,-0.1021063,0.06170801,-0.15769574626434893,-0.11299571880700633,0.0627450423273356,-56.14337145192551,0.2381564338266906,0.017971371074087073,0.002555487935490708,0.01368105658227196,0.013917680402846043
312_metapocyrtus_adspersus_trochanter_aligned,19,C.1.19,-0.1814547,-0.1187781,0.01815847,-0.17095386697449738,-0.13511742063957494,0.021202977938615475,-67.98866575552337,0.23678646103458384,0.018731736011621137,0.0011855151433839417,0.019624078975213736,0.019659855589007225
312_metapocyrtus_adspersus_trochanter_aligned,20,C.1.20,-0.1838902,-0.1366051,-0.03401984,-0.17574966167956135,-0.15526305158512507,-0.030074610138287078,-81.3921028038027,0.23348667431939235,0.013870487514213034,-0.0021142715718075467,0.020627220265508377,0.02073529262299311
312_metapocyrtus_adspersus_trochanter_aligned,21,C.1.21,-0.1680906,-0.1491908,-0.08538888,-0.1692766730839703,-0.16948268879353692,-0.08335891346532252,-94.85063185676624,0.22453683779161737,0.004526662833513039,-0.011064108099582526,0.01717188971145721,0.020427635308613138
312_metapocyrtus_adspersus_trochanter_aligned,22,C.1.22,-0.1406774,-0.1547741,-0.1329671,-0.15079739855031554,-0.1773417222451943,-0.13741351124145304,-108.8295003553411,0.2145017597678247,-0.005111957320986826,-0.02109918612337519,0.013649427179170065,0.02512931589574807
312_metapocyrtus_adspersus_trochanter_aligned,23,C.1.23,-0.1100545,-0.1648649,-0.1905588,-0.11408126781325484,-0.1772898551737273,-0.19609533312600136,-125.62844371195713,0.2236970030294923,-0.01839494878873765,-0.011903942861707595,0.00771645731482454,0.014186175282517423
312_metapocyrtus_adspersus_trochanter_aligned,24,C.1.24,-0.06832618,-0.1668667,-0.2416619,-0.06721906746465063,-0.1681835824208709,-0.24094718739667853,-141.51907471440973,0.23611390071234112,-0.031273046174939687,0.0005129548211412205,0.0017909687136131312,0.0018629792220186037
312_metapocyrtus_adspersus_trochanter_aligned,25,C.1.25,-0.01212418,-0.1539856,-0.2737856,-0.012332632645601367,-0.1515711417483818,-0.2716801507419939,-157.30187617600933,0.23826106891386756,-0.04176658821971383,0.0026601230226676598,-0.0017971430762678095,0.0032102924683436377
312_metapocyrtus_adspersus_trochanter_aligned,26,C.1.26,0.02316287,-0.1439192,-0.2843778,0.021382099079761692,-0.13928876150403544,-0.2821035885065468,-166.3470926729406,0.23879188555609354,-0.04835440788679729,0.003190939664893644,-0.004427419983155004,0.005457485103253287
312_metapocyrtus_adspersus_trochanter_aligned,27,C.1.27,0.05947191,-0.1327684,-0.2883804,0.05562383459374537,-0.125528383193627,-0.2869040496779316,-175.3555589062737,0.23851229388828019,-0.05567416663019178,0.002911347997080288,-0.007805715265249801,0.008330974610587698
312_metapocyrtus_adspersus_trochanter_aligned,28,C.1.28,0.09565723,-0.1206417,-0.2868721,0.08973540042635213,-0.11066385780559036,-0.2859986251331441,-184.36560219825836,0.23852398257043855,-0.0630731185538309,0.0029230366792386553,-0.0112625137190028,0.011635650334162714
312_metapocyrtus_adspersus_trochanter_aligned,29,C.1.29,0.1430337,-0.1006763,-0.2781466,0.13482364553336512,-0.08932360421340506,-0.2755179351196549,-196.71566037996192,0.24088811083415054,-0.07045210414796028,0.005287164942950645,-0.013237993121590458,0.014254773762541511
312_metapocyrtus_adspersus_trochanter_aligned,30,C.1.30,0.1858726,-0.07706295,-0.2600764,0.1760209483168945,-0.06805990980777649,-0.25490226335951605,-209.0087289888487,0.24402923425713569,-0.07416184072270172,0.008428288365935788,-0.011569158084452726,0.014313680992757457
312_metapocyrtus_adspersus_trochanter_aligned,31,C.1.31,0.2207245,-0.05326608,-0.2294448,0.2117145963878279,-0.047995933763958866,-0.22508872077691455,-221.2803974269455,0.24348711374658577,-0.076069701318506,0.007886167855385873,-0.00810781025951931,0.01131053626702495
312_metapocyrtus_adspersus_trochanter_aligned,32,C.1.32,0.2443281,-0.03220868,-0.1923548,0.23896375089123245,-0.031202775891411266,-0.18982287823021635,-232.8167328414463,0.24080955530662618,-0.07602086478675452,0.00520860941542628,-0.0030114946857412875,0.006016536568883727
312_metapocyrtus_adspersus_trochanter_aligned,33,C.1.33,0.2622033,-0.01280877,-0.1513658,0.25918409413363047,-0.017204625923494032,-0.14866407085663022,-244.43101873384163,0.24089200513544373,-0.07530829667631526,0.005291059244243834,0.0027826580461266025,0.005978168091294452
312_metapocyrtus_adspersus_trochanter_aligned,34,C.1.34,0.2745343,0.0008029342,-0.1062133,0.2714054098759726,-0.006911781423612026,-0.10368707122905407,-255.99291214955576,0.24230708550854974,-0.07760738608790496,0.006706139617349838,0.005542230038279309,0.008699920825191146
312_metapocyrtus_adspersus_trochanter_aligned,35,C.1.35,0.2806403,0.00728699,-0.04996573,0.27520214339527327,-0.00032261831393193274,-0.04922361716906338,-269.3209952529959,0.24407943547362393,-0.08496287365268261,0.008478489582424031,0.004018162739805803,0.009382452632592174
312_metapocyrtus_adspersus_trochanter_aligned,36,C.1.36,0.2731149,0.005916425,0.00646747,0.2679685158527927,3.46629373607632e-05,0.005190520026380201,-282.62526488349454,0.24317201064780927,-0.09248040573026577,0.007571064756609375,0.002321631848180099,0.007919027464736845
312_metapocyrtus_adspersus_trochanter_aligned,37,C.1.37,0.2552922,-0.001744085,0.06001016,0.25020031857068903,-0.006134979432683568,0.05691704128825542,-295.9650883896398,0.24296391718894464,-0.09988943011271102,0.0073629712977447415,0.0007491644963987093,0.007400986000127158
313_sitona_hispidulus_trochanter_aligned,1,C.1.01,-0.01683594,0.02736272,-0.3359971,-0.015392827081365405,0.026921010835720634,-0.35703251758738824,177.95912726974865,0.22710891295894983,0.10814633017408667,-0.020911399728937657,-0.002734928944986813,0.02108948730902535
313_sitona_hispidulus_trochanter_aligned,2,C.1.02,0.02990965,0.04979267,-0.3333691,0.03312486299918089,0.0518255133634482,-0.34735912870896907,165.2158155889793,0.23375622508843782,0.10217579026080781,-0.014264087599449665,-0.0025935988516774876,0.01449796365177526
313_sitona_hispidulus_trochanter_aligned,3,C.1.03,0.07042897,0.07226346,-0.3099496,0.07765918803442787,0.07679903636449317,-0.3261584800759504,152.49614227222585,0.22995054366965229,0.09565908119941227,-0.018069769018235204,-0.003009775195539076,0.018318714449984112
313_sitona_hispidulus_trochanter_aligned,4,C.1.04,0.1054095,0.09477004,-0.2788846,0.11688042490772158,0.10080116833767794,-0.2937717925583817,139.55511401772722,0.22836642356333134,0.09064288093451622,-0.01965388912455615,-0.0018192778276337961,0.019737910971895308
313_sitona_hispidulus_trochanter_aligned,5,C.1.05,0.1303186,0.1121505,-0.245134,0.14482675608619225,0.11955060677364839,-0.25754915905899706,128.18419077428024,0.22756284429928336,0.08607237779614743,-0.020457468388604128,-0.0009361275939582075,0.020478875646453606
313_sitona_hispidulus_trochanter_aligned,6,C.1.06,0.1503024,0.1262311,-0.2068702,0.16559551961728772,0.13511654701371953,-0.2156079557683792,116.84109857529346,0.2283232015522229,0.08047144813414463,-0.01969711113566458,-0.0010967520409851791,0.019727621552790685
313_sitona_hispidulus_trochanter_aligned,7,C.1.07,0.1636916,0.1367445,-0.1647765,0.17851419836847923,0.14671177494014306,-0.16972184798537776,105.55857604657902,0.22955114298166454,0.07460703238093506,-0.01846916970622295,-0.0015499126378159158,0.01853408910149424
313_sitona_hispidulus_trochanter_aligned,8,C.1.08,0.1698768,0.1459596,-0.108179,0.18322028703083007,0.15486902725890372,-0.10845164925944445,91.28887255531258,0.23198386145139435,0.06873583974982173,-0.016036451236493138,-0.0005771564622158579,0.01604683388841247
313_sitona_hispidulus_trochanter_aligned,9,C.1.09,0.1661517,0.1504045,-0.0507958,0.17518820407394312,0.15506092731813342,-0.048192466176814594,77.29615200282797,0.23760375174732173,0.0638720601540858,-0.010416560940565756,0.0012701678683815845,0.010493715654733109
313_sitona_hispidulus_trochanter_aligned,10,C.1.10,0.150748,0.1463413,0.004635692,0.15587127888685615,0.1474331379232375,0.007528576653014776,63.61028362514493,0.24248470656572355,0.05831083005111662,-0.005535606122163944,0.002272871109199606,0.005984051989979199
313_sitona_hispidulus_trochanter_aligned,11,C.1.11,0.1272991,0.1346771,0.05335766,0.12863111346801592,0.1333737095916134,0.05407294609926738,50.787348577797,0.2474406248049807,0.05179805296469294,-0.0005796878829067986,0.0019101525064418481,0.0019961765050854393
313_sitona_hispidulus_trochanter_aligned,12,C.1.12,0.09298604,0.1139331,0.09146608,0.09427599220533618,0.1131896977424108,0.09264919850336022,38.027320205377414,0.2468594037227979,0.04527422781027959,-0.0011609089650895799,0.0015062149170713608,0.001901681624676874
313_sitona_hispidulus_trochanter_aligned,13,C.1.13,0.05387586,0.08871979,0.1213734,0.05457974804173695,0.08759510572505413,0.12163211104325386,25.27752600319831,0.24800778990406377,0.039004754044899996,-1.2522783823715189e-05,0.001351720265956527,0.0013517782723184687
313_sitona_hispidulus_trochanter_aligned,14,C.1.14,0.005498624,0.06079482,0.149089,0.007368409455579969,0.05447918213095166,0.14081722127851481,11.288757356097094,0.2574770220272943,0.03567419002981114,0.009456709339406788,0.004730364788263948,0.010573821568386281
313_sitona_hispidulus_trochanter_aligned,15,C.1.15,-0.0448056,0.02395102,0.149594,-0.04062750917071239,0.017782211480523422,0.14579289977335091,-2.6645526801577466,0.2531290512955249,0.03087429589436059,0.005108738607637386,0.006622672745924529,0.008364149954464937
313_sitona_hispidulus_trochanter_aligned,16,C.1.16,-0.09093926,-0.0162843,0.1377095,-0.08695635193660373,-0.021153968591356223,0.1362266449597836,-16.767533170433754,0.25074572331505035,0.023348372877692012,0.002725410627162861,0.005860735859493385,0.006463442418820139
313_sitona_hispidulus_trochanter_aligned,17,C.1.17,-0.1221425,-0.05193641,0.1229627,-0.11970301355761265,-0.05159288425439808,0.1189204581836303,-27.792021517269642,0.2527481642161134,0.012437294445832848,0.004727851528225913,0.00023715579171249316,0.004733795828137378
313_sitona_hispidulus_trochanter_aligned,18,C.1.18,-0.1438193,-0.08721197,0.09561383,-0.14769175519904812,-0.08067959438764219,0.09400987438615058,-38.69938441318836,0.24826169488224492,-0.0007889065830919439,0.00024138219435743125,-0.007757721872883036,0.007761476278438328
313_sitona_hispidulus_trochanter_aligned,19,C.1.19,-0.1634125,-0.1180202,0.0620112,-0.17087386132114374,-0.10877632884284277,0.06103771820398354,-49.99864350938361,0.2461239703437819,-0.010217905899861941,-0.0018963423441056004,-0.011767438942094024,0.011919258934260922
313_sitona_hispidulus_trochanter_aligned,20,C.1.20,-0.1869012,-0.1459619,0.007816426,-0.1910526547499381,-0.14181051644406548,0.007360466489332099,-65.23822032313925,0.24655351856851979,-0.011462647786102212,-0.0014667941193677037,-0.005703067249824786,0.005888672265004721
313_sitona_hispidulus_trochanter_aligned,21,C.1.21,-0.1851538,-0.1591984,-0.05614553,-0.19700287738879455,-0.16768566318977088,-0.053689106684628375,-80.56903843453085,0.2333059850774257,-0.011713580203752755,-0.014714327610461791,0.0013988745098764074,0.01478067274931636
313_sitona_hispidulus_trochanter_aligned,22,C.1.22,-0.1799623,-0.1717173,-0.1200685,-0.18707778124939933,-0.18534817161272255,-0.12033313174374183,-96.61421549641265,0.23467991357153775,-0.0131571601062626,-0.013340399116349738,0.007650785300174594,0.015378581348514402
313_sitona_hispidulus_trochanter_aligned,23,C.1.23,-0.1622604,-0.1793667,-0.1689692,-0.1677425060716996,-0.19191293503452322,-0.1716982878658725,-109.33154399240934,0.23602321200168505,-0.019767395796337295,-0.011997100686202439,0.007139957718896867,0.013960996422265722
313_sitona_hispidulus_trochanter_aligned,24,C.1.24,-0.1404768,-0.1842851,-0.2165577,-0.140053679810103,-0.19189833904537293,-0.2176662012454078,-121.6765487205122,0.24369454343879882,-0.026451910875024392,-0.0043257692490886734,0.006376279077314494,0.007705142079686783
313_sitona_hispidulus_trochanter_aligned,25,C.1.25,-0.1109825,-0.184026,-0.2600696,-0.10612746960420295,-0.18614322854646376,-0.2562752386670553,-133.57251565568717,0.252221929492738,-0.03355394564447182,0.004201616804850483,0.004979715956981702,0.006515455071368393
313_sitona_hispidulus_trochanter_aligned,26,C.1.26,-0.06892546,-0.1739046,-0.2929563,-0.06522095846683888,-0.1748230862967755,-0.2883545806911022,-145.81132057610006,0.25284554527219066,-0.04087370480506523,0.004825232584303174,0.0035298583246101797,0.005978525678161822
313_sitona_hispidulus_trochanter_aligned,27,C.1.27,-0.02396057,-0.1599899,-0.3201128,-0.020516074177503986,-0.15898460424329797,-0.31097013865572265,-157.89788622901176,0.2574861234598651,-0.047580934521168974,0.009465810771977612,0.0026195140608310445,0.009821579683827773
313_sitona_hispidulus_trochanter_aligned,28,C.1.28,0.02465245,-0.1421229,-0.336549,0.025810850771052614,-0.1397900379326111,-0.32339826649933334,-169.78114139669265,0.2613845627881472,-0.054840225153456455,0.013364250100259711,0.0010595983366834733,0.0134061899649898
313_sitona_hispidulus_trochanter_aligned,29,C.1.29,0.07143569,-0.1226463,-0.3403741,0.06916548692779348,-0.1197173157673741,-0.3257226627861456,-180.78050065944885,0.2631038389156965,-0.06211581177406528,0.015083526227809008,-0.0009405421790342471,0.015112821809825766
313_sitona_hispidulus_trochanter_aligned,30,C.1.30,0.1161431,-0.100664,-0.3303365,0.11156469770423422,-0.09828576416761031,-0.31905878090335127,-191.8122908342262,0.2602080108713048,-0.06876077089345324,0.012187698183417306,-0.0022945008758283518,0.012401803146286859
313_sitona_hispidulus_trochanter_aligned,31,C.1.31,0.1576989,-0.07852641,-0.3112133,0.1518479676678527,-0.07626126584990274,-0.30337240316531205,-202.9695214426444,0.2574368806876892,-0.07530630106794946,0.009416567999801728,-0.003488867646302544,0.010042108859612433
313_sitona_hispidulus_trochanter_aligned,32,C.1.32,0.1987093,-0.05319433,-0.2785647,0.1935580234042476,-0.051519793820844595,-0.2745547946019979,-215.94955819606483,0.2538770188329225,-0.08137721504041215,0.005856706145035029,-0.00333437496584929,0.006739366682572874
313_sitona_hispidulus_trochanter_aligned,33,C.1.33,0.2330355,-0.02937771,-0.2380184,0.22821117252261042,-0.028940839425317832,-0.23523106578950842,-229.0816719034002,0.2530887256346168,-0.0866960551664883,0.005068412946729328,-0.0023548702109719185,0.005588758673363522
313_sitona_hispidulus_trochanter_aligned,34,C.1.34,0.2597841,-0.01020825,-0.1899922,0.25358623316847045,-0.010322020444919477,-0.1878054677535272,-242.17878440603062,0.25400594011421684,-0.09333946123341051,0.005985627426329354,-0.002716718462861143,0.006573301673685418
313_sitona_hispidulus_trochanter_aligned,35,C.1.35,0.2837307,0.007546673,-0.1142041,0.2714919218207592,0.0067083262936646765,-0.11350917010396289,-260.2302605611745,0.2590000020592112,-0.10479590317956014,0.010979689371323709,-0.00551542069024048,0.012287125134916227
313_sitona_hispidulus_trochanter_aligned,36,C.1.36,0.2884283,0.01848112,-0.03363805,0.2688939881778473,0.011668390264509762,-0.037536826620836745,-277.78918472354513,0.2684338858149521,-0.11284874523088861,0.0204135731270646,-0.005146757827904995,0.02105238903196288
313_sitona_hispidulus_trochanter_aligned,37,C.1.37,0.2552168,0.01583237,0.04067356,0.24713503595762426,0.00401777690235855,0.035233396211424586,-295.38518293677885,0.2625992604658119,-0.11145627794182031,0.0145789477779244,0.0046849956066740955,0.015313226379375508
315_trochanter_aligned,1,C.1.01,0.06292304,0.08243576,-0.3308619,0.1084359024576306,0.11046938204596407,-0.39216671542922676,138.74123874352495,0.20906640109549263,0.10401560288648874,-0.0810873819559193,-0.006357790217487187,0.08133624658732862
315_trochanter_aligned,2,C.1.02,0.09800549,0.1128095,-0.3137482,0.13904932027685352,0.1363905974362672,-0.3491874734470193,127.16796545827223,0.23102622107342521,0.10389609966422371,-0.059127561977986715,-0.0007332646765224848,0.059132108558265464
315_trochanter_aligned,3,C.1.03,0.1278784,0.1367777,-0.2824538,0.16073640363075692,0.15704644908826115,-0.30106234300482004,116.0107634761729,0.24729666551124244,0.0992180975479658,-0.04285711754016949,0.0001262581167891285,0.04285730351951648
315_trochanter_aligned,4,C.1.04,0.1503794,0.1578289,-0.2437661,0.17356946912730226,0.17184591980245179,-0.25093101147011876,105.41834162089424,0.26216124908404115,0.09525242244484061,-0.02799253396737078,0.0014177971405016278,0.028028416056674024
315_trochanter_aligned,5,C.1.05,0.1626812,0.175059,-0.1993726,0.17846882294997088,0.18106471246974487,-0.20005706891842706,95.19856620264056,0.27386237516991635,0.09327635711099341,-0.01629140788149558,0.0045139946409728125,0.01690520979994005
315_trochanter_aligned,6,C.1.06,0.163913,0.1835715,-0.1509462,0.17602549798795025,0.1848768931449461,-0.1489020972841588,85.09304234236299,0.2796665187681697,0.0902746147231744,-0.010487264283242204,0.00652780993422096,0.012352935468295806
315_trochanter_aligned,7,C.1.07,0.1545804,0.1802199,-0.1027725,0.16659543050073788,0.18320558099251455,-0.09882004848697282,75.05961576728357,0.2783812295832454,0.0842719469145048,-0.011772553468166524,0.005504916595618368,0.012996042547081596
315_trochanter_aligned,8,C.1.08,0.137361,0.1694136,-0.04957812,0.14743786379017443,0.17438110736279844,-0.04362526654423743,63.427623411949284,0.2778415151129597,0.0761662131168286,-0.012312267938452248,0.0031723549175228074,0.012714392534091805
315_trochanter_aligned,9,C.1.09,0.1144869,0.1527672,-0.0001524141,0.12047976439627105,0.15842575655652802,0.006169207650674857,51.84679977947412,0.2797702212072386,0.06752578004381743,-0.010383561844173328,0.0002796979841792274,0.010387328219235438
315_trochanter_aligned,10,C.1.10,0.08911836,0.1326358,0.04669023,0.08797691451753477,0.13654939906189117,0.04767685041130584,40.611711338683754,0.2879407877589332,0.05810686444937398,-0.0022129952924787033,-0.003563036216227394,0.004194350395792069
315_trochanter_aligned,11,C.1.11,0.06508018,0.1112245,0.09157961,0.05495451958656578,0.11235872747783346,0.07767135802388794,30.625971815816786,0.30456998934038826,0.047257159447840695,0.01441620628897633,-0.009456634710316762,0.01724108302313652
315_trochanter_aligned,12,C.1.12,0.0300931,0.07859161,0.119185,0.018492358739024113,0.08378712925343536,0.10059334823053762,20.45552147429414,0.30748619206495403,0.037285201045571995,0.017332409013542105,-0.014380811222638496,0.02252154820685913
315_trochanter_aligned,13,C.1.13,-0.008621275,0.0439381,0.1379324,-0.01947486036723305,0.05211609659542377,0.11510131872596313,10.31603382952713,0.31052215129683214,0.02957288875809665,0.02036836824542021,-0.01706070897703886,0.026569497845842997
315_trochanter_aligned,14,C.1.14,-0.05654674,0.006766672,0.1442011,-0.06192791715798805,0.014313704321115998,0.12094179516671064,-0.932019507282446,0.3113019958831425,0.027647134422378733,0.021148212831730573,-0.013403847201953905,0.025038171374713047
315_trochanter_aligned,15,C.1.15,-0.1049756,-0.02911426,0.1349756,-0.10309831516999737,-0.02511661583282781,0.1158111011516301,-12.19851402808559,0.3090169453865563,0.02989463915145875,0.018863162335144346,-0.005564573662685427,0.019666808925940558
315_trochanter_aligned,16,C.1.16,-0.1455977,-0.06624979,0.1087326,-0.14152419453372303,-0.0651159765850198,0.0997392067675576,-23.56586816444613,0.30009063105972467,0.02967899066014241,0.009936848008312738,-0.0001383948583243176,0.009937811704651994
315_trochanter_aligned,17,C.1.17,-0.1748572,-0.09665416,0.08059213,-0.17067191065046033,-0.09844935865403176,0.0778038042757715,-33.28876610245493,0.2942946865421012,0.02836323977311629,0.004140903490689296,0.003371507640803922,0.0053398638083009126
315_trochanter_aligned,18,C.1.18,-0.1976518,-0.1243647,0.04474397,-0.19581857100092484,-0.1306282964295843,0.048418923384707574,-43.188566983256266,0.2867605018205098,0.026755425676407433,-0.003393281230902101,0.006677147120105403,0.0074899032821208605
315_trochanter_aligned,19,C.1.19,-0.2114758,-0.1490423,0.002646267,-0.21590987679636675,-0.16077136788271373,0.012021985171093347,-53.29345457066223,0.27688112127545084,0.023368011746696078,-0.013272661775961092,0.008304975077512025,0.01565682476293182
315_trochanter_aligned,20,C.1.20,-0.2171931,-0.1778024,-0.05946967,-0.23332494298654421,-0.19706897238441934,-0.047978074760937656,-67.52966903155392,0.26361088914842645,0.01567645006850067,-0.026542893902985476,0.0076791089313722515,0.027631393933803376
315_trochanter_aligned,21,C.1.21,-0.2112157,-0.2011744,-0.1237832,-0.23665761727784293,-0.2255716279064302,-0.11814233618730335,-82.46932997836178,0.2548232523258805,0.005690234492879642,-0.03533053072553144,0.005107722339415929,0.03569783227094174
315_trochanter_aligned,22,C.1.22,-0.1983716,-0.2185215,-0.1889932,-0.2236228326448482,-0.2430556430557592,-0.19290075282860156,-97.81904311671993,0.2549100872833567,-0.00347215495197179,-0.03524369576805525,0.0035636783359016774,0.035423408851676254
315_trochanter_aligned,23,C.1.23,-0.1833942,-0.2291315,-0.2526842,-0.19689160787944515,-0.24785605223477503,-0.26043349272370586,-112.16103147731688,0.2663801946657008,-0.008895042723208435,-0.023773588385711142,0.005258983631975467,0.024348314388774574
315_trochanter_aligned,24,C.1.24,-0.164866,-0.2345066,-0.3160972,-0.16160898587133243,-0.24257626528764703,-0.3161270578189801,-125.18700558630476,0.287391808762073,-0.012366783167263916,-0.002761974289338942,0.008252274135253944,0.008702214107820478
315_trochanter_aligned,25,C.1.25,-0.1224543,-0.2277521,-0.3665847,-0.11815175755479922,-0.2288985581370656,-0.3628481651667518,-138.03832093010436,0.2942362163554148,-0.02285956807764751,0.004082433304002875,0.00413783380904117,0.005812738624166364
315_trochanter_aligned,26,C.1.26,-0.07745244,-0.2130549,-0.3972859,-0.07621885743154028,-0.21147534487745395,-0.39414909288099625,-148.89305432756757,0.2938754997193687,-0.03231336179530002,0.003721716667956787,7.144426957122267e-05,0.0037224023479739327
315_trochanter_aligned,27,C.1.27,-0.02914834,-0.1941375,-0.4194807,-0.030973007785567587,-0.18949453150059775,-0.41673162303490197,-159.74533419600223,0.29398599589809343,-0.04198503307501862,0.003832212846681504,-0.004214040563626746,0.005695962883846957
315_trochanter_aligned,28,C.1.28,0.02099514,-0.1711625,-0.4313775,0.01615485642696398,-0.1638533639086605,-0.4297713081104957,-170.61232672401476,0.293394778227358,-0.05146674696473465,0.00324099517594606,-0.008302265842800248,0.0089124445498995
315_trochanter_aligned,29,C.1.29,0.08250314,-0.1371542,-0.4357571,0.0752934140386002,-0.12829098024941288,-0.4318601023301416,-184.21188351576785,0.29610773745578917,-0.06041532645067678,0.0059539544043772374,-0.010501134727978648,0.012071594908070842
315_trochanter_aligned,30,C.1.30,0.1404593,-0.09800497,-0.4275328,0.13111739328053418,-0.0914337828585957,-0.4182400667543129,-197.65846800165477,0.30183097940036613,-0.065557354924657,0.0116771963489542,-0.008969375575034567,0.014724354409550727
315_trochanter_aligned,31,C.1.31,0.1911089,-0.05785407,-0.3995793,0.1811331396292698,-0.055447276848600485,-0.3899448337346366,-211.01336682128044,0.30287947764934076,-0.06923191506099703,0.012725694597928827,-0.0060156533698782185,0.014075915191073018
315_trochanter_aligned,32,C.1.32,0.2270986,-0.02992674,-0.3674843,0.21496972571150136,-0.029084316094829477,-0.3583455537834492,-221.4981246475569,0.3040622181113836,-0.07457563812778187,0.013908435059971691,-0.006155597951074908,0.015209732145988902
315_trochanter_aligned,33,C.1.33,0.2579539,-0.00484027,-0.3284427,0.24272571422662967,-0.005649108820599241,-0.3198774952433423,-231.9103314157421,0.3062672850251135,-0.08038998994881695,0.016113501973701594,-0.006802179713369427,0.017490414366431076
315_trochanter_aligned,34,C.1.34,0.2786191,0.01681,-0.2814359,0.2638676789624255,0.014170615858813684,-0.2755108786494511,-242.33894591061767,0.3052742714020345,-0.08433575043062566,0.015120488350622574,-0.005572026679377013,0.016114485696943643
315_trochanter_aligned,35,C.1.35,0.2812451,0.03701912,-0.2130883,0.2803883000783626,0.03311914074933511,-0.21180670583648223,-255.82883026805024,0.2932864540813205,-0.08267102771299518,0.0031326710299085514,0.0027879741892043153,0.004193617514902552
315_trochanter_aligned,36,C.1.36,0.2739498,0.05155495,-0.1436463,0.2839645792722193,0.043531551996372986,-0.14132796842903636,-269.88252949170277,0.28699714176308255,-0.07978179985804691,-0.003156641288329376,0.012652311901214679,0.013040144963488926
315_trochanter_aligned,37,C.1.37,0.2605723,0.05512697,-0.07368201,0.2734028982303566,0.04340730289929165,-0.06966940596936477,-284.1539293124972,0.2868817566029059,-0.08198530870869997,-0.003272026448506049,0.01753196172500959,0.017834680793524887
315_trochanter_aligned,38,C.1.38,0.2516731,0.04908281,-0.03264722,0.2609805717694911,0.038205068507100204,-0.02959797289121764,-292.46908220380396,0.28921182206838614,-0.08903721829896927,-0.0009419609830257913,0.014607015717219616,0.01463735627279206
315_trochanter_aligned,39,C.1.39,0.2470691,0.03575762,0.00736303,0.24571837607865243,0.030069507658064376,0.005426264880901616,-300.15140233140426,0.2953518154432054,-0.10415399198112858,0.00519803239179345,0.003303119057285657,0.006158744697804666
315_trochanter_aligned,40,C.1.40,0.2456583,0.01311543,0.04320811,0.22965361681276505,0.020412895500779682,0.03396664347425188,-306.8655616832997,0.3005875367014722,-0.12769936188676073,0.010433753650060273,-0.016909889856980394,0.019869765731013376
316_hypera_postica_trochanter_aligned,1,C.1.01,0.02143428,0.04539166,-0.2987918,0.03364884643781896,0.04339218218782645,-0.34748385430036066,170.06069612923136,0.1972629554209808,0.10659268063006501,-0.05024017077454754,-0.00018691527181105054,0.050240518476370635
316_hypera_postica_trochanter_aligned,2,C.1.02,0.06378964,0.06780615,-0.2998397,0.0782824381562015,0.0704903976834438,-0.3312126755171482,157.44521422399308,0.21284208225300127,0.10134756067949151,-0.03466104394252706,0.00034929877792515523,0.03466280393768015
316_hypera_postica_trochanter_aligned,3,C.1.03,0.09932195,0.08930974,-0.2759077,0.11853452120053093,0.09694077643436178,-0.30362035571158463,144.64064724206497,0.21293147208988808,0.09474605119081178,-0.034571654105640254,-0.000384224136169116,0.03457378914418917
316_hypera_postica_trochanter_aligned,4,C.1.04,0.1289597,0.1100914,-0.2444853,0.1518719280095095,0.12078691177394352,-0.26618082399542825,131.8349315902935,0.21418655933252412,0.08951924703789253,-0.033316566863004216,0.0002574846898049554,0.0333175618240969
316_hypera_postica_trochanter_aligned,5,C.1.05,0.1572727,0.1293832,-0.2030178,0.1787235843168768,0.14226576484192785,-0.2159415753364467,117.78544537663673,0.2193514190088237,0.08204463193080742,-0.028151707186704622,-0.0007786310445237723,0.028162472970771846
316_hypera_postica_trochanter_aligned,6,C.1.06,0.1736003,0.1445832,-0.1540712,0.19394348494405633,0.15715375867376616,-0.15973916090941293,103.9167693279765,0.2229273254505137,0.07660875391572476,-0.024575800745014642,0.00014112990699598722,0.02457620597059909
316_hypera_postica_trochanter_aligned,7,C.1.07,0.1813067,0.1539466,-0.101666,0.19732485114692305,0.164509189997748,-0.10162530028545767,90.37846232961138,0.22831941299024017,0.07063254240278752,-0.019183713205288166,0.0003691581642239602,0.019187264789254428
316_hypera_postica_trochanter_aligned,8,C.1.08,0.1790412,0.155572,-0.05352518,0.19093193177137785,0.16455951735969576,-0.05048233548854617,78.4924857787555,0.23229099967473635,0.0646935630227145,-0.015212126520791985,-0.00012279978008337573,0.015212622162880794
316_hypera_postica_trochanter_aligned,9,C.1.09,0.1672813,0.1507483,-0.007009378,0.17638464492810102,0.15850251671471738,-0.0019573888576669973,66.72721389592425,0.23452551064139462,0.059103947583419573,-0.012977615554133709,-0.00032070946687297834,0.012981577717405369
316_hypera_postica_trochanter_aligned,10,C.1.10,0.1502858,0.1410759,0.03706974,0.15487486805298809,0.14672058255156872,0.041688144143995395,55.18298285450098,0.2389705595410691,0.05293135605845456,-0.008532566654459228,-0.0012028922759015563,0.008616939337155282
316_hypera_postica_trochanter_aligned,11,C.1.11,0.1291884,0.1271791,0.07322771,0.13025249165353286,0.13144941430113127,0.07610977755090666,44.81157730023957,0.24280180395618273,0.0470208566774246,-0.004701322239345607,-0.002360457126784459,0.0052606262598243695
316_hypera_postica_trochanter_aligned,12,C.1.12,0.1030023,0.1085752,0.1034559,0.10186556947509529,0.11235523088327769,0.1045769700547409,34.55259420550968,0.24536342270032335,0.04117857729713873,-0.002139703495204981,-0.0035013221481359326,0.0041033629905749295
316_hypera_postica_trochanter_aligned,13,C.1.13,0.07308462,0.08669716,0.1273697,0.07072806106674726,0.08997992532755533,0.12645498422538365,24.376877293185025,0.24770598563694032,0.03587835045364269,0.00020285944141198997,-0.004138293271030326,0.0041432623800605264
316_hypera_postica_trochanter_aligned,14,C.1.14,0.03295883,0.05735867,0.1462263,0.03095053828302525,0.05944730204311039,0.14342884469984896,12.167164044406512,0.2497994976989921,0.031112478225771272,0.002296371503463762,-0.0033087842943292207,0.004027576887946407
316_hypera_postica_trochanter_aligned,15,C.1.15,-0.008939689,0.02569032,0.1544753,-0.009317249270784034,0.026276016590183318,0.149612348172377,0.05081419868883507,0.25216607438719757,0.02732244380753793,0.004662948191669236,-0.0015462234293329364,0.004912625848933417
316_hypera_postica_trochanter_aligned,16,C.1.16,-0.04911315,-0.0082497,0.1466941,-0.04845842108263934,-0.008493591390448517,0.14493796141602855,-12.0715755229317,0.24937627155443576,0.02356530038334774,0.0018731453589074243,0.00025199634140239707,0.0018900200241469412
316_hypera_postica_trochanter_aligned,17,C.1.17,-0.082578,-0.03848138,0.1323561,-0.08105249746834269,-0.0399300944517474,0.13169365683751083,-22.948927676709694,0.24860918824557435,0.020236750318561994,0.0011060620500460139,0.0019082424431322495,0.002205620656487262
316_hypera_postica_trochanter_aligned,18,C.1.18,-0.1144421,-0.06908017,0.1153902,-0.10951854487991369,-0.07010365053023215,0.11079660624765542,-33.656889713831426,0.2537290589990582,0.016183180701164056,0.006225932803529843,0.0027618420852401457,0.00681102128743345
316_hypera_postica_trochanter_aligned,19,C.1.19,-0.1396397,-0.09705961,0.08672553,-0.13322040523693704,-0.09849008000895948,0.08297994769382364,-44.32467774477396,0.2538804561089009,0.012608440623677625,0.006377329913372587,0.004075860607278657,0.007568551810879116
316_hypera_postica_trochanter_aligned,20,C.1.20,-0.1563513,-0.1195542,0.05274883,-0.15034811447047067,-0.12274537305057204,0.05156530007017435,-54.288045705050685,0.25135557627749744,0.009692124377272742,0.0038524500819691054,0.005725486302610181,0.0069009104497479695
316_hypera_postica_trochanter_aligned,21,C.1.21,-0.1661188,-0.1381865,0.01405574,-0.16212181676140763,-0.14439812315308886,0.01549129079630758,-64.35839025956804,0.24725501807616745,0.0068722690811839895,-0.0002481081193608792,0.007520597426764984,0.007524688916783039
316_hypera_postica_trochanter_aligned,22,C.1.22,-0.1664403,-0.1520917,-0.02773231,-0.16791984955621936,-0.1628211234216207,-0.024286284813774872,-74.55093292462062,0.23994406969347015,0.0031686582704638514,-0.007559056502058181,0.008487953123840942,0.011365944018594741
316_hypera_postica_trochanter_aligned,23,C.1.23,-0.1488451,-0.1584651,-0.07998911,-0.1660294817928536,-0.18042091165085175,-0.07743691241199246,-87.47415105265581,0.22088515109771295,-0.002560771458887902,-0.026617975097815383,0.008680884578805543,0.027997756256144295
316_hypera_postica_trochanter_aligned,24,C.1.24,-0.1298761,-0.1659368,-0.1316159,-0.15169324915540952,-0.19174787780496,-0.1371714015989134,-101.89168487702244,0.21415087610613634,-0.010058395064968723,-0.033352250089391994,0.007790426606628556,0.03425001215676594
316_hypera_postica_trochanter_aligned,25,C.1.25,-0.1152769,-0.1784316,-0.1836901,-0.12644015202121286,-0.19405146191698686,-0.1914647328928497,-115.71936959593992,0.22741996768656328,-0.019115178116221272,-0.020083158508965054,0.0050704973047239615,0.020713357975312218
316_hypera_postica_trochanter_aligned,26,C.1.26,-0.09103206,-0.1883472,-0.2328832,-0.09454353214525726,-0.18894672297700016,-0.23578150560737018,-128.36911943975048,0.2433615007075091,-0.031966895472230646,-0.004141625488019246,-0.001984181981969346,0.004592389336781256
316_hypera_postica_trochanter_aligned,27,C.1.27,-0.051329,-0.1860086,-0.2719251,-0.0559940945192286,-0.17754621517653202,-0.27245477536765605,-140.9203679502031,0.24901757626386428,-0.04529296137959716,0.0015144500683359485,-0.00955835031579282,0.009677583364089378
316_hypera_postica_trochanter_aligned,28,C.1.28,-0.005658939,-0.1710713,-0.3001608,-0.011779550200044675,-0.16039874136944554,-0.30028952059334024,-153.60450261355885,0.24977859553983423,-0.05363889953683922,0.0022754693443058915,-0.01209149277132519,0.012303737569368296
316_hypera_postica_trochanter_aligned,29,C.1.29,0.02445635,-0.1546004,-0.3156234,0.020181314437450214,-0.14609444142832284,-0.31314679009034874,-162.19945399874496,0.25180909483354613,-0.054330418786964395,0.004305968638017799,-0.008844178368686563,0.009836709659674637
316_hypera_postica_trochanter_aligned,30,C.1.30,0.05426394,-0.1339326,-0.3257068,0.05275683208283438,-0.13018744030679177,-0.32075094459334463,-170.73416948880492,0.2531469982716574,-0.05239827051688531,0.005643872076129042,-0.0030008009266829687,0.006392033965279778
316_hypera_postica_trochanter_aligned,31,C.1.31,0.08566457,-0.1135323,-0.3295965,0.08540076679647524,-0.113057139437439,-0.32302703995396753,-179.24465246864932,0.25406483145876385,-0.05266735638144941,0.006561705263235518,0.0006302372769426257,0.006591902228250987
316_hypera_postica_trochanter_aligned,32,C.1.32,0.135355,-0.0856926,-0.3239868,0.1334111304056272,-0.08584636962635066,-0.3163378616730821,-192.06793668271655,0.2553868193727026,-0.05877929897936912,0.007883693177174245,0.0003948588546362352,0.007893575338647832
316_hypera_postica_trochanter_aligned,33,C.1.33,0.1824104,-0.05859552,-0.3058916,0.17770346260159464,-0.05858582121863938,-0.2979685770507999,-204.79127485040144,0.2566364672811741,-0.06623444252153585,0.009133341085645785,-0.0012295230805773872,0.009215728207386462
316_hypera_postica_trochanter_aligned,34,C.1.34,0.2242121,-0.03205178,-0.2771894,0.21645368021784883,-0.03277170115052125,-0.2689476594044578,-217.44679381531748,0.2586129585657851,-0.07308698534337851,0.011109832370256756,-0.002282384001005498,0.011341853994089773
316_hypera_postica_trochanter_aligned,35,C.1.35,0.2559565,-0.007688857,-0.2447013,0.2451387666789393,-0.012052319852473153,-0.23511316909472643,-228.73516832939217,0.2625817429050649,-0.07677194598196638,0.015078616709536585,-0.0007941880470298239,0.01509951709582667
316_hypera_postica_trochanter_aligned,36,C.1.36,0.2795129,0.01399717,-0.2043107,0.26706706982292244,0.0053451185087838166,-0.19548509326677466,-239.9215210266151,0.26496601449412227,-0.07946234758076323,0.017462888298593937,0.0016418131086378676,0.017539897890605394
316_hypera_postica_trochanter_aligned,37,C.1.37,0.2958144,0.02952144,-0.1579443,0.28170114064396423,0.018699039063653847,-0.15167360808305885,-251.00737249700634,0.26625272758588425,-0.08416399253182115,0.01874960139035592,0.002020513919206694,0.018858155498217413
316_hypera_postica_trochanter_aligned,38,C.1.38,0.3023871,0.0416935,-0.07071217,0.28921278728164,0.03080153250298348,-0.07054814830524217,-270.0550270945218,0.26453002544580906,-0.09339396654399663,0.017026899250280725,0.0015195646068365016,0.017094571497219744
316_hypera_postica_trochanter_aligned,39,C.1.39,0.2853009,0.03858871,0.01588541,0.27425762443962387,0.027462957849769848,0.010862363972046887,-289.2132174482422,0.26384480260770893,-0.1017140955716405,0.016341676412180595,0.0019791158251274642,0.016461084028996622
316_hypera_postica_trochanter_aligned,40,C.1.40,0.2510607,0.01251868,0.09301583,0.23930179009372654,0.00838242745405686,0.08270158635864618,-308.2078366395806,0.26288192323215004,-0.11742354290084059,0.015378797036621705,-0.005025611495856221,0.016179127578484737
317_brentus_trochanter_mirrored_aligned,1,C.1.01,0.04390295,0.1106173,-0.2940394,0.06110891639344994,0.12784537794995804,-0.3219986808217627,137.9885532637172,0.19077386456097956,0.08580326460772686,-0.0363887373869301,-0.007101628322967946,0.03707523881855039
317_brentus_trochanter_mirrored_aligned,2,C.1.02,0.0722886,0.1319996,-0.2680643,0.08707446827317235,0.14886047989773663,-0.2847556712574617,125.40212304843861,0.20000694870424868,0.0815021498136575,-0.027155653243660982,-0.00663954387604805,0.02795555483212457
317_brentus_trochanter_mirrored_aligned,3,C.1.03,0.09066668,0.1491494,-0.2319295,0.10529771632645814,0.1650135336571082,-0.24176033432193167,112.97133643431064,0.20397119571478659,0.07848341375200925,-0.023191406233123074,-0.004953982344766533,0.023714621315593477
317_brentus_trochanter_mirrored_aligned,4,C.1.04,0.1051636,0.1616156,-0.1922805,0.11520421803691144,0.17538192568874117,-0.19631382854200322,100.9842764069483,0.21045967838435758,0.07364689824411884,-0.016702923563552075,-0.005254123817490432,0.017509810754528
317_brentus_trochanter_mirrored_aligned,5,C.1.05,0.1109822,0.1713663,-0.1251918,0.11530390779393711,0.18005789862348381,-0.12477955767539485,82.91076621590534,0.21835917580661207,0.0679514695194794,-0.008803426141297588,-0.004109826857281898,0.009715502489429886
317_brentus_trochanter_mirrored_aligned,6,C.1.06,0.09669168,0.1719338,-0.05866988,0.09881733957266961,0.17126945927325163,-0.057822896091174414,65.38936942797513,0.22576856554504862,0.06736282195466381,-0.0013940364028610375,0.0019323098792393449,0.002382678946460887
317_brentus_trochanter_mirrored_aligned,7,C.1.07,0.06592804,0.1580493,0.0004111528,0.06877893957112136,0.15033420915403534,-0.0006348375226170044,48.27670213268013,0.23046321734325423,0.06656034479694797,0.0033006153953445694,0.007605937739235771,0.00829122131420433
317_brentus_trochanter_mirrored_aligned,8,C.1.08,0.02945556,0.1299264,0.03971837,0.03331864815932134,0.12290090314713403,0.03897556180106285,33.212797516428054,0.22943226300469333,0.06097901184374177,0.0022696610567836673,0.007725377587150458,0.008051883020556533
317_brentus_trochanter_mirrored_aligned,9,C.1.09,-0.0102128,0.09335715,0.06720216,-0.007651725713389998,0.08880266854843395,0.06565400803202046,18.204026037115057,0.22957423337575972,0.052460771237424576,0.0024116314278500584,0.004887045238828769,0.005449695157543496
317_brentus_trochanter_mirrored_aligned,10,C.1.10,-0.05313033,0.05221654,0.07868302,-0.0513781385437072,0.049829189653588464,0.07781875326312979,3.14031195089055,0.22845186701107575,0.0446755900492742,0.0012892650631660951,0.002802564747758099,0.003084894417719521
317_brentus_trochanter_mirrored_aligned,11,C.1.11,-0.09383265,0.01124688,0.07487176,-0.09288137177494063,0.010059175158190096,0.07497552462104376,-11.348259517861695,0.22728406354672587,0.03791037163241727,0.00012146159881620822,0.001520390485804289,0.001525234457160983
317_brentus_trochanter_mirrored_aligned,12,C.1.12,-0.1315105,-0.02968772,0.05891919,-0.13097750908740116,-0.029693371197955187,0.05808034628259495,-25.847318109106656,0.2281350039696118,0.031108405200347567,0.0009724020217021512,0.00020543694743362385,0.0009938662038630746
317_brentus_trochanter_mirrored_aligned,13,C.1.13,-0.1626283,-0.06754762,0.02812949,-0.16304635309430135,-0.06720310128409658,0.02819508711532495,-40.37160445818803,0.22697739133938774,0.024893123130783294,-0.0001852106085219185,-0.0005132850546163967,0.0005456780340105582
317_brentus_trochanter_mirrored_aligned,14,C.1.14,-0.1878867,-0.1047371,-0.01786824,-0.18885742981356252,-0.10370333284550708,-0.017986335010042293,-56.56312184251741,0.2270026908640745,0.017864913138325146,-0.00015991108383514585,-0.0014139893130116496,0.001423002927630306
317_brentus_trochanter_mirrored_aligned,15,C.1.15,-0.2018585,-0.1320246,-0.07441106,-0.20197211491387781,-0.13226874912967906,-0.07431609067076192,-72.8133552543583,0.22691136572759382,0.013264884341449968,-0.0002512362203158369,0.00013570807373112056,0.00028554565252240075
317_brentus_trochanter_mirrored_aligned,16,C.1.16,-0.2022471,-0.1489254,-0.1364675,-0.2009247376662259,-0.15086551522589445,-0.13611857424202278,-89.07432673349501,0.22701728261236473,0.009344631132463003,-0.00014531933554493004,0.0023692447545217033,0.0023736972039651353
317_brentus_trochanter_mirrored_aligned,17,C.1.17,-0.1887132,-0.1541824,-0.1938848,-0.1871949766037851,-0.1581928898646112,-0.19358982130262808,-104.06639387884707,0.22586574012016453,0.005399871567422007,-0.0012968618277451327,0.0040980718718202705,0.004298376864220571
317_brentus_trochanter_mirrored_aligned,18,C.1.18,-0.1646792,-0.1514695,-0.2479456,-0.1619110874672775,-0.1558816077072895,-0.24746825861911637,-119.06348315279408,0.2265709097769152,0.0008231284470364877,-0.0005916921709944456,0.005196816004365223,0.005230391592265598
317_brentus_trochanter_mirrored_aligned,19,C.1.19,-0.1295366,-0.1404455,-0.2943248,-0.12672829283875284,-0.14445261517276348,-0.29383432284881317,-133.99828726151082,0.2268324603659712,-0.005118961681796744,-0.0003301415819384479,0.0049066419770974375,0.004917736161643863
317_brentus_trochanter_mirrored_aligned,20,C.1.20,-0.08677724,-0.1255361,-0.3284315,-0.08614160911326497,-0.12619426429910946,-0.3281398298729277,-148.1426162212139,0.2273469642235279,-0.014435882149258797,0.00018436227561824392,0.0009424907867714271,0.000960353232836826
317_brentus_trochanter_mirrored_aligned,21,C.1.21,-0.03859741,-0.1058039,-0.3508666,-0.04107704984214024,-0.10224756715277816,-0.3508221838054785,-162.1994122846743,0.22787368224886806,-0.02497498425895882,0.0007110803009583999,-0.004276967929606572,0.004335676402280739
317_brentus_trochanter_mirrored_aligned,22,C.1.22,0.0112028,-0.08016062,-0.3595987,0.0064524074504966784,-0.07404171474212337,-0.3607377184197472,-176.333434514317,0.2271655823431186,-0.033876609588085,2.980395208934672e-06,-0.007829724452815393,0.007829725020061077
317_brentus_trochanter_mirrored_aligned,23,C.1.23,0.06831623,-0.04412543,-0.3547358,0.06274409381627648,-0.037437248598798,-0.3546958467443877,-193.32243895591736,0.22850491923926952,-0.041077368674558946,0.0013423172913598624,-0.008601177399478278,0.00870528967743058
317_brentus_trochanter_mirrored_aligned,24,C.1.24,0.1158262,-0.002177757,-0.3309152,0.11388332205766985,-0.0012675642243616045,-0.3294816960848784,-210.33792107572074,0.22912031615274486,-0.04059644418380558,0.0019577142048352036,-0.001680926576169555,0.0025803408810245346
317_brentus_trochanter_mirrored_aligned,25,C.1.25,0.1559417,0.03578857,-0.2917548,0.15531478741583962,0.030538497736517844,-0.28767123810834583,-227.196845621163,0.23226045045863464,-0.04097776171480238,0.005097848510724978,0.004317834693991028,0.006680700253935458
317_brentus_trochanter_mirrored_aligned,26,C.1.26,0.1755494,0.05449128,-0.2578875,0.17530548122454825,0.04716043200369164,-0.25403305131371695,-237.88673398320094,0.23272352958371645,-0.04319829456376028,0.005560927635806789,0.006142775204946557,0.008285988377326225
317_brentus_trochanter_mirrored_aligned,27,C.1.27,0.1901049,0.06880392,-0.2196182,0.1896240208978631,0.06015334237357862,-0.21634644407390224,-248.53702434284716,0.23328883899021977,-0.04642624671638358,0.0061262370423101065,0.006945310973815235,0.009261108185393913
317_brentus_trochanter_mirrored_aligned,28,C.1.28,0.1987734,0.07699713,-0.1779171,0.19792417976850643,0.06900187435449583,-0.17593968707502522,-259.14489930623273,0.23284621059506827,-0.05136502705673339,0.005683608647158611,0.006020966904106501,0.00827982184074039
317_brentus_trochanter_mirrored_aligned,29,C.1.29,0.2021599,0.07897713,-0.1250125,0.19971940797049495,0.07368124280971436,-0.12476832986700459,-272.08182337325763,0.23234022946659622,-0.059588468872655544,0.005177627518686556,0.002693364960397456,0.0058362694876227484
317_brentus_trochanter_mirrored_aligned,30,C.1.30,0.1933905,0.07221077,-0.07313221,0.19233750999319746,0.07120013245862411,-0.07349497903089186,-285.1312415505698,0.228663326923044,-0.06712225551902787,0.0015007249751343432,9.799037323416631e-05,0.0015039207307030876
317_brentus_trochanter_mirrored_aligned,31,C.1.31,0.1772617,0.05828056,-0.02455175,0.1759967310140974,0.06124257434714714,-0.02457304828727752,-298.34994098698826,0.22623754177903654,-0.07530790989417137,-0.0009250601688731153,-0.003085189269559669,0.0032208894959377065
317_brentus_trochanter_mirrored_aligned,32,C.1.32,0.1541526,0.03634991,0.02281324,0.14958622923653359,0.0425006892345164,0.02183535260563249,-312.59521438604764,0.22693979907886827,-0.08533317631203927,-0.00022280286904138857,-0.007719485072128114,0.007722699715595699
317_brentus_trochanter_mirrored_aligned,33,C.1.33,0.1204442,0.008148343,0.0592404,0.11547703303605641,0.016039932075078436,0.05927464737650143,-326.98020001189053,0.22550012145755838,-0.09223289587087645,-0.0016624804903512813,-0.00917536142501147,0.009324757297666632
317_brentus_trochanter_mirrored_aligned,34,C.1.34,0.08092249,-0.02618477,0.08199374,0.07579254134730332,-0.016980525136702604,0.0851598742706382,-341.51925214446004,0.22224605987553725,-0.0984027773523753,-0.00491654207237241,-0.009843094886931796,0.011002677078899969
318_car_pini_trochanter_mirrored_aligned,1,C.1.01,0.100316,0.2775915,-0.04519475,0.11103881409386983,0.259004846464632,-0.03964643210428573,68.95576753847361,0.29086059953232135,0.11687167972147788,0.0041938499593845435,0.021763223238426176,0.022163624775911626
318_car_pini_trochanter_mirrored_aligned,2,C.1.02,0.08034923,0.264607,0.01635863,0.08258288619227289,0.24929535607377934,0.015118641963127483,56.52164336735745,0.29650154945195584,0.10018083475223466,0.00983479987901903,0.012010409709076665,0.015523312469967082
318_car_pini_trochanter_mirrored_aligned,3,C.1.03,0.04800633,0.2393024,0.06803052,0.04697289186886573,0.23042305807206953,0.0630561903996307,44.05714825438892,0.2960068477589078,0.0853888424258952,0.00934009818597098,0.004173395295621765,0.010230086139280373
318_car_pini_trochanter_mirrored_aligned,4,C.1.04,0.007275462,0.2010747,0.1031829,0.0057064780873303245,0.2027294060808361,0.10221825186098474,31.4636573167185,0.2868882321935441,0.0717224718108837,0.00022148262060728285,-0.002466019913351611,0.002475946034201429
318_car_pini_trochanter_mirrored_aligned,5,C.1.05,-0.03874159,0.1563764,0.137017,-0.04444687714034341,0.16248578868286678,0.13300080974678652,17.26665458218622,0.2878667131175885,0.05707089149520354,0.0011999635446516832,-0.009195912302410418,0.009273872739158957
318_car_pini_trochanter_mirrored_aligned,6,C.1.06,-0.08742087,0.1054946,0.1543842,-0.09536022072298769,0.1145710790254484,0.1480008821928862,3.026877055914815,0.28887462566678607,0.04485693279997649,0.002207876093849259,-0.01346431545912508,0.013644138214948797
318_car_pini_trochanter_mirrored_aligned,7,C.1.07,-0.135025,0.05098385,0.1496368,-0.14394566660839922,0.061102071948129805,0.1462292534033935,-11.365539313603295,0.2855745882344651,0.036420581742611584,-0.001092161338471731,-0.01386994107949333,0.013912874682748674
318_car_pini_trochanter_mirrored_aligned,8,C.1.08,-0.1854187,-0.008061056,0.1289552,-0.19065323157862607,-0.0008738401901241984,0.12453361931936487,-27.423823211623766,0.28819527369558456,0.031518524292496956,0.0015285241226477564,-0.009811747126134656,0.009930094040880383
318_car_pini_trochanter_mirrored_aligned,9,C.1.09,-0.2262299,-0.06026479,0.08353349,-0.22553333193284836,-0.0611125611662576,0.08392699165899269,-43.48324246077328,0.28663528839986996,0.033534623296657066,-3.1461173066849035e-05,0.001165236788267715,0.0011656614337547419
318_car_pini_trochanter_mirrored_aligned,10,C.1.10,-0.245391,-0.1078879,0.02174205,-0.2455520335231427,-0.1159436043397536,0.027137885274838014,-59.71348172371556,0.2804295914604844,0.0307383603926948,-0.006237158112452401,0.007425173479357637,0.00969718219475571
318_car_pini_trochanter_mirrored_aligned,11,C.1.11,-0.2438683,-0.1475733,-0.04341146,-0.24844399467686137,-0.1594536154655732,-0.03817197708398001,-75.36033701683971,0.2750650738316424,0.021994130283779664,-0.011601675741294393,0.0074116245559608255,0.013767027949585233
318_car_pini_trochanter_mirrored_aligned,12,C.1.12,-0.2325985,-0.1827801,-0.1101601,-0.23464851739427428,-0.19092693750357986,-0.10858132826282502,-90.97077072032467,0.2798143810820207,0.010982049217671482,-0.006852368490916083,0.005109902043030324,0.00854786832050336
318_car_pini_trochanter_mirrored_aligned,13,C.1.13,-0.2051798,-0.2061563,-0.1774232,-0.2055635907652014,-0.20840453159894107,-0.17745344954278636,-106.26646070603901,0.2848457502342968,-0.0012890114791529815,-0.0018209993386399947,0.0013735782167181676,0.002280954999286445
318_car_pini_trochanter_mirrored_aligned,14,C.1.14,-0.1660643,-0.2152665,-0.2395552,-0.16500478440402574,-0.2119951288305162,-0.23835043462677208,-120.85663087929795,0.2900629162394619,-0.012123489545125,0.003396166666525091,-0.0013198311272110718,0.003643611152575362
318_car_pini_trochanter_mirrored_aligned,15,C.1.15,-0.1144296,-0.203736,-0.2912707,-0.11407263345074631,-0.20290290329923694,-0.2905490085581793,-135.49468454345717,0.28781556758353577,-0.019121548437081217,0.001148818010598962,-0.00015010311731979072,0.0011585826544988746
318_car_pini_trochanter_mirrored_aligned,16,C.1.16,-0.05620533,-0.1858944,-0.3332838,-0.05626762424164726,-0.18224244421025682,-0.330063149285488,-150.03459658403784,0.29125123454092616,-0.028726344862339222,0.004584484967989355,-0.0016418740103756198,0.004869625518216746
318_car_pini_trochanter_mirrored_aligned,17,C.1.17,0.001840633,-0.1614111,-0.3570732,-0.0009705498403958356,-0.15517354806624134,-0.35283784421705383,-163.10197591961588,0.29306941369116596,-0.03924964875019323,0.006402664118229151,-0.004873800763854471,0.008046616785743423
318_car_pini_trochanter_mirrored_aligned,18,C.1.18,0.06002962,-0.1282038,-0.3638581,0.0548908935325125,-0.12170229545297581,-0.36219194400231747,-176.19847869143024,0.2908993226107234,-0.049000406035955305,0.004232573037786569,-0.0073169305293304555,0.008452937175399232
318_car_pini_trochanter_mirrored_aligned,19,C.1.19,0.1157666,-0.0908367,-0.3582208,0.10882414740490651,-0.08366764201498886,-0.35738385063211525,-189.37107530183144,0.2906849742610717,-0.058206751028202976,0.004018224688134897,-0.00917318892357716,0.010014665479783892
318_car_pini_trochanter_mirrored_aligned,20,C.1.20,0.1668077,-0.04615084,-0.3372479,0.1607716225470705,-0.04098784549815457,-0.33680192243256823,-203.37197480711967,0.28984152627909604,-0.06414037584695541,0.0031747767061592325,-0.007294548108041488,0.007955478567283202
318_car_pini_trochanter_mirrored_aligned,21,C.1.21,0.2041086,0.001817026,-0.3005012,0.20484233021238077,0.0016275690454266023,-0.30090077417014854,-217.51936731184188,0.285944618597706,-0.06427892149282245,-0.000722130975230828,0.0004609125017382115,0.0008566875040797731
318_car_pini_trochanter_mirrored_aligned,22,C.1.22,0.2255461,0.04130167,-0.2455163,0.23848284390914828,0.04135200783967906,-0.25102237333999056,-231.87704761099025,0.2740354310889695,-0.06657634823613369,-0.012631318483967313,0.006174829054389229,0.014059826474545966
318_car_pini_trochanter_mirrored_aligned,23,C.1.23,0.233132,0.05833641,-0.2039839,0.25358534916324166,0.06408972635993158,-0.21236976476519268,-241.28687064760254,0.2645672682836407,-0.0722245208643489,-0.02209948128929612,0.005777178873384865,0.022842129256946134
318_car_pini_trochanter_mirrored_aligned,24,C.1.24,0.2368365,0.07136401,-0.1605165,0.26301669601327227,0.08401038799776893,-0.16851491830088577,-251.04802620246795,0.2568439767753713,-0.0789861462055706,-0.02982277279756551,0.004462113595208595,0.030154738186092
318_car_pini_trochanter_mirrored_aligned,25,C.1.25,0.2347707,0.07790732,-0.1155091,0.26591691116545724,0.09980596859704399,-0.1209875138988312,-261.0255952594392,0.24823632583031574,-0.08735640944770226,-0.03843042374262107,0.0016591654979411653,0.03846622283493632
a_fallax_trochanter_aligned,1,C.1.01,0.0635273,0.09091559,-0.2694905,0.07603217031203359,0.0995231456879713,-0.28929639022901815,142.2870429322358,0.2221648144423116,0.11355448905573619,-0.024562779796190898,-0.004405103051014272,0.024954660570847723
a_fallax_trochanter_aligned,2,C.1.02,0.09980904,0.1174595,-0.2520255,0.10423260330094036,0.11924069323558392,-0.25595211007403995,131.22383906211746,0.24055123772686043,0.11229459795811055,-0.006176356511642056,0.00010699782504917807,0.00617728324536509
a_fallax_trochanter_aligned,3,C.1.03,0.1246593,0.1395456,-0.2170853,0.1262216010548309,0.13641119202542518,-0.2161223715385291,119.99542818914189,0.24719613438116844,0.10993121991453925,0.0004685401426659519,0.003601805004942026,0.0036321521387346523
a_fallax_trochanter_aligned,4,C.1.04,0.1432002,0.1565371,-0.1759323,0.14052776503410974,0.14958265027127807,-0.17294246697085994,109.06161412291966,0.25310354556256304,0.10550269786197299,0.006375951324060547,0.004877768540181193,0.008027788065112989
a_fallax_trochanter_aligned,5,C.1.05,0.1525587,0.1676303,-0.1198897,0.14785413382482454,0.15977530981255492,-0.11822232859474224,96.0916674223342,0.2550038151275025,0.0981146719181669,0.008276220888999986,0.004256537200708311,0.009306661116884772
a_fallax_trochanter_aligned,6,C.1.06,0.1483528,0.1695861,-0.06218296,0.14457043059399696,0.16332418148287756,-0.062383544259453055,83.14345965830333,0.25337400277067706,0.09016592034414067,0.006646408532174575,0.0030632384019408723,0.007318345160190858
a_fallax_trochanter_aligned,7,C.1.07,0.1308064,0.1618378,-0.00756231,0.13087232950789152,0.1597208886794959,-0.0076031458245077455,70.07131275348573,0.24790448553725516,0.0820438884032109,0.0011768912987526747,0.0017613218542823518,0.0021183313724373806
a_fallax_trochanter_aligned,8,C.1.08,0.1039097,0.1459984,0.04198716,0.1067205856071508,0.14831000832055777,0.044386094653732014,56.56564737993356,0.2423699581418652,0.07333877109575983,-0.00435763609663728,0.00010249900643431495,0.0043588414053548396
a_fallax_trochanter_aligned,9,C.1.09,0.06990241,0.1235339,0.08403931,0.07313660071164597,0.1289028786788546,0.08980445212300374,42.76343695038773,0.23834240217301403,0.06454820426219696,-0.008385192065488462,-0.0014870572741471784,0.008516031077428292
a_fallax_trochanter_aligned,10,C.1.10,0.03286628,0.09743749,0.1211438,0.03262230916651845,0.10238695182837101,0.12496464440487524,28.935216575265425,0.2414771403670631,0.055416524523383824,-0.005250453871439381,-0.0034041563225335933,0.006257439262538463
a_fallax_trochanter_aligned,11,C.1.11,-0.01139797,0.06560146,0.1538763,-0.014446760508190232,0.06827690220050323,0.14859722980398338,14.431015982756552,0.2512291104528817,0.04634852136299821,0.00450151621437922,-0.004904900451305399,0.006657454218057779
a_fallax_trochanter_aligned,12,C.1.12,-0.06080904,0.02691294,0.1641861,-0.06262898733041306,0.029776412068994028,0.15728391922173496,0.03500575457533721,0.25279002680503043,0.03900988322723335,0.006062432566527942,-0.004732725583375762,0.0076910194429111916
a_fallax_trochanter_aligned,13,C.1.13,-0.1080218,-0.01456992,0.1544661,-0.10912288593622949,-0.011446614344468423,0.1507603527386497,-14.406266484851592,0.24979966865042907,0.03230147553535682,0.003072074411926584,-0.003906705777177114,0.004969908572785119
a_fallax_trochanter_aligned,14,C.1.14,-0.142993,-0.04882673,0.1315027,-0.14528890974532105,-0.04739659943762591,0.13324370023473786,-26.860647218044196,0.24424485727204154,0.027664993633779198,-0.002482736966460952,-0.0020453786829880472,0.003216761850285754
a_fallax_trochanter_aligned,15,C.1.15,-0.1754761,-0.08327797,0.1053888,-0.17610113673737451,-0.08252102047542634,0.10531809976778975,-39.434328311296206,0.2465577218371296,0.022180895596891192,-0.00016987240137289472,-0.0009694252915549878,0.000984196133224811
a_fallax_trochanter_aligned,16,C.1.16,-0.2003745,-0.115912,0.07018937,-0.19934902490895934,-0.11473495701155183,0.06891569700326776,-51.880365423879624,0.2486257195222417,0.015981296595507757,0.0018981252837391993,-0.0006755684042601593,0.002014763574617323
a_fallax_trochanter_aligned,17,C.1.17,-0.2170164,-0.1457672,0.01818926,-0.21558743945641962,-0.14711801633521676,0.01838793084246039,-66.25048368317414,0.24722498072512505,0.011072335997974072,0.0004973864866225641,0.0019127754162909564,0.001976386376759835
a_fallax_trochanter_aligned,18,C.1.18,-0.2228239,-0.167908,-0.03967603,-0.2192586595223462,-0.17290560741467267,-0.03843388380450096,-80.69848357958377,0.24697983452048716,0.007879923283452314,0.0002522402819846725,0.006258300212184542,0.006263381411480952
a_fallax_trochanter_aligned,19,C.1.19,-0.214105,-0.1843918,-0.09904414,-0.20979956255149457,-0.19062871042162216,-0.09744199417455189,-95.1061776921932,0.24691908368385163,0.0018484889270067573,0.0001914894453491356,0.007743774678324004,0.007746141909126948
a_fallax_trochanter_aligned,20,C.1.20,-0.1974556,-0.1933836,-0.1405492,-0.1948937376098245,-0.19805699405475746,-0.13955994833693997,-105.56174466189765,0.24629776330291536,-0.005946774301189901,-0.0004298309355871277,0.005403481758729044,0.005420550686978704
a_fallax_trochanter_aligned,21,C.1.21,-0.1734344,-0.197801,-0.1790755,-0.1736327420347653,-0.20078893848936702,-0.17949185279053143,-116.02437626331907,0.2447155441654952,-0.014552339539358998,-0.002012050073007282,0.0022565726509223305,0.0030233202981455654
a_fallax_trochanter_aligned,22,C.1.22,-0.1450497,-0.1977185,-0.2147823,-0.14641496259510786,-0.19884479662873372,-0.2160962037576385,-126.56440012061455,0.24452467520285476,-0.02238525621878451,-0.0022029190356477324,-7.731013009321199e-05,0.0022042751946692455
a_fallax_trochanter_aligned,23,C.1.23,-0.1067416,-0.1925357,-0.2540307,-0.10713304135105914,-0.1905799918608124,-0.25352329033475013,-139.24247494584478,0.24787547426106743,-0.030630636224650384,0.00114788002256494,-0.001708173492122181,0.002058029452022646
a_fallax_trochanter_aligned,24,C.1.24,-0.06152692,-0.1793759,-0.2826167,-0.0625465156129239,-0.17655050002299358,-0.28187839509563617,-151.87108230230282,0.24821881911359472,-0.03822111592955856,0.0014912248750922341,-0.002709945155842721,0.0030931463553749393
a_fallax_trochanter_aligned,25,C.1.25,-0.01293439,-0.1591386,-0.2988631,-0.014189751344428611,-0.1575432873742258,-0.2999646069626737,-164.5799671012776,0.24603967305352237,-0.044346537709354886,-0.0006879211849801226,-0.0022047758414665197,0.0023096043098026118
a_fallax_trochanter_aligned,26,C.1.26,0.03741258,-0.1338483,-0.3026326,0.0373180748652458,-0.1339278923583439,-0.3066387729848717,-177.76191482880256,0.24280116447971678,-0.04982404704231069,-0.00392642975878571,-0.0008048835307292551,0.0040080778621076705
a_fallax_trochanter_aligned,27,C.1.27,0.08756397,-0.1083189,-0.29799,0.08782178523768448,-0.10780489709973289,-0.3005639356318832,-190.9736245564888,0.24421751654441834,-0.056721612634286774,-0.0025100776940841507,-0.0008095197866666678,0.0026373874033489043
a_fallax_trochanter_aligned,28,C.1.28,0.1367206,-0.08390282,-0.2847133,0.13364445246659157,-0.0815575293820888,-0.28255509869464773,-203.86294896324313,0.2498641593956755,-0.06576458144301249,0.0031365651571730047,-0.003127756962903254,0.004429549029436444
a_fallax_trochanter_aligned,29,C.1.29,0.1738283,-0.06387492,-0.2626126,0.1675624814393384,-0.060346065635591015,-0.2591149644773786,-214.56734334667232,0.2525019823179481,-0.07375363039120025,0.005774388079445636,-0.0055320151768952445,0.007996671158015847
a_fallax_trochanter_aligned,30,C.1.30,0.2037055,-0.04466903,-0.2309104,0.19661009602185953,-0.040597817175547085,-0.2287390370302324,-225.28834218112692,0.2519094026193235,-0.08050709485965929,0.005181808380820996,-0.006692025891008856,0.008463707734880711
a_fallax_trochanter_aligned,31,C.1.31,0.2248147,-0.02603604,-0.1925207,0.2200552648911411,-0.023009769541407835,-0.19202535083987904,-236.1344049428689,0.2495161215414718,-0.08440124837587325,0.0027885273029693014,-0.004927476201364487,0.005661793552790397
a_fallax_trochanter_aligned,32,C.1.32,0.2385766,-0.01187012,-0.1548873,0.23543610033223952,-0.00989739470759013,-0.1548980997189897,-245.89131893437713,0.2484187849088433,-0.08786489776952901,0.0016911906703408197,-0.003300662659679071,0.0037087059571294582
a_fallax_trochanter_aligned,33,C.1.33,0.2448865,-0.0002432666,-0.1144975,0.245075197063434,0.0001919485691061762,-0.11465165046420463,-255.72332998249826,0.2463196730134997,-0.08998090005686794,-0.0004079212250027997,-0.0002870217151636396,0.000498779701655182
a_fallax_trochanter_aligned,34,C.1.34,0.2470682,0.008546099,-0.07297245,0.24863244344820956,0.006749435397610998,-0.07250232005828652,-265.60339632416077,0.24640075007150283,-0.09244254836716152,-0.0003268441669996569,0.002406045036571352,0.0024281432880930882
a_fallax_trochanter_aligned,35,C.1.35,0.2400731,0.01423884,-0.03573461,0.24653194030849054,0.009320906905709914,-0.03389350089529841,-274.54595228087186,0.24400251481258473,-0.09164866840675819,-0.0027250794259177646,0.007865513899825661,0.008324203672779204
a_fallax_trochanter_aligned,36,C.1.36,0.2255273,0.01520293,-0.0003008822,0.23941733420838757,0.008514211672892374,0.004486894922814802,-283.55585620892515,0.23851808889844497,-0.0903153102088908,-0.008209505340057516,0.013899598376171827,0.016142949326170563
a_fallax_trochanter_aligned,37,C.1.37,0.2146942,0.01779002,0.03635809,0.22745262319636148,0.004192438597205195,0.04160333319849614,-292.61048220396896,0.243208795456094,-0.08989160001896998,-0.0035187987824084888,0.01904736763448893,0.0193696711039309
a_frumentarium_trochanter_aligned,1,C.1.1,0.01523292,0.3942707,-0.4414547,0.015432753259939144,0.39536852933318656,-0.4425179370659617,-137.44771684089784,0.12244537503606641,-0.003226104162009201,-0.0015383048733423749,9.619642232864565e-05,0.0015413097141774312
a_frumentarium_trochanter_aligned,2,C.1.2,0.03852724,0.4124731,-0.4094486,0.038634732857408725,0.4122572724614214,-0.40944077875486856,-117.11013262848029,0.12412582169670432,-0.00245877719546402,0.00014214178729553273,-0.00019491825205096862,0.0002412413991797102
a_frumentarium_trochanter_aligned,3,C.1.3,0.05846626,0.420942,-0.371645,0.055786221297104185,0.4165081182633714,-0.37094639980003424,-97.44560666091836,0.12920988650591647,-0.0011111338488341955,0.005226206596507688,0.0001293118457031026,0.005227806130952066
a_frumentarium_trochanter_aligned,4,C.1.4,0.06642646,0.4092869,-0.3304257,0.06580487306570376,0.40832777693106803,-0.33067385096121216,-77.80816904948544,0.12515217376428658,-0.0002683259759118721,0.0011684938548778001,-4.9883753955774464e-05,0.001169558154943918
a_frumentarium_trochanter_aligned,5,C.1.5,0.06468935,0.3798062,-0.2872855,0.06680985604078905,0.38219821588958214,-0.28500820873208665,-53.31110284814873,0.12006082709597587,0.0011812425651238263,-0.003922852813432909,0.00012476861821878596,0.0039248364811735595
a_frumentarium_trochanter_aligned,6,C.1.6,0.05208736,0.3401734,-0.2556049,0.05461933468653871,0.3414380137727695,-0.25134807598728537,-28.044260423082836,0.11887692903670093,0.00214387788336792,-0.0051067508727078575,-0.0002275741788358957,0.005111819097227052
a_frumentarium_trochanter_aligned,7,C.1.7,0.03426564,0.2962421,-0.2335681,0.03290638873606509,0.29669367510924427,-0.2379071054229689,-4.068738344490807,0.1285513985091322,0.0037392207337275623,0.004567718599723408,0.00011999555029928462,0.004569294490219583
a_haematodes_trochanter_aligned,1,C.1.01,0.04116189,0.4181378,-0.4134211,0.04231081140828903,0.4209334942143126,-0.4139107259950029,-106.03375265280486,0.13794231105526122,0.00941170470437321,-0.002945889307682914,0.0008351025950311204,0.0030619699798248006
a_haematodes_trochanter_aligned,2,C.1.02,0.02857153,0.4184274,-0.4386057,0.028847245964314344,0.419380558861683,-0.4389413612700283,-117.6208187555149,0.1398897123719814,0.00781089389245361,-0.0009984879909627487,0.0003165775239698489,0.0010474729575409899
a_haematodes_trochanter_aligned,3,C.1.03,0.01327939,0.4141861,-0.4618657,0.012745325082518084,0.41361972389486695,-0.4612188152357798,-129.05282775733608,0.1418790150747236,0.006633282473094887,0.0009908147117794752,0.00020676879274296757,0.0010121596350037246
a_haematodes_trochanter_aligned,4,C.1.04,-0.004469439,0.4077457,-0.4827551,-0.005025021921007462,0.40422747475073395,-0.47972866069713166,-140.17434391182448,0.14546170925264038,0.004423900981021448,0.004573508889696237,-0.0009638114839034557,0.004673961503974377
a_haematodes_trochanter_aligned,5,C.1.05,-0.02505164,0.3940052,-0.4971219,-0.02455781691281714,0.39123968146449695,-0.49461564813680825,-151.48274849106366,0.14439174162552734,0.0029536121115118852,0.003503541262583204,-0.0013778428919055607,0.0037647380271936463
a_haematodes_trochanter_aligned,6,C.1.06,-0.04585221,0.3760621,-0.5051365,-0.04505261662877346,0.37513539813971886,-0.5050313194129961,-162.90840762671507,0.14137339851870334,0.002135630517738074,0.00048519815575920333,-0.0011286149045127438,0.001228490477391038
a_haematodes_trochanter_aligned,7,C.1.07,-0.06610312,0.3561141,-0.5084261,-0.06596987560408142,0.3562763959898285,-0.5104317032558616,-174.58230080759165,0.13895881530589987,0.0015873244560749339,-0.0019293850570442639,-0.0005865251733175872,0.0020165660111389635
a_haematodes_trochanter_aligned,8,C.1.08,-0.08384393,0.3366806,-0.508435,-0.08471237767069587,0.3372210136062173,-0.510486283083422,-185.4604431110721,0.13862304555685045,0.0015086142615304734,-0.0022651548060936832,0.00035083360056569705,0.002292162845623191
a_haematodes_trochanter_aligned,9,C.1.09,-0.1005015,0.3165604,-0.505256,-0.10199873393010239,0.3175445606439742,-0.5057525112356437,-196.29265196238117,0.13985014742943988,0.0016884842225733158,-0.0010380529335042576,0.0015424821324608474,0.0018592485099410182
a_haematodes_trochanter_aligned,10,C.1.10,-0.115841,0.2968928,-0.4968726,-0.11721645477728514,0.2980346011925825,-0.49648286963128774,-207.04600819257828,0.14071099997555991,0.000962598217676897,-0.00017720038738422428,0.0018210094977091308,0.0018296107695452404
a_haematodes_trochanter_aligned,11,C.1.11,-0.1374137,0.2652971,-0.4715322,-0.13756849428331352,0.2663139764178026,-0.47060099824441776,-225.70788216853686,0.14180819281713714,-0.0015628882356423283,0.0009199924541929971,0.001038628669475725,0.001387492568927492
a_haematodes_trochanter_aligned,12,C.1.12,-0.1493716,0.239209,-0.4357227,-0.14855012801810027,0.24037053278157497,-0.4349296842481959,-244.260574751493,0.14246710222478287,-0.003934527603497261,0.001578901861838733,0.0003998968779714007,0.0016287567658582389
a_haematodes_trochanter_aligned,13,C.1.13,-0.1507998,0.2235774,-0.3926013,-0.14929327281667226,0.22282979345588944,-0.39303761883537613,-262.8000087181316,0.1413510736180464,-0.007740806206337443,0.00046287325510227517,-0.0016747125648055071,0.001737502179856588
a_haematodes_trochanter_aligned,14,C.1.14,-0.143122,0.2210335,-0.3585021,-0.1428748406967235,0.21628589070192833,-0.359166693185654,-277.0966880173886,0.1375174173115261,-0.010819128016375338,-0.003370783051418025,-0.003417658188149223,0.004800267270762157
a_haematodes_trochanter_aligned,15,C.1.15,-0.130684,0.2178719,-0.3258918,-0.13064564188159017,0.21640362771650118,-0.3257863209742875,-291.5821544295433,0.1397526730319929,-0.009692028725606233,-0.001135527330951236,-0.0009375491183221921,0.001472555828688361
a_haematodes_trochanter_aligned,16,C.1.16,-0.112197,0.2177087,-0.2961184,-0.1141693961409686,0.22299918079745368,-0.29643960265256875,-305.5538826595776,0.14404414514454422,-0.005366667050590061,0.003155944781600084,0.0046928368056690685,0.005655325344235384
a_validum_trochanter_aligned,1,C.1.01,-0.105428,0.1858141,-0.5119057,-0.10753581817581007,0.18330106531913345,-0.5173669431786755,146.79117292162894,0.15765623640861193,-0.0364157430318347,-0.0063141984413079,-0.0008451720948591728,0.006370511582764974
a_validum_trochanter_aligned,2,C.1.02,-0.08505649,0.2063679,-0.5308936,-0.08565578518025907,0.20600747068289954,-0.5327788161789053,158.95309162666547,0.1619610005528975,-0.0306454863581227,-0.002009434297022328,-7.264883250589465e-05,0.002010747136492744
a_validum_trochanter_aligned,3,C.1.03,-0.06218246,0.2286552,-0.5442384,-0.062152333859106686,0.22912730103285558,-0.5411717347826288,170.74038175277755,0.16697682086862387,-0.024961024246577476,0.003006386018704038,0.0007680271034046169,0.0031029377249669034
a_validum_trochanter_aligned,4,C.1.04,-0.03638101,0.2516375,-0.5462575,-0.037356447388065914,0.2521157220763201,-0.5428050688374266,182.46923223364217,0.16721593918279293,-0.01930735704140525,0.0032455043328731004,0.0016019229101071953,0.0036193169776387547
a_validum_trochanter_aligned,5,C.1.05,-0.003258132,0.2811387,-0.5376659,-0.0040990004176565675,0.2804965947689064,-0.5347294149291416,197.89285952190946,0.1670086511359693,-0.013855979057893372,0.003038216286049472,0.000715223876955931,0.0031212663127302017
a_validum_trochanter_aligned,6,C.1.06,0.0282078,0.3056716,-0.5164692,0.02819273178378371,0.3047673850334928,-0.5155471640955358,213.40664274540276,0.16519685059149625,-0.008600906717904363,0.0012264157415764199,-0.00040482884621805004,0.0012915037614798241
a_validum_trochanter_aligned,7,C.1.07,0.05516732,0.3224361,-0.4843234,0.05774086511551013,0.32291257400472456,-0.48623637171010115,229.15930913571046,0.1614005008438411,-0.0036989107868729805,-0.002569934006078717,-0.0019761229482984305,0.0032418548243855036
a_validum_trochanter_aligned,8,C.1.08,0.08042569,0.3302178,-0.440581,0.08540858180319577,0.33357986817904317,-0.4430728636467757,247.34698798473246,0.1578131573531657,0.003646365120391146,-0.006157277496754127,-0.002104763983200436,0.006507080574037232
a_validum_trochanter_aligned,9,C.1.09,0.1030763,0.3312278,-0.3947764,0.10390662223888608,0.33190882276107003,-0.3948630664496223,265.28820832441215,0.1629161956829211,0.012901691838679126,-0.0010542391669987328,-0.00022207627910301257,0.00107737555892751
a_validum_trochanter_aligned,10,C.1.10,0.1151528,0.3200276,-0.3463955,0.11232583254787865,0.31831866243476464,-0.34704284096072174,282.79471169088214,0.16718929698568855,0.021302749546654995,0.0032188621357687186,0.0009849819529153222,0.0033661941264065934
a_validum_trochanter_aligned,11,C.1.11,0.1128792,0.2961239,-0.3095676,0.11173100267518188,0.29785691024457833,-0.30888734391455974,297.81336027307907,0.16326433923453715,0.028559657118921878,-0.0007060956153826792,0.0020702316122233415,0.002187333981428409
a_validum_trochanter_aligned,12,C.1.12,0.1041261,0.2687106,-0.2763312,0.10401703418505573,0.2696981691497618,-0.2755079203238272,313.1971350437494,0.16298576189489788,0.03364503034536477,-0.0009846729550219424,0.0008339045355424104,0.0012903401112690576
a_validum_trochanter_aligned,13,C.1.13,0.0898574,0.2379895,-0.2483027,0.09015397705713188,0.23629076043115485,-0.2505225154612169,328.4461846110823,0.16624789711433555,0.03742991327059932,0.0022774622644157194,-0.0016475498139956553,0.002810917066623424
adexius_scrobipennis_trochanter_aligned,1,C.1.01,0.05571228,0.06613902,-0.2764964,0.06442246041694209,0.08437587411312517,-0.3104868171940828,150.58179506612925,0.22287450199675682,0.114961583585145,-0.03604298676636261,-0.016269654477790944,0.039544892867055426
adexius_scrobipennis_trochanter_aligned,2,C.1.02,0.09061483,0.09203549,-0.2590681,0.10042066044879806,0.10739114360672383,-0.28039233302420086,139.08159601836465,0.23313116894362032,0.11391023577110922,-0.02578631981949911,-0.011033541259141928,0.028047697277150643
adexius_scrobipennis_trochanter_aligned,3,C.1.03,0.1196922,0.1150359,-0.2304662,0.1294339683355481,0.1274200464833154,-0.24344743860449722,127.84502969547563,0.23979018669268246,0.11166406490150874,-0.019127302070436975,-0.007136386034740966,0.020415231816724232
adexius_scrobipennis_trochanter_aligned,4,C.1.04,0.1390021,0.1338462,-0.1921795,0.15124053943446264,0.14394856513477977,-0.20074823061283545,116.68634590837219,0.2411528143886242,0.10958897066492028,-0.01776467437449522,-0.003110734606314003,0.018034975060220285
adexius_scrobipennis_trochanter_aligned,5,C.1.05,0.1530116,0.1537796,-0.1329806,0.1684999138977338,0.1596314555439728,-0.13580178292714304,101.48256731770175,0.242425121077168,0.1075643422045382,-0.016492367685951442,0.0031769422283143335,0.016795569469674518
adexius_scrobipennis_trochanter_aligned,6,C.1.06,0.1620634,0.1667832,-0.07095587,0.17083462499366836,0.16597162026908205,-0.06962634960176073,86.82973891237354,0.2520708780192616,0.10207583951504615,-0.006846610743857839,0.005699525889108154,0.008908460811976654
adexius_scrobipennis_trochanter_aligned,7,C.1.07,0.1564928,0.1685579,-0.0072079,0.15980685296971386,0.1630821984784765,-0.006125963998729403,72.62059916941418,0.25921978781742083,0.09509205020892783,0.0003022990543014026,0.006484246681882028,0.006491289529032714
adexius_scrobipennis_trochanter_aligned,8,C.1.08,0.1308471,0.1553734,0.05161601,0.13607146134790582,0.1507548304776304,0.05394666192960196,58.13649539889821,0.25684077347528106,0.08774192926640047,-0.002076715287838371,0.007052965897880771,0.007352351619952006
adexius_scrobipennis_trochanter_aligned,9,C.1.09,0.09740221,0.1313851,0.1025848,0.10147361569976729,0.12931168760854977,0.10564489617030648,43.643178866414964,0.2557185496487972,0.07723793336725525,-0.00319893911432223,0.004472847016330963,0.005499051908160284
adexius_scrobipennis_trochanter_aligned,10,C.1.10,0.05914359,0.1014904,0.1465667,0.05907173524357165,0.10011942888454103,0.14531612384202414,29.328649401430308,0.2605652745415169,0.065795384186829,0.0016477857783974703,0.0008564272653604054,0.001857058327662818
adexius_scrobipennis_trochanter_aligned,11,C.1.11,0.02969214,0.0747734,0.1705926,0.02655503305609899,0.0760610320036488,0.1648058259199038,19.452671582851035,0.26443709576703966,0.05572897162325128,0.005519607003920235,-0.00381052869437301,0.006707174547331074
adexius_scrobipennis_trochanter_aligned,12,C.1.12,-0.002790333,0.04359742,0.1820572,-0.007442516425783344,0.04944804333508019,0.17720874772636114,9.571965438476942,0.2623996328262428,0.045936558284609186,0.0034821440631233602,-0.0082009003292033,0.008909550689337369
adexius_scrobipennis_trochanter_aligned,13,C.1.13,-0.03745481,0.01266453,0.182211,-0.0425630356114689,0.02030559837401042,0.1821992439097771,-0.5265608145436717,0.25727368655065763,0.03957321291612531,-0.001643802212461798,-0.009043116016392372,0.009191302029616176
adexius_scrobipennis_trochanter_aligned,14,C.1.14,-0.06856279,-0.0123774,0.1804647,-0.0727943599624223,-0.006313557062484567,0.18007111069335277,-9.396745181940261,0.25796190784838463,0.03642386789412427,-0.0009555809147347993,-0.007342898145516661,0.007404815194185302
adexius_scrobipennis_trochanter_aligned,15,C.1.15,-0.09970628,-0.03646194,0.1735499,-0.10152707666624249,-0.03322711113551161,0.17196175646177447,-18.23581756375613,0.2598572993380842,0.035007589112747414,0.0009398105749647834,-0.0039266237741243755,0.004037526245157362
adexius_scrobipennis_trochanter_aligned,16,C.1.16,-0.1283509,-0.06024659,0.1590034,-0.1280647240021385,-0.059920119747757836,0.15812634271739706,-27.054343516164522,0.25985858995955774,0.033844494902720075,0.0009411011964383098,-0.00026839810427843803,0.000978626079929364
adexius_scrobipennis_trochanter_aligned,17,C.1.17,-0.1635556,-0.08991677,0.1217081,-0.16227000139951792,-0.0983400563024637,0.12755647356119,-40.22864505197331,0.2532519586552964,0.03555363680369502,-0.0056655301078230025,0.008643480653267525,0.01033479507324941
adexius_scrobipennis_trochanter_aligned,18,C.1.18,-0.1931561,-0.1158891,0.07743704,-0.18867649226118793,-0.13424499307599208,0.08563185902261479,-53.701774813249344,0.25081397883689244,0.038477976712493166,-0.008103509926226993,0.018933934662394646,0.020595163386685923
adexius_scrobipennis_trochanter_aligned,19,C.1.19,-0.2147385,-0.1420269,0.02884041,-0.20474160288828203,-0.16506608558899166,0.035346338659604334,-67.16137918981275,0.25401459030680124,0.03766140394309244,-0.004902898456318194,0.02547608131006745,0.025943575932976873
adexius_scrobipennis_trochanter_aligned,20,C.1.20,-0.2182947,-0.1586816,-0.0005628449,-0.20879121835426862,-0.1795592298442968,0.004656604786391197,-74.67573480318308,0.25506262742626956,0.0312842303661115,-0.0038548613368498685,0.023207203416367377,0.02352518323701211
adexius_scrobipennis_trochanter_aligned,21,C.1.21,-0.2198747,-0.1780569,-0.02843164,-0.20923545424432943,-0.1912805146256491,-0.02557064095468048,-81.8032712803496,0.2604273404003193,0.021325570439204328,0.001509851637199855,0.01714535498577382,0.01721170675890554
adexius_scrobipennis_trochanter_aligned,22,C.1.22,-0.2145725,-0.1930134,-0.05847801,-0.20631560154972645,-0.2009239555838142,-0.05650520894233563,-88.95519395831364,0.2613840740452836,0.011608552880113246,0.0024665852821641465,0.011338481499816339,0.01160367207722907
adexius_scrobipennis_trochanter_aligned,23,C.1.23,-0.2029368,-0.2045021,-0.09453216,-0.19852543220471583,-0.20945946963121234,-0.09321779148539971,-97.41819968804137,0.25983485295845005,0.0023454880340283758,0.0009173641953306166,0.006702364285163477,0.006764853588800674
adexius_scrobipennis_trochanter_aligned,24,C.1.24,-0.1868972,-0.211947,-0.1299537,-0.18598833469664106,-0.21482246410453956,-0.1296593693112888,-105.97391529228975,0.25804306133152616,-0.006133418396256003,-0.0008744274315932721,0.0029010924110306493,0.003030009985208384
adexius_scrobipennis_trochanter_aligned,25,C.1.25,-0.1676827,-0.2162206,-0.1643035,-0.16881046340946673,-0.21687118984047626,-0.16490775454217776,-114.60796157267086,0.25749525045933114,-0.0139485662757269,-0.0014222383037882924,-0.00019359547319823113,0.0014353539633154726
adexius_scrobipennis_trochanter_aligned,26,C.1.26,-0.1453883,-0.2166054,-0.1971031,-0.1472236355836718,-0.215558137267954,-0.19806551527844912,-123.31305003309798,0.2577961773765025,-0.020547524944631388,-0.0011213113866169189,-0.0020332535201149247,0.002321951572022261
adexius_scrobipennis_trochanter_aligned,27,C.1.27,-0.120809,-0.2140857,-0.2281284,-0.1218754875173386,-0.21099213961951896,-0.22796091567337934,-131.9901549926425,0.26002841060534293,-0.02634070928568431,0.0011109218422235,-0.003082436554489881,0.003276516816984853
adexius_scrobipennis_trochanter_aligned,28,C.1.28,-0.09255374,-0.2085797,-0.25541,-0.09349814025878703,-0.20345014726473354,-0.2537831542089579,-140.58826977520042,0.26213248691847446,-0.03237662322761806,0.003214998155355031,-0.004417535195283938,0.00546359134091379
adexius_scrobipennis_trochanter_aligned,29,C.1.29,-0.06335364,-0.2015255,-0.2756791,-0.06551396952331115,-0.19425190811680554,-0.27338044260771294,-148.36680351236217,0.2631331065673081,-0.03892632016077942,0.004215617804188665,-0.00671450332256128,0.007928176861024108
adexius_scrobipennis_trochanter_aligned,30,C.1.30,-0.0322331,-0.1924007,-0.2918469,-0.03594081164822222,-0.18308539678073593,-0.28895953906751193,-156.11476957243374,0.2639782198760689,-0.04557185965842015,0.005060731112949468,-0.009124026166669972,0.010433544598440786
adexius_scrobipennis_trochanter_aligned,31,C.1.31,-0.0003356934,-0.1799017,-0.3036589,-0.0050105967883941754,-0.17011584928132945,-0.30035315926276696,-163.90240539984222,0.26433023316866744,-0.05066785343082677,0.005412744405548009,-0.009962314781261217,0.011337791575114019
adexius_scrobipennis_trochanter_aligned,32,C.1.32,0.03316191,-0.1622791,-0.311874,0.029013809039029413,-0.15455470098990937,-0.3075817927584365,-172.28116951923036,0.2647726966879889,-0.05309748959408556,0.005855207924869488,-0.0078110604152425815,0.009761973399575746
adexius_scrobipennis_trochanter_aligned,33,C.1.33,0.06436425,-0.1393369,-0.3123329,0.06325093728286461,-0.13768161888194194,-0.309428245961749,-180.6836824538119,0.26213392403200925,-0.0513193938097604,0.003216435268889817,-0.0014390900002795662,0.0035236963359323273
adexius_scrobipennis_trochanter_aligned,34,C.1.34,0.09420925,-0.1156501,-0.3053788,0.0972293580024047,-0.11981601878934772,-0.3057484797144142,-189.16354934335348,0.2576132380740943,-0.049525325228090035,-0.0013042506890251215,0.004991144651986783,0.005158739651976893
adexius_scrobipennis_trochanter_aligned,35,C.1.35,0.1266026,-0.09128632,-0.2924297,0.13379217947777594,-0.09937017939705795,-0.29508287178513637,-198.67087456941286,0.25414186499889935,-0.04965099656132026,-0.004775623764220083,0.010063377862463462,0.011139037496126065
adexius_scrobipennis_trochanter_aligned,36,C.1.36,0.1594771,-0.06880835,-0.2774421,0.16797988697513946,-0.07905555689606608,-0.27767997026565183,-208.2181894927613,0.25596103607356174,-0.051948819699365316,-0.002956452689557687,0.012985322686520891,0.013317628083809315
adexius_scrobipennis_trochanter_aligned,37,C.1.37,0.1905662,-0.04883299,-0.2563472,0.19839760183496363,-0.05987860963241494,-0.2543658587653932,-217.64335066928015,0.2583050785003409,-0.056416455089316454,-0.0006124102627785288,0.013670670595207065,0.01368438090863505
adexius_scrobipennis_trochanter_aligned,38,C.1.38,0.2156124,-0.0367942,-0.2344731,0.2200202959652046,-0.045469894733027066,-0.23151151064005338,-225.25104748904013,0.26056663566972216,-0.06420909564066755,0.0016491469066027276,0.010037357817579898,0.010171933812097354
adexius_scrobipennis_trochanter_aligned,39,C.1.39,0.2358759,-0.02850717,-0.2066981,0.23846421846566745,-0.0324955270394951,-0.2057757170163179,-232.7735567249256,0.2590007779869485,-0.07351666240059604,8.32892238290528e-05,0.004842544540630017,0.00484326075312816
adexius_scrobipennis_trochanter_aligned,40,C.1.40,0.2536113,-0.02087785,-0.1770676,0.253822818724579,-0.02097992466647304,-0.17710107793199525,-240.3597741416744,0.2587796727206667,-0.0823136931507347,-0.00013781604245272083,0.00019309821013271713,0.00023723444166857656
adexius_scrobipennis_trochanter_aligned,41,C.1.41,0.2776112,-0.008820442,-0.1329944,0.2698027622237834,-0.007655404496358736,-0.1318885448094671,-251.31009852562104,0.2651075805416193,-0.09351703587784577,0.006190091778499884,-0.005023414413137218,0.007971946349064672
adexius_scrobipennis_trochanter_aligned,42,C.1.42,0.2885822,0.0008561124,-0.08349843,0.27809527235457515,0.0012201992387719518,-0.08336235166892283,-262.31628086750396,0.2675216600790703,-0.10051889903211907,0.00860417131595087,-0.0060079084500765535,0.010494128261972591
adexius_scrobipennis_trochanter_aligned,43,C.1.43,0.2831892,0.007504279,-0.03260077,0.27837896207336743,0.00507268939963193,-0.03299022334876584,-273.43208524465376,0.26427427017013555,-0.10130074207744588,0.00535678140701612,-0.0007124491306358743,0.005403951406729822
adexius_scrobipennis_trochanter_aligned,44,C.1.44,0.2795952,0.006882917,0.006404974,0.2732694592031812,0.004371810018507449,0.0048004599298212755,-281.81856650307,0.2657014442305718,-0.10686841547593051,0.006783955467452363,-0.0016950128371380551,0.006992504580080008
adexius_scrobipennis_trochanter_aligned,45,C.1.45,0.2718613,0.000748111,0.04431671,0.2638896460573282,0.0005541427492948281,0.04110845353572529,-290.10656171800827,0.26606199347516096,-0.11448314544651934,0.007144504712041533,-0.004778478023824586,0.008595219590246483
adexius_scrobipennis_trochanter_aligned,46,C.1.46,0.2662285,-0.0103993,0.08144844,0.2512141840016748,-0.00595031189202247,0.07397190484473222,-297.98160630599307,0.2701878981732583,-0.12720484312025532,0.011270409410138849,-0.01319468187332678,0.017352860225635557
archarius_pyrrhoceras_trochanter_aligned,1,C.1.01,0.03317016,0.05398932,-0.3600163,0.03520720214528436,0.07367481690141169,-0.4003054376324229,160.27818714937803,0.21116372074524561,0.10157500015797494,-0.03940829004446636,-0.021491152037354327,0.044887447467209206
archarius_pyrrhoceras_trochanter_aligned,2,C.1.02,0.07233674,0.08918969,-0.339842,0.08467947680099668,0.10542680497155568,-0.36973802261985544,145.18636520073468,0.2161277918779848,0.10427615195794393,-0.034444218911727165,-0.011106529898493173,0.036190595778808406
archarius_pyrrhoceras_trochanter_aligned,3,C.1.03,0.1070514,0.1209686,-0.3087759,0.12367437950356822,0.132698600036482,-0.32673397747391963,130.5799293100287,0.22360505710087822,0.104914447536504,-0.026966953688833756,-0.003031881220547495,0.027136854920775492
archarius_pyrrhoceras_trochanter_aligned,4,C.1.04,0.1317066,0.1461567,-0.2647567,0.15121656812130121,0.15403015762547032,-0.274386914459931,116.26164109662852,0.22764505061860482,0.1037752844056401,-0.022926960171107152,0.003118608492740991,0.023138090275961202
archarius_pyrrhoceras_trochanter_aligned,5,C.1.05,0.1507664,0.163509,-0.2099048,0.16709882038101798,0.16874670576127065,-0.21248605778245122,101.325363631511,0.23385507252406643,0.09767715329023907,-0.016716938265645548,0.004624757713221502,0.017344866931844834
archarius_pyrrhoceras_trochanter_aligned,6,C.1.06,0.156391,0.1709044,-0.1500139,0.16920437543940942,0.1743656852408393,-0.14860660984025484,86.71377205692887,0.23809073960575983,0.09034220405090015,-0.012481271183952147,0.004728786408379133,0.01334704279094916
archarius_pyrrhoceras_trochanter_aligned,7,C.1.07,0.1456073,0.1678244,-0.09045368,0.15824129523352715,0.17058434118431512,-0.08580927221811281,72.17120728442427,0.2380865576478442,0.08394709867198151,-0.012485453141867775,0.005737516395474847,0.013740656263298331
archarius_pyrrhoceras_trochanter_aligned,8,C.1.08,0.1332065,0.1592044,-0.05020681,0.1432657398540473,0.16224999537628454,-0.044352877199482416,61.96918741469557,0.23931668602934678,0.07726412965924573,-0.011255324760365198,0.004248546976200711,0.012030481572666781
archarius_pyrrhoceras_trochanter_aligned,9,C.1.09,0.1184399,0.1460883,-0.01202368,0.12338814691899232,0.1496797266748578,-0.007265828212277087,51.982341878788105,0.24285828113719427,0.06865156308064702,-0.007713729652517709,0.0007204315470631371,0.007747299320804325
archarius_pyrrhoceras_trochanter_aligned,10,C.1.10,0.09844705,0.1293898,0.02217293,0.0993194883106963,0.13319871157952784,0.024941517921630962,42.1007602342826,0.24627082320262342,0.0607946078951166,-0.004301187587088556,-0.002105663896994863,0.004788949269561408
archarius_pyrrhoceras_trochanter_aligned,11,C.1.11,0.0600943,0.09852521,0.06695842,0.05624972322692538,0.1013584306627465,0.06324884378666587,27.102229767223054,0.25383445724783216,0.050172607370540155,0.003262446458120183,-0.005091690159299955,0.006047219656206723
archarius_pyrrhoceras_trochanter_aligned,12,C.1.12,0.01493883,0.05928287,0.09612191,0.00934011547632576,0.06383122486767284,0.08627638910443974,12.450581235517776,0.25932679940709913,0.03930074501573422,0.008754788617387155,-0.008504180988764634,0.012205220933059665
archarius_pyrrhoceras_trochanter_aligned,13,C.1.13,-0.03472626,0.01541954,0.1023231,-0.03906434125362969,0.0219595412213328,0.09364483910988186,-2.221434139007336,0.2578070811431142,0.03113972273219267,0.0072350703534022065,-0.009195462685281338,0.011700546013544918
archarius_pyrrhoceras_trochanter_aligned,14,C.1.14,-0.07968755,-0.02099545,0.09403814,-0.08043865563562282,-0.016904562532155745,0.08669281129201262,-15.2381506285987,0.25740209666336145,0.028748010595564834,0.006830085873649472,-0.004960171442338126,0.00844117135111077
archarius_pyrrhoceras_trochanter_aligned,15,C.1.15,-0.1211237,-0.05453807,0.07007585,-0.1181395457476418,-0.0558327487478787,0.0673074647364115,-28.3384770338466,0.25418939859683365,0.02931013798775156,0.0036173878071216747,0.0022715263772665017,0.004271454861019869
archarius_pyrrhoceras_trochanter_aligned,16,C.1.16,-0.1551328,-0.08780844,0.0361242,-0.15003753104403939,-0.09321828773977255,0.03616806989814092,-41.58156046588829,0.2521615246121221,0.027556085196752445,0.0015895138224101268,0.007259723732858436,0.007431698518445218
archarius_pyrrhoceras_trochanter_aligned,17,C.1.17,-0.1825743,-0.1224602,-0.002124141,-0.1735645213007384,-0.12655570860540846,-0.004320712048689307,-54.665377442114135,0.2567377004771841,0.02168246272379033,0.006165689687472109,0.008047266492193672,0.010137762441415888
archarius_pyrrhoceras_trochanter_aligned,18,C.1.18,-0.1909605,-0.1484145,-0.05382496,-0.18770467073871455,-0.15479454779714996,-0.05218030252754545,-67.71668823409095,0.24946976462950388,0.014256623709924662,-0.001102246160208098,0.007266043330215364,0.007349172216941252
archarius_pyrrhoceras_trochanter_aligned,19,C.1.19,-0.1863431,-0.1676064,-0.1088424,-0.19156219942276603,-0.17731264983315126,-0.1063545899347163,-81.10046394516372,0.24058005658735837,0.005449303982355968,-0.009991954202353603,0.005272602274708338,0.011297764536809597
archarius_pyrrhoceras_trochanter_aligned,20,C.1.20,-0.1765094,-0.1857806,-0.1699032,-0.18237950771068048,-0.19383236210322718,-0.17033818714747198,-96.29748743054864,0.24108474671238528,-0.004482980141734575,-0.009487264077326696,0.003077348151816501,0.00997387844925041
archarius_pyrrhoceras_trochanter_aligned,21,C.1.21,-0.1505745,-0.192407,-0.2285469,-0.1590323894105145,-0.20006067642420017,-0.23274297995105742,-111.54099832747374,0.23843545329006702,-0.014668557258368074,-0.012136557499644957,0.0006524684669223334,0.012154083389647984
archarius_pyrrhoceras_trochanter_aligned,22,C.1.22,-0.1136583,-0.1892495,-0.2812983,-0.12240150740703602,-0.1958333591630405,-0.2894545476667768,-126.95080302547807,0.23696187439984476,-0.02420534714960937,-0.013610136389867217,-0.0010389613526093449,0.013649734548444679
archarius_pyrrhoceras_trochanter_aligned,23,C.1.23,-0.07977137,-0.180698,-0.3233188,-0.08316569805103827,-0.18463655598388778,-0.3290844191093648,-139.8969070484229,0.24281301550172912,-0.029485332741390934,-0.0077589952879828505,0.00027210658135326906,0.007763765186464365
archarius_pyrrhoceras_trochanter_aligned,24,C.1.24,-0.04268777,-0.1673864,-0.3611985,-0.04026516508568703,-0.16824383663126713,-0.3580283775134665,-152.250182591444,0.2537162948291053,-0.033445258809362235,0.003144284039393319,0.0026014162694065787,0.004080917632973898
archarius_pyrrhoceras_trochanter_aligned,25,C.1.25,0.001789033,-0.1484047,-0.3866668,0.004879608991793155,-0.1478797110705931,-0.3765359794883539,-164.28021980220342,0.26073145344926596,-0.03913053590544502,0.010159442659553986,0.0030408095013452737,0.010604753536798362
archarius_pyrrhoceras_trochanter_aligned,26,C.1.26,0.05618492,-0.1228184,-0.3959347,0.05616624158254423,-0.12180768461796886,-0.38484005822234385,-177.51191205564078,0.2616634348855671,-0.047862194793080695,0.011091424095855118,0.0010456013423622945,0.011140600102385222
archarius_pyrrhoceras_trochanter_aligned,27,C.1.27,0.109816,-0.09479951,-0.3897397,0.10669146398716178,-0.09352851476625337,-0.38005363852765417,-190.73650791402338,0.2607621204679258,-0.0568066553269024,0.010190109678213821,-0.0011660213427559958,0.010256604751368373
archarius_pyrrhoceras_trochanter_aligned,28,C.1.28,0.1595346,-0.06601175,-0.3697731,0.1542476497928684,-0.06466401537418995,-0.36224939225969444,-204.03238149546954,0.2594273499228903,-0.0652306428845076,0.00885533913317832,-0.0028208825059244428,0.009293783367167024
archarius_pyrrhoceras_trochanter_aligned,29,C.1.29,0.203115,-0.04055171,-0.3420599,0.19399508182602324,-0.03870848350827723,-0.3343330117701243,-216.56519621067383,0.2614122013655027,-0.0741537464257401,0.01084019057579072,-0.005363344236327748,0.012094428184780426
archarius_pyrrhoceras_trochanter_aligned,30,C.1.30,0.2379931,-0.01700003,-0.3027622,0.2270738391002045,-0.015466017141011548,-0.2968788300491857,-229.10705151429102,0.26127853949149626,-0.08162295149795586,0.01070652870178429,-0.006447304800097476,0.01249789966464323
archarius_pyrrhoceras_trochanter_aligned,31,C.1.31,0.2637784,0.002960789,-0.2553048,0.2521059438513188,0.003736703514040207,-0.2515018314137295,-241.68449079883445,0.26094258676823856,-0.08819429285506933,0.010370575978526586,-0.006615285316428318,0.012300847366915205
archarius_pyrrhoceras_trochanter_aligned,32,C.1.32,0.2792239,0.0158954,-0.2109346,0.2661226908086327,0.015877985197696287,-0.2086614544422538,-252.30209678783558,0.26184875114169415,-0.09403045955423531,0.011276740351982173,-0.007045871366409152,0.013296961167048954
archarius_pyrrhoceras_trochanter_aligned,33,C.1.33,0.2864367,0.02479191,-0.1635703,0.2732168777321614,0.02368790975315979,-0.1631863936543787,-262.92000998143016,0.2621107309616144,-0.09894683637073606,0.011538720171902439,-0.006556511131310949,0.013271394102371922
archarius_pyrrhoceras_trochanter_aligned,34,C.1.34,0.2813453,0.02905852,-0.1152946,0.2732215114698642,0.026754160641462382,-0.11622255921948182,-273.62478658788217,0.25855112983073547,-0.10075589541769232,0.007979119041023497,-0.0029156096751528564,0.008495123333340602
archarius_pyrrhoceras_trochanter_aligned,35,C.1.35,0.2688979,0.02949826,-0.07961205,0.26827629470710745,0.02561186489808269,-0.07970056561638139,-282.0069730905453,0.25337691940169016,-0.09934539404214594,0.002804908611978185,0.0027623871417947563,0.0039367874012578175
archarius_pyrrhoceras_trochanter_aligned,36,C.1.36,0.2533587,0.02897241,-0.04516458,0.2589150727238685,0.021174546812576633,-0.04350987124866272,-290.5648074513886,0.2505228925461081,-0.09674793271982632,-4.911824360387396e-05,0.009716768834660019,0.00971689298016987
archarius_pyrrhoceras_trochanter_aligned,37,C.1.37,0.2297236,0.02465204,-0.01599132,0.24549929034150544,0.013477551835317042,-0.009297784690889557,-299.10024293820754,0.2432205035507384,-0.09171832612699725,-0.00735150723897357,0.019091892199133507,0.020458372526376965
b_porcatus_trochanter_aligned,1,C.1.01,-0.1019119,-0.002832144,-0.3986142,-0.11516950311341113,-0.0028084899398721497,-0.4437425407842155,-164.83138971266314,0.24500967651828315,0.13449465527877014,-0.04384779328167382,-0.01702065704052513,0.04703543070668726
b_porcatus_trochanter_aligned,2,C.1.02,-0.05725223,0.02146825,-0.4070581,-0.06105827783755442,0.023880177822023035,-0.45089961820000546,-176.8272038905119,0.2468854216058186,0.13118706743750616,-0.041972048194138356,-0.013443559217362724,0.04407246435181284
b_porcatus_trochanter_aligned,3,C.1.03,-0.01371442,0.0486492,-0.4023563,-0.008102227181138719,0.05305992694006783,-0.4457595391731146,-188.80782393950759,0.24596610632329055,0.1280015422667456,-0.042891363476666416,-0.0097531189989152,0.043986275030906054
b_porcatus_trochanter_aligned,4,C.1.04,0.02755523,0.07586008,-0.3877776,0.04169056078642068,0.08329130752114985,-0.4284670411401267,-200.80486944461285,0.24569319004308984,0.12397678806211652,-0.043164279756867124,-0.0068924808508526985,0.04371111230806717
b_porcatus_trochanter_aligned,5,C.1.05,0.07825572,0.1196626,-0.3491733,0.10631332488097497,0.1273719750457412,-0.3810381031518653,-218.9081415647257,0.24577703303845902,0.12295025780820831,-0.04308043676149795,0.0024708912559058367,0.0431512379331107
b_porcatus_trochanter_aligned,6,C.1.06,0.1200984,0.1616693,-0.2995333,0.1521737702086297,0.16407942317710908,-0.31429850294613193,-236.49844020114813,0.2557928285047268,0.12300840293960931,-0.03306464129523018,0.01262453095396857,0.03539278578736001
b_porcatus_trochanter_aligned,7,C.1.07,0.1509834,0.1925321,-0.2357141,0.17676061232666496,0.18945396352900945,-0.23770938875304803,-253.17949259658707,0.26855398994279656,0.11711019978085874,-0.02030347985716041,0.01629998412164659,0.026036911811427456
b_porcatus_trochanter_aligned,8,C.1.08,0.1627496,0.2038729,-0.154356,0.1810613309308672,0.2030195698645489,-0.15161579431410013,-270.44144890578855,0.2742399698084927,0.10229987833657342,-0.014617499991464278,0.011396713701990089,0.018535274187494125
b_porcatus_trochanter_aligned,9,C.1.09,0.1521515,0.1977039,-0.07228206,0.16439586370861703,0.20190281599703938,-0.06732576974585786,-287.4378049868895,0.27573025839927345,0.08559787061223145,-0.013127211400683514,0.004449322656782633,0.013860741367704528
b_porcatus_trochanter_aligned,10,C.1.10,0.1232894,0.1784529,0.00310266,0.12910786790589307,0.1859271207467914,0.008971517307611448,-304.36207442481526,0.2778222561411529,0.06989060610255557,-0.011035213658804055,-0.001544697428405829,0.011142801741069398
b_porcatus_trochanter_aligned,11,C.1.11,0.08196867,0.1502831,0.05923419,0.0839332319709306,0.15920056522022757,0.0661302527155691,-319.701209343365,0.27838756217645816,0.0580147283099763,-0.010469907623498809,-0.004617077541482051,0.011442743144397563
b_porcatus_trochanter_aligned,12,C.1.12,0.03232942,0.1143788,0.1028063,0.030232082090672255,0.12250880185421856,0.10758586086528377,-334.945884010696,0.2818794944287793,0.04720061888525131,-0.006977975371177669,-0.006681902291989201,0.009661260710717441
b_porcatus_trochanter_aligned,13,C.1.13,-0.02349567,0.07216289,0.1302488,-0.02737288223749787,0.07841110437086327,0.1307705235927799,-349.99836636556336,0.28674589607366335,0.038180509102837684,-0.002111573726293614,-0.007063031181055008,0.007371916512422583
b_porcatus_trochanter_aligned,14,C.1.14,-0.0794647,0.02902945,0.134941,-0.08174275590009053,0.032190686185042824,0.13515598120864272,-364.124052750977,0.28780869184615687,0.03337758242261323,-0.0010487779538000952,-0.003758887418539389,0.0039024568955506587
b_porcatus_trochanter_aligned,15,C.1.15,-0.1339384,-0.01515364,0.1251639,-0.13235197539477944,-0.01583593030655959,0.1227242913990404,-378.1252678663613,0.29170663452960494,0.030004281830465777,0.0028491647296479683,0.0009034453827876283,0.00298897193301484
b_porcatus_trochanter_aligned,16,C.1.16,-0.1824405,-0.06025365,0.1000929,-0.1757896866305252,-0.06285805329539992,0.09498617373834908,-391.90757707419226,0.29628722592202406,0.025869899433765466,0.007429756122067088,0.0046790610253251794,0.0087803694746924
b_porcatus_trochanter_aligned,17,C.1.17,-0.2142309,-0.09694995,0.06154703,-0.206337674838953,-0.10183261518998442,0.05953462418872171,-403.9318536940867,0.2941823537093811,0.022153583185523205,0.00532488390942415,0.00786376572011742,0.009497010053155567
b_porcatus_trochanter_aligned,18,C.1.18,-0.2357667,-0.1302651,0.01390923,-0.22856974148816772,-0.13759622262472762,0.014933500905029956,-416.0429431060657,0.2909904973598409,0.017440501920823723,0.0021330275598839266,0.01010152934339621,0.010324277294160555
b_porcatus_trochanter_aligned,19,C.1.19,-0.2461034,-0.1593563,-0.03984851,-0.2411444313782429,-0.16877271170906183,-0.037041875587145556,-428.26495254444103,0.2875288555361897,0.011250224754533683,-0.0013286142637672915,0.010925756730389957,0.011006242591981465
b_porcatus_trochanter_aligned,20,C.1.20,-0.2422997,-0.190217,-0.1164129,-0.24117631841401446,-0.20100011150987257,-0.11390523753203884,-444.74687326803127,0.28366521982605836,0.0007071706530665992,-0.0051922499738986105,0.009842072509580965,0.01112770646069076
b_porcatus_trochanter_aligned,21,C.1.21,-0.2201092,-0.2098193,-0.1935641,-0.2211977031802264,-0.22027691054113982,-0.19330744763357588,-461.3820312927654,0.28188609203624915,-0.010807434500851466,-0.00697137776370782,0.007874783801247667,0.010517239554213504
b_porcatus_trochanter_aligned,22,C.1.22,-0.1845688,-0.220417,-0.2674117,-0.18281952219066058,-0.2252986426940905,-0.26704837692594086,-477.8510999641732,0.28735349198915205,-0.023158223471459658,-0.0015039778108049129,0.004975988610091975,0.0051983085617495085
b_porcatus_trochanter_aligned,23,C.1.23,-0.1328975,-0.2200252,-0.3337738,-0.12937004443716887,-0.21671622447400551,-0.3290602628170628,-494.12799758236764,0.29560449642511,-0.03718040408897119,0.00674702662515303,0.00029551019235684494,0.006753494988101378
b_porcatus_trochanter_aligned,24,C.1.24,-0.06591583,-0.1986696,-0.3799385,-0.06440882167076611,-0.1959734920598562,-0.3750947833879823,-510.3969372683992,0.29459434433167303,-0.04711293813588748,0.005736874531716063,-0.0002998889030471368,0.00574470736824976
b_porcatus_trochanter_aligned,25,C.1.25,0.006578475,-0.1646342,-0.4056376,0.007893993938636212,-0.165051049717842,-0.4014632930340684,-526.7981703864886,0.2927940801660472,-0.05426848668498499,0.003936610366090221,0.0019576238751586304,0.004396497743772918
b_porcatus_trochanter_aligned,26,C.1.26,0.06185765,-0.1383073,-0.4115892,0.06169791457238976,-0.13799606378842355,-0.4066185252893254,-538.7316595887592,0.29378719117903224,-0.06234850210338051,0.004929721379075269,0.0007265243218630614,0.004982970044618985
b_porcatus_trochanter_aligned,27,C.1.27,0.1162249,-0.1106487,-0.4036151,0.11385929331762877,-0.10880085738857324,-0.39963569595442855,-550.6134391286103,0.2934479094942924,-0.07183697876516269,0.004590439694335424,-0.0019427138911490623,0.004984603680353572
b_porcatus_trochanter_aligned,28,C.1.28,0.1674666,-0.0825285,-0.3844342,0.1624786827064351,-0.07887950031075544,-0.38083106202185285,-562.4800939815739,0.29404761597072354,-0.08162818594721197,0.005190146170766574,-0.00492336304523582,0.007153818627077228
b_porcatus_trochanter_aligned,29,C.1.29,0.2156962,-0.05226989,-0.3517359,0.20840654734469874,-0.047790456789018027,-0.34853790808944307,-575.1536894619455,0.2947829423502838,-0.09092978290479668,0.005925472550326827,-0.0069512793816606765,0.009134085065652529
b_porcatus_trochanter_aligned,30,C.1.30,0.2562975,-0.02350712,-0.3089021,0.2460109938965288,-0.019466268554791222,-0.30530574055630344,-587.7756318404195,0.2971241186980142,-0.09939181121716509,0.008266648898057227,-0.008169272027758138,0.011622155112855005
b_porcatus_trochanter_aligned,31,C.1.31,0.2868436,0.002461356,-0.2569095,0.2737226658518197,0.004432954389283067,-0.253405211519967,-600.3157324458749,0.2999429199851004,-0.10650903806063633,0.011085450185143453,-0.008089434162752348,0.013723197545790815
b_porcatus_trochanter_aligned,32,C.1.32,0.2992896,0.02397435,-0.1971242,0.29058113132839086,0.02255212578309787,-0.19552655963126675,-612.7455852953474,0.2971851478878581,-0.10887941051872949,0.008327678087901136,-0.0033260157455488274,0.00896730745961945
b_porcatus_trochanter_aligned,33,C.1.33,0.2992463,0.03963794,-0.1343016,0.29626824429511517,0.0340804853418093,-0.13327010118415256,-625.2986949312808,0.294471176497307,-0.10970761340025348,0.005613706697350007,0.003050312276221174,0.006388905060050389
b_porcatus_trochanter_aligned,34,C.1.34,0.2933063,0.04927886,-0.07055378,0.29050247312959665,0.037980110586725846,-0.07020252989220119,-637.8281693080033,0.29766186775853254,-0.11232464510899258,0.008804397958575572,0.007624246628252476,0.01164674031913598
b_porcatus_trochanter_aligned,35,C.1.35,0.283116,0.04714902,-0.02665575,0.2801154961414415,0.03599352308844392,-0.027795079433083417,-646.4498142415907,0.29805586035751763,-0.11781639564663011,0.009198390557560665,0.00708066504338612,0.011608023359127593
b_porcatus_trochanter_aligned,36,C.1.36,0.2766697,0.03402738,0.01602449,0.26597547182164116,0.030642478765572412,0.010125672570766672,-654.5018557551668,0.30072412746062316,-0.1339683268304712,0.011866657660666191,-0.004450006261300627,0.012673599321465898
b_porcatus_trochanter_aligned,37,C.1.37,0.2930189,0.03047369,0.05792233,0.2547360538902108,0.025412705356280763,0.03336640095302214,-659.6947434621298,0.32879092964014506,-0.1548481917384467,0.03993345984018809,-0.022349548281387226,0.04576224997954074
barypeithes_araneiformis_trochanter_aligned,1,C.1.01,0.1698656,0.1749544,-0.04303149,0.17758894290304422,0.17386188613252035,-0.04035023871481554,69.95476613450126,0.24246227176910679,0.1009184171563208,-0.006162582686950191,0.005482270991974378,0.008248194990598983
barypeithes_araneiformis_trochanter_aligned,2,C.1.02,0.1468358,0.1581829,0.01153199,0.1548858369654478,0.158985843514024,0.016731475817352653,55.46130275982405,0.24009418472421934,0.09208366751106195,-0.008530669731837637,0.004439610357109011,0.009616780448603415
barypeithes_araneiformis_trochanter_aligned,3,C.1.03,0.1186777,0.1359279,0.06153868,0.12205788186924452,0.13603866591375569,0.06493459430595161,41.09100416361531,0.24437648741167686,0.08213663260638429,-0.004248367044380114,0.0022184476523937043,0.004792716612755893
barypeithes_araneiformis_trochanter_aligned,4,C.1.04,0.08447451,0.1071422,0.1038511,0.08267293807329554,0.10702042492050351,0.10084518172666483,27.17832927250862,0.2518834397754896,0.07114310000893224,0.0032585853194326275,-0.0012952439766408053,0.003506570296321793
barypeithes_araneiformis_trochanter_aligned,5,C.1.05,0.04437485,0.07227063,0.1274854,0.04128483971215961,0.07496931693811795,0.12302802021316622,14.148166332973155,0.252647082763116,0.06090295618824302,0.004022228307059006,-0.004530009798984464,0.0060579954880308545
barypeithes_araneiformis_trochanter_aligned,6,C.1.06,0.002244895,0.03433565,0.140469,-0.001771608594211948,0.03984199707699254,0.13298223197382278,1.2103326961228675,0.25511056878793437,0.05070295098199354,0.00648571433187739,-0.007774275807925239,0.010124418735532993
barypeithes_araneiformis_trochanter_aligned,7,C.1.07,-0.04072061,-0.004845858,0.1393174,-0.044291209195518384,0.0030140466370692795,0.13047155723111492,-11.694120931414025,0.2563297619435177,0.04187451693456784,0.0077049074874607215,-0.009664916679432272,0.01236026754608072
barypeithes_araneiformis_trochanter_aligned,8,C.1.08,-0.08692166,-0.04551056,0.1142712,-0.09000753885671745,-0.039880935429416856,0.11225377148279714,-26.66636250098919,0.24985724541529974,0.036874310797138474,0.0012323909592427684,-0.00661562933284878,0.006729438234063269
barypeithes_araneiformis_trochanter_aligned,9,C.1.09,-0.1276153,-0.08003077,0.07467459,-0.12956232883686367,-0.08170496514816251,0.07774032635276545,-42.062276996841,0.244695926477322,0.035958399487753735,-0.003928927978734981,0.0007457311903698771,0.003999073651531973
barypeithes_araneiformis_trochanter_aligned,10,C.1.10,-0.1624005,-0.1194037,0.03399113,-0.15790424230607186,-0.11794620486994258,0.03099881822918446,-57.10432886642225,0.25415664333594773,0.02795862954491147,0.005531788879890753,0.0008329866904261597,0.0055941536480606565
barypeithes_araneiformis_trochanter_aligned,11,C.1.11,-0.1808236,-0.1489329,-0.02773161,-0.174331782201645,-0.1491478326915627,-0.0290091495353995,-73.07317835358586,0.2542186602224475,0.02208030832898805,0.005593805766390514,0.0035399630932181473,0.00661981885352235
barypeithes_araneiformis_trochanter_aligned,12,C.1.12,-0.178337,-0.158856,-0.09784937,-0.1750089805556158,-0.17127004982600477,-0.0959821082081658,-89.25768768250782,0.244569120678,0.022176932382175815,-0.004055733778056986,0.012337829494100635,0.012987340493879887
barypeithes_araneiformis_trochanter_aligned,13,C.1.13,-0.1522053,-0.158076,-0.16371,-0.15831630988901607,-0.18285447024491505,-0.16614757515389109,-106.02279855096788,0.2292821206762932,0.017651807385107198,-0.019342733779763782,0.01682609438039145,0.025637059156086144
barypeithes_araneiformis_trochanter_aligned,14,C.1.14,-0.1047511,-0.1550921,-0.2228125,-0.11956084371132486,-0.18169946999138548,-0.2387540667958667,-124.93178422051645,0.2163193542602924,0.0023972142466995965,-0.032305500195764586,0.011737497845032422,0.03437170636672968
barypeithes_araneiformis_trochanter_aligned,15,C.1.15,-0.0549853,-0.1561265,-0.2800504,-0.06368145467132998,-0.16667256769800873,-0.2964000443300709,-143.6942727891547,0.22738432670230993,-0.01769734576215412,-0.021240527753747046,0.0017301735233200164,0.021310877965923816
barypeithes_araneiformis_trochanter_aligned,16,C.1.16,0.00232178,-0.1511884,-0.3295026,-0.002863640390174463,-0.14331694442777793,-0.33080918434903195,-160.60470740369436,0.24862943313170574,-0.03803510667671707,4.578675648764241e-06,-0.009516067420167218,0.009516068521686795
barypeithes_araneiformis_trochanter_aligned,17,C.1.17,0.05302726,-0.1323601,-0.3460874,0.04643114547094093,-0.12125030692115217,-0.34370163043684354,-173.32933929853053,0.25280974069169704,-0.04781466660848372,0.004184886235640062,-0.01245451134081595,0.013138802287262077
barypeithes_araneiformis_trochanter_aligned,18,C.1.18,0.103833,-0.1074846,-0.3469204,0.09639158345445664,-0.09676739355219552,-0.34461433539159314,-186.0812178460677,0.2527178796786981,-0.05481743850563868,0.0040930252226411,-0.01260151866856207,0.013249570869552533
barypeithes_araneiformis_trochanter_aligned,19,C.1.19,0.1512999,-0.07942664,-0.3342573,0.14499212034950298,-0.07120510648687349,-0.3332837162373999,-198.93100980935213,0.25112577725730756,-0.05922754011355605,0.0025009228012505824,-0.010103214731543136,0.010408148863726204
barypeithes_araneiformis_trochanter_aligned,20,C.1.20,0.1951691,-0.0504302,-0.3128253,0.18981866863667524,-0.04618671499608184,-0.31002767654958036,-211.8470349780196,0.252864748495552,-0.062108561280611894,0.00423989403949504,-0.006040221540334448,0.0073797681347360445
barypeithes_araneiformis_trochanter_aligned,21,C.1.21,0.2307228,-0.0212835,-0.2794965,0.2284571665086059,-0.023448064327858356,-0.2760903490503728,-224.73350109499552,0.2531382396931277,-0.0619719371523151,0.004513385237070733,0.001024525177924899,0.004628206795121614
barypeithes_araneiformis_trochanter_aligned,22,C.1.22,0.2620161,-0.0001436993,-0.2370906,0.25904526157733154,-0.004501066269568713,-0.23347282354083343,-237.51549553945546,0.2545186112900081,-0.06738558403129301,0.005893756833951103,0.002482834012141387,0.006395376013151328
barypeithes_araneiformis_trochanter_aligned,23,C.1.23,0.2837538,0.01382192,-0.1684993,0.2850854575496062,0.012729485329581916,-0.16843391477548506,-254.07210599675645,0.24808904647943564,-0.07713144786592338,-0.0005358079766213386,0.0016382644409033468,0.00172365906319651
barypeithes_araneiformis_trochanter_aligned,24,C.1.24,0.2858927,0.01760328,-0.09533064,0.29424941077208494,0.01990475151928671,-0.09503400003081876,-271.1305285017525,0.2403803336067475,-0.08524872163142029,-0.008244520849309489,0.0026920730523120264,0.008672910777454372
barypeithes_araneiformis_trochanter_aligned,25,C.1.25,0.2752144,0.01273471,-0.02297927,0.28469320366246337,0.014795685775458908,-0.019708733515182944,-288.6015041030593,0.23916512021349953,-0.09342149393216481,-0.009459734242557444,0.003912183147203147,0.010236784110113703
brachysomus_hirtus_trochanter_aligned,1,C.1.01,0.1059321,0.0634298,-0.312637,0.11500823995736562,0.0680426295898928,-0.32572707830800135,142.5330921290187,0.2425371313883449,0.11834935615168365,-0.016440883291550884,-0.0021684141795995033,0.0165832645598111
brachysomus_hirtus_trochanter_aligned,2,C.1.02,0.1375566,0.08589608,-0.2764703,0.14765505640887738,0.0915216784130223,-0.28611232607414333,130.10406607088103,0.2440193830319008,0.11230454030815198,-0.014958631647994991,-0.0016835038998050556,0.015053067666128905
brachysomus_hirtus_trochanter_aligned,3,C.1.03,0.1608492,0.1050748,-0.2328525,0.17129627102256184,0.11146176555065743,-0.23927496577708074,117.74603048066619,0.24522116937081684,0.10610568720381389,-0.013756845309078947,-0.0013899265072591118,0.013826882821283673
brachysomus_hirtus_trochanter_aligned,4,C.1.04,0.1771964,0.1194039,-0.1844757,0.18508174257761262,0.12666144368455828,-0.18783420306688262,105.55255961199963,0.24808119542821466,0.0983712864921333,-0.010896819251681122,-0.0027183526162057924,0.011230766258356652
brachysomus_hirtus_trochanter_aligned,5,C.1.05,0.1843576,0.1321167,-0.1210487,0.18843072621966528,0.13781840267527518,-0.12170188212867535,90.75513909709042,0.25250761946149647,0.09054790745484304,-0.006470395218399316,-0.0027677433424181854,0.007037500798705859
brachysomus_hirtus_trochanter_aligned,6,C.1.06,0.1714806,0.1385915,-0.05758135,0.17721769070982785,0.1399127225679398,-0.05563248909621357,75.98065968890278,0.2532217419273935,0.08786092565699263,-0.005756272752502289,0.0023072108069991577,0.006201443195670951
brachysomus_hirtus_trochanter_aligned,7,C.1.07,0.1494061,0.1347154,0.003521264,0.15288166182830157,0.1325714403952421,0.005434419865282744,61.405749097454404,0.25689435217863354,0.08189595062250087,-0.00208366250126224,0.003999326037581874,0.004509574056831366
brachysomus_hirtus_trochanter_aligned,8,C.1.08,0.1151672,0.1185384,0.0606393,0.11581804614986402,0.11523691442969894,0.060191815307163526,46.341111032912515,0.2606422780258976,0.07294094586046516,0.0016642633460018375,0.0029586952778508364,0.0033946502370674225
brachysomus_hirtus_trochanter_aligned,9,C.1.09,0.07020362,0.09243117,0.1052846,0.0699578774064953,0.08904579641130161,0.10249332677814597,31.429668117122333,0.26287772057631453,0.06417435141630014,0.003899705896418748,0.0020259920724905963,0.004394581886409495
brachysomus_hirtus_trochanter_aligned,10,C.1.10,0.0203799,0.05787516,0.1372201,0.019172450333145703,0.05577758315747286,0.12990728864665935,16.75103995347594,0.26665935132350993,0.05386055029495558,0.007681336643614145,-0.0005762296116222012,0.007702919783941723
brachysomus_hirtus_trochanter_aligned,11,C.1.11,-0.03928316,0.01187973,0.1461046,-0.039484436998905845,0.01222975703811651,0.14179809423930767,0.43091002000479056,0.2630749975700916,0.044475824638739066,0.004096982890195833,-0.0013869947447701534,0.004325392840491762
brachysomus_hirtus_trochanter_aligned,12,C.1.12,-0.096743,-0.03650177,0.1355294,-0.09623524353234504,-0.03601303679784461,0.13313787960928772,-16.104643595373588,0.26137239079032004,0.036480694732992716,0.0023943761104242567,-0.0006949889167151746,0.002493200062675898
brachysomus_hirtus_trochanter_aligned,13,C.1.13,-0.1463989,-0.08545497,0.1056609,-0.14546151815790961,-0.08525668441214276,0.10433181845130457,-32.721329699021666,0.26061640917213746,0.028457021053466425,0.0016383944922416793,1.1096986413912833e-05,0.0016384320722310408
brachysomus_hirtus_trochanter_aligned,14,C.1.14,-0.1791728,-0.1264291,0.06236952,-0.17940579357802275,-0.1274013357776054,0.06318699982647165,-47.70259107858774,0.2580256202505356,0.021447560776364828,-0.0009523944293601816,0.0008722078492352973,0.001291433963214522
brachysomus_hirtus_trochanter_aligned,15,C.1.15,-0.2027314,-0.1634853,0.01041744,-0.20079074830030613,-0.16497616651031075,0.010517360190370098,-62.71966171705557,0.2599405244824563,0.01493816146165025,0.0009625098025605183,0.002252192464135675,0.0024492439681531235
brachysomus_hirtus_trochanter_aligned,16,C.1.16,-0.2092463,-0.193505,-0.05027455,-0.20778607822648038,-0.19567119914987696,-0.04967531773826558,-77.68950275255527,0.2590755917659961,0.007499871928783956,9.757708610030891e-05,0.0026784742672947208,0.002680251049489911
brachysomus_hirtus_trochanter_aligned,17,C.1.17,-0.1901579,-0.2098604,-0.1141521,-0.19946602203816416,-0.21826776087997973,-0.11440946858838956,-92.9118420116109,0.246609816389782,-0.0010737411333400203,-0.012368198290113791,0.002102085271887486,0.012545560626526845
brachysomus_hirtus_trochanter_aligned,18,C.1.18,-0.1593626,-0.2175652,-0.1750168,-0.17419668464109508,-0.23146287531254575,-0.18136536228696193,-108.95574753166291,0.23781715719635896,-0.009213477230278157,-0.021160857483536827,0.0023911921514163923,0.02129553214511327
brachysomus_hirtus_trochanter_aligned,19,C.1.19,-0.126114,-0.2243039,-0.2346938,-0.13346734943300914,-0.23327990185620376,-0.24191263114845923,-125.04899246904579,0.24545491481636733,-0.018090258300803654,-0.013523099863528454,0.0019691750652267737,0.013665719167188907
brachysomus_hirtus_trochanter_aligned,20,C.1.20,-0.09029892,-0.2261303,-0.2789946,-0.09242552744376525,-0.22690666646225144,-0.2816639450074302,-137.70852756195998,0.2556448475263277,-0.027778250405608485,-0.003333167153568073,-0.0010679904487654029,0.0035000866949661653
brachysomus_hirtus_trochanter_aligned,21,C.1.21,-0.04514332,-0.2197792,-0.3131895,-0.04658093318874308,-0.21463019134572597,-0.31166158691919965,-150.07058858517246,0.2620414519728502,-0.03784472898043171,0.0030634372929544407,-0.004639923721016707,0.005559994620925257
brachysomus_hirtus_trochanter_aligned,22,C.1.22,0.004850225,-0.2015279,-0.3335876,0.0031982434721564354,-0.19710973549806202,-0.3315321473482664,-162.4866134099118,0.26218385208493383,-0.04375221500816148,0.003205837405038048,-0.004024513966990122,0.005145299421611916
brachysomus_hirtus_trochanter_aligned,23,C.1.23,0.05564226,-0.1772568,-0.3445783,0.0548675612832556,-0.17531440903510867,-0.34014111130651015,-174.97903368006163,0.26378473535836866,-0.04726905741128843,0.0048067206784728755,-0.0009783253972953357,0.004905271069354994
brachysomus_hirtus_trochanter_aligned,24,C.1.24,0.1043047,-0.1470032,-0.3420246,0.10585969223951755,-0.15061722222862572,-0.33685067884012687,-187.47555696478534,0.26315561369929885,-0.04787633180738236,0.0041775990194030665,0.004979586743458317,0.006499893668556716
brachysomus_hirtus_trochanter_aligned,25,C.1.25,0.152398,-0.1184371,-0.3293452,0.15362834013992094,-0.12460921507545972,-0.3218642282696875,-199.89762058620852,0.2652978588755288,-0.05192321695994401,0.006319844195633029,0.007458769921191862,0.009776179181784275
brachysomus_hirtus_trochanter_aligned,26,C.1.26,0.1909623,-0.09892082,-0.3062333,0.18996519139670565,-0.10272166507353503,-0.3007014726639848,-210.32962627940518,0.2645272435427586,-0.06095771039269928,0.005549228862862798,0.0039048459051330576,0.006785408058124739
brachysomus_hirtus_trochanter_aligned,27,C.1.27,0.2252939,-0.08293968,-0.2751172,0.22144004912339954,-0.08187949157810158,-0.27264172984509133,-220.68013451226986,0.26308685200835824,-0.07258538656979266,0.004108837328462456,-0.0022850764462220697,0.0047015017342169636
brachysomus_hirtus_trochanter_aligned,28,C.1.28,0.2536437,-0.06649558,-0.2386729,0.2477475521307348,-0.06247642626752621,-0.2378905186623058,-231.17922605356736,0.26264659657399103,-0.08198635752773048,0.0036685818940952464,-0.006170233696172969,0.007178459234339295
brachysomus_hirtus_trochanter_aligned,29,C.1.29,0.269494,-0.05377385,-0.2128917,0.261895436195194,-0.05078154529018797,-0.2114257315563918,-238.2615307221035,0.26466754086374705,-0.08557596480582275,0.005689526183851268,-0.006039073989693951,0.008297055070910771
brachysomus_hirtus_trochanter_aligned,30,C.1.30,0.2809417,-0.04124022,-0.1847919,0.27291046891220033,-0.04048469510266904,-0.18300794267398274,-245.33565803667804,0.2660077548167437,-0.08759349399416494,0.007029740136847928,-0.004340132256690803,0.008261597569306904
brachysomus_hirtus_trochanter_aligned,31,C.1.31,0.2874129,-0.03095934,-0.1542933,0.28066915550397165,-0.0317789591769113,-0.1530422559156111,-252.4063715948453,0.2654172876967197,-0.0894681871475596,0.006439273016823899,-0.0025001479433750264,0.00690760282036817
brachysomus_hirtus_trochanter_aligned,32,C.1.32,0.2870862,-0.02463229,-0.1219445,0.2850990242745255,-0.024815175092241515,-0.12183779267276731,-259.504104807735,0.26078870500440055,-0.09154254838281739,0.00181069032450476,-0.0008456366378707812,0.0019984245731486895
brachysomus_hirtus_trochanter_aligned,33,C.1.33,0.2778583,-0.02278708,-0.0903524,0.28613335444265686,-0.019831484749026074,-0.09035081797288098,-266.5177816936219,0.2503797944569748,-0.09256980737250783,-0.008598220222921005,0.0018118169933733065,0.00878703999190424
brachysomus_hirtus_trochanter_aligned,34,C.1.34,0.2624596,-0.02428046,-0.06124476,0.2838220342983203,-0.01683749843080956,-0.058392340723323624,-273.59438482273475,0.23684765014497736,-0.09260990262350456,-0.02213036453491843,0.005489493360236004,0.022801043217371707
c_cinctus_trochanter_aligned,1,C.1.01,0.02365971,0.0484203,-0.3046309,0.031281951974212796,0.05121316025383735,-0.32822182155178203,161.51191327384305,0.21855986634745997,0.09171090163182477,-0.024788436966248523,-0.0028219875165521537,0.02494855147645351
c_cinctus_trochanter_aligned,2,C.1.02,0.05439703,0.06851789,-0.2912515,0.06439420818344432,0.07258727892109715,-0.31052424192757844,151.3693094612422,0.22132643824207696,0.0888559474112971,-0.022021865071631536,-0.0017261338292781669,0.022089411020435185
c_cinctus_trochanter_aligned,3,C.1.03,0.08382384,0.08804698,-0.2745088,0.09293729220392791,0.09246671617313018,-0.28708102708755484,141.52243813178026,0.22724579693906147,0.0855805951997052,-0.016102506374647024,-0.0011658736247356452,0.016144657718713075
c_cinctus_trochanter_aligned,4,C.1.04,0.1084421,0.1057899,-0.2498754,0.1168670321479222,0.11058424045084135,-0.2585371220689802,131.79934645459073,0.23039289547545724,0.08188761531573614,-0.012955407838251248,-0.001071456485585585,0.012999638889443258
c_cinctus_trochanter_aligned,5,C.1.05,0.1300732,0.1226615,-0.2164865,0.1374541580072694,0.12795576211450851,-0.2221358679654593,121.16674673047513,0.23275008328066915,0.0773679692432841,-0.01059822003303934,-0.0014494285020780432,0.010696873882184096
c_cinctus_trochanter_aligned,6,C.1.06,0.1460472,0.1368512,-0.1789252,0.15148001900614572,0.14194667543640815,-0.18198770110032758,110.65521696553635,0.23550546712795176,0.07289306779537076,-0.007842836185756735,-0.00182981579113027,0.008053465419686403
c_cinctus_trochanter_aligned,7,C.1.07,0.1562563,0.1480675,-0.1384611,0.15876090733238013,0.15207258983680208,-0.1396451394178669,100.2917277230583,0.23897970067982585,0.06853404461885258,-0.00436860263388264,-0.0021519904415596984,0.004869882116985006
c_cinctus_trochanter_aligned,8,C.1.08,0.1554638,0.1563382,-0.09333159,0.15919098679171484,0.15834907926389585,-0.09319426128485946,89.28447323513383,0.23913004041323732,0.06679926493779531,-0.00421826290047117,0.000400841705427604,0.004237265152229903
c_cinctus_trochanter_aligned,9,C.1.09,0.144545,0.1604559,-0.04895205,0.15213421797076698,0.15965763161842658,-0.046712629320298224,78.2401240348155,0.23733320605686548,0.06729896445468503,-0.006015097256843016,0.005202602405357043,0.007952890468094493
c_cinctus_trochanter_aligned,10,C.1.10,0.1295856,0.1588526,-0.005600512,0.1378701944335376,0.15577055391265265,-0.0019132638243084948,67.16201427230449,0.2376959636432649,0.06551292678349531,-0.005652339670443596,0.007731776534005938,0.009577542071005259
c_cinctus_trochanter_aligned,11,C.1.11,0.1107224,0.1509997,0.03755189,0.11638554109213248,0.14637583186869083,0.04046965703072285,55.78673400014069,0.24072279798445104,0.06077119417812553,-0.002625505329257455,0.007421011368860047,0.007871765238541427
c_cinctus_trochanter_aligned,12,C.1.12,0.08480313,0.1372886,0.07523228,0.08915259696159367,0.13187378017930285,0.077290407030145,44.50535942479486,0.2424383181578917,0.056142305780668283,-0.0009099851558167782,0.007186511701028245,0.00724389559648834
c_cinctus_trochanter_aligned,13,C.1.13,0.05504082,0.1175425,0.1069168,0.05754983587378036,0.11287321792625676,0.10722562764821882,33.35181157600596,0.24423443751139648,0.04984641412657712,0.0008861341976879877,0.005235216942883451,0.005309682688764564
c_cinctus_trochanter_aligned,14,C.1.14,0.02184517,0.09099108,0.1310693,0.02212178893260392,0.08950538369658319,0.12985872472504384,22.0563486030193,0.2449245465136372,0.04133593677398287,0.0015762431999287174,0.0011246161171150316,0.0019363119676840564
c_cinctus_trochanter_aligned,15,C.1.15,-0.01271519,0.0602219,0.1468527,-0.015028090597003291,0.06294532460577083,0.14385468125796952,10.839582451916185,0.24562562021657633,0.031771656983805546,0.0022773169028678375,-0.004070441604594582,0.004664189868830625
c_cinctus_trochanter_aligned,16,C.1.16,-0.04961894,0.02882713,0.153392,-0.05284221511812666,0.03374914506188913,0.1489000288500274,-0.4419639333690113,0.24658840263269252,0.024792171803611842,0.00324009931898403,-0.006655471130724159,0.007402265840185965
c_cinctus_trochanter_aligned,17,C.1.17,-0.07887256,0.004113362,0.1522561,-0.08175065897627311,0.009796278724133117,0.1464134513547931,-9.272260110311391,0.24788493312109638,0.020650395872404862,0.004536629807387893,-0.0073576171001699785,0.008643815095314925
c_cinctus_trochanter_aligned,18,C.1.18,-0.1072783,-0.02009407,0.1435995,-0.10930540295898004,-0.01462284671913721,0.13832708939058236,-18.119184118896943,0.24760656151793153,0.017950629210087377,0.004258258204223042,-0.006611276827952921,0.007863952201638835
c_cinctus_trochanter_aligned,19,C.1.19,-0.1334776,-0.04412764,0.1293222,-0.13478738580925664,-0.038986003838183875,0.12482479015818511,-26.979386306242866,0.24718673110794898,0.015310184800313946,0.0038384277942404843,-0.005800442107312237,0.006955476732178664
c_cinctus_trochanter_aligned,20,C.1.20,-0.1579948,-0.0667503,0.1072771,-0.15855124930891631,-0.06390298974360702,0.10520139099028648,-36.28165754635442,0.2452168825052654,0.014448434995716453,0.0018685791915569183,-0.0030387153909901274,0.003567264977901136
c_cinctus_trochanter_aligned,21,C.1.21,-0.1788776,-0.08806362,0.08065984,-0.17872358514713937,-0.08774673379560588,0.08032214621861011,-45.65420551422636,0.24377187320184365,0.01359388827701185,0.0004235698881351613,-0.00024241097601294536,0.0004880312811965916
c_cinctus_trochanter_aligned,22,C.1.22,-0.1964279,-0.1088284,0.05133905,-0.1945345411421999,-0.1097898553488876,0.05096663554805422,-55.036196919930305,0.24462547085984815,0.011918646085435018,0.001277167546139657,0.0017368764306710065,0.002155898113625205
c_cinctus_trochanter_aligned,23,C.1.23,-0.2057268,-0.1214654,0.02395144,-0.20360977601966462,-0.1255788518028994,0.02514726869576779,-62.44937956522648,0.24277807506480428,0.012038309445917439,-0.0005702282489042088,0.00474416718527758,0.004778313775560688
c_cinctus_trochanter_aligned,24,C.1.24,-0.2098473,-0.1311054,-0.005819977,-0.20949285604467846,-0.13975416786530873,-0.0026618717747677323,-69.90189427312214,0.2385809789801533,0.012276183759257663,-0.004767324333555201,0.007884989753816615,0.009214143732279197
c_cinctus_trochanter_aligned,25,C.1.25,-0.2119668,-0.1415747,-0.03552094,-0.21201555082595688,-0.1522372692664256,-0.032401614058308006,-77.49273694481,0.2372787211236351,0.010739368858833179,-0.0060695821900733915,0.00930500544722093,0.011109588396284904
c_cinctus_trochanter_aligned,26,C.1.26,-0.2100801,-0.1534183,-0.06570289,-0.210900481416238,-0.1627779237753958,-0.06373388109920969,-85.25387290870988,0.23747735040915904,0.006006229825930531,-0.005870952904549448,0.007595030673342688,0.009599613478492466
c_cinctus_trochanter_aligned,27,C.1.27,-0.2035207,-0.1641286,-0.09565382,-0.20610328821202997,-0.170860506767686,-0.09512644216952806,-92.94282707593072,0.23747002333342934,-0.000375252163173673,-0.00587827998027915,0.004208596256622277,0.007229554479897483
c_cinctus_trochanter_aligned,28,C.1.28,-0.1948363,-0.1731384,-0.125623,-0.19771817640648673,-0.176479331060038,-0.12620063729349795,-100.60898987504397,0.23902578261737123,-0.006513367016438034,-0.004322520696337262,0.0010566511452543082,0.0044497973901101535
c_cinctus_trochanter_aligned,29,C.1.29,-0.1836024,-0.1799674,-0.1559886,-0.18570661861480733,-0.17962571955615725,-0.1568132976190657,-108.36035976571755,0.24169767771545098,-0.012170530646430576,-0.0016506255982575158,-0.0015811523651679078,0.0022857400699770993
c_cinctus_trochanter_aligned,30,C.1.30,-0.1676236,-0.1811304,-0.1849409,-0.1702265762777616,-0.18020669062378092,-0.18622134523013467,-116.15956480283725,0.2414971223086535,-0.016044268905753854,-0.0018511810050549915,-0.0024168974715950927,0.0030443824499690113
c_cinctus_trochanter_aligned,31,C.1.31,-0.1489207,-0.1791505,-0.2121657,-0.1515331176822164,-0.17821974155385123,-0.21376149010684292,-123.98365437207421,0.24133910461512081,-0.01916517905882968,-0.0020091986985876775,-0.002490121299480289,0.003199622399054593
c_cinctus_trochanter_aligned,32,C.1.32,-0.1272113,-0.173766,-0.2392516,-0.12854147440272573,-0.17337911669582473,-0.24029865442163678,-132.30119459805124,0.24213588245222586,-0.021158097630889276,-0.001212420861482627,-0.001243141685097545,0.001736480807433658
c_cinctus_trochanter_aligned,33,C.1.33,-0.1038199,-0.1656584,-0.2641734,-0.10294726507019289,-0.16593813499267607,-0.26331599330331834,-140.56537728221326,0.24425230383466126,-0.02226362602175973,0.0009040005209527691,0.0008704439605618852,0.0012549460667142253
c_cinctus_trochanter_aligned,34,C.1.34,-0.07772429,-0.1553276,-0.2852979,-0.0753573056567704,-0.15617871169998748,-0.2823536808251804,-148.75801812340197,0.24625482820960362,-0.023766499386813612,0.0029065248958951295,0.0025588172240054,0.003872393646870741
c_cinctus_trochanter_aligned,35,C.1.35,-0.05546273,-0.1461713,-0.298389,-0.052813756900511884,-0.1471518216649661,-0.29424969907650966,-155.1013431942072,0.2473217670657733,-0.02574270389226195,0.00397346375206481,0.003053502769527861,0.005011216753692426
c_cinctus_trochanter_aligned,36,C.1.36,-0.03199417,-0.1360953,-0.308315,-0.029627592574807227,-0.13703610864065435,-0.3034594480591723,-161.41653005385464,0.24793121744057656,-0.028246303533996854,0.004582914126868065,0.003009832613882429,0.00548290016850915
c_cinctus_trochanter_aligned,37,C.1.37,-0.007527649,-0.1257104,-0.3149739,-0.006094524742704922,-0.1260036113207873,-0.30989632361242697,-167.69764851493338,0.24823135835829108,-0.03168354439965438,0.004883055044582585,0.0020192507072428006,0.0052840893242946125
c_cinctus_trochanter_aligned,38,C.1.38,0.02372297,-0.1097707,-0.3176367,0.02454518647658993,-0.1105855435342046,-0.3140586987140319,-175.80551984078093,0.24664001390834844,-0.03504257618222067,0.0032917105946399516,0.001818445622814976,0.003760598771738385
c_cinctus_trochanter_aligned,39,C.1.39,0.05490956,-0.09352902,-0.3164686,0.05505620400927412,-0.09411349960435016,-0.3134534866860416,-183.9432095348385,0.24619857800060935,-0.038877623150955984,0.0028502746869008555,0.0011532403819578766,0.0030747405043948573
c_cinctus_trochanter_aligned,40,C.1.40,0.08608216,-0.0779094,-0.3117741,0.08456582629193912,-0.07713283445433361,-0.3081043366511629,-192.03044293822222,0.24732787295058617,-0.04391078439584846,0.003979569636877678,-0.0007297331722125029,0.00404592202067539
c_cinctus_trochanter_aligned,41,C.1.41,0.1191767,-0.05971083,-0.3024901,0.11538000297261235,-0.05824819877342041,-0.29689244854128233,-200.91130937521737,0.2499280942145334,-0.04878380024200247,0.006579790900824917,-0.0021434206254127815,0.00692010840059777
c_cinctus_trochanter_aligned,42,C.1.42,0.1490891,-0.04016045,-0.287139,0.1437695503650461,-0.03967855118048213,-0.28040187458897053,-209.76381619281523,0.2517239960292786,-0.0520293994952918,0.008375692715570093,-0.001940738294895926,0.008597598129415539
c_cinctus_trochanter_aligned,43,C.1.43,0.1770992,-0.02317083,-0.2661769,0.1688971950636194,-0.022095959322918274,-0.25928790965748033,-218.50215115906067,0.25336036964549746,-0.05744783935095924,0.010012066331788971,-0.003955369471496985,0.010765055498611767
c_cinctus_trochanter_aligned,44,C.1.44,0.205332,-0.01289815,-0.2382895,0.19080226057109853,-0.005575491346454908,-0.2335719637903957,-227.3275917066614,0.2543106661663532,-0.06984595102003122,0.010962362852644736,-0.012915742572689983,0.016940773462774363
c_cinctus_trochanter_aligned,45,C.1.45,0.2193992,-0.001266115,-0.2015859,0.20928368973976996,0.009717720586185682,-0.2029623434684123,-236.45533703240227,0.24618860001294762,-0.07520967974270695,0.002840296699239131,-0.014723977156026994,0.014995425590189588
c_cinctus_trochanter_aligned,46,C.1.46,0.2295797,0.01160499,-0.1640221,0.22364627896740225,0.023290823718147793,-0.16732818577141415,-246.02000176897857,0.24170250711917005,-0.07762726509173877,-0.0016457961945384458,-0.013415876894644777,0.013516449162639582
c_cinctus_trochanter_aligned,47,C.1.47,0.2381614,0.02606987,-0.1246918,0.2328947417200128,0.03441385803362168,-0.12673555755736998,-256.1367993886558,0.24312628302006214,-0.07822624327037399,-0.00022202029364634668,-0.010074099348621515,0.010076545573592496
c_cinctus_trochanter_aligned,48,C.1.48,0.241095,0.04123238,-0.08480414,0.23582239686057066,0.041674644931903426,-0.08518087753137926,-266.06356832133935,0.24750963912503968,-0.07530843132340906,0.004161335811331185,-0.0032895527916107794,0.0053045144267370465
c_cinctus_trochanter_aligned,49,C.1.49,0.2362261,0.05112049,-0.04347441,0.23268960784943174,0.044990714172156915,-0.0435154741148427,-275.9029543783821,0.24971603877728987,-0.07276376699467686,0.006367735463581381,0.003087808245020315,0.007076907141694601
c_cinctus_trochanter_aligned,50,C.1.50,0.2239581,0.05142358,-0.005481347,0.22446012698986978,0.044426118702862796,-0.005202769425013534,-285.1015274902138,0.24691783370357281,-0.07338878782396774,0.0035695303898643227,0.0060458708193783794,0.007020975798902613
c_cinctus_trochanter_aligned,51,C.1.51,0.2076557,0.04512354,0.03041609,0.21125467280279644,0.04021015930830871,0.03177687005888871,-294.37108733656277,0.24303193011867366,-0.07681277375833216,-0.0003163731950348303,0.006232619467518105,0.006240643991241805
c_cinctus_trochanter_aligned,52,C.1.52,0.1922212,0.03513753,0.06585786,0.1935202388221265,0.03236980379072191,0.06616495348998751,-303.6372799164957,0.2438833479639032,-0.08362895367120877,0.0005350446501947159,0.0030258624993226733,0.0030728027340702073
c_glandium_trochanter_aligned,1,C.1.01,0.04617256,0.04478505,-0.3364431,0.05196378889409959,0.06609058787032207,-0.3742947030846967,154.89886249099905,0.20838584881454744,0.08525440990457324,-0.03982110578252032,-0.018289003974692835,0.04382017950817869
c_glandium_trochanter_aligned,2,C.1.02,0.08561666,0.06717799,-0.3130054,0.09656456650722094,0.09123898098542232,-0.3427742052293998,141.05786932188818,0.2122212924844063,0.08038933317966425,-0.035985662112661465,-0.01702944013145245,0.039811678046489885
c_glandium_trochanter_aligned,3,C.1.03,0.1174408,0.08935864,-0.2798118,0.1326171397246116,0.11217124109284496,-0.3006883025930781,127.4223481104066,0.21624651847587686,0.07853612653737488,-0.0319604361211909,-0.012848927563036757,0.03444654433432898
c_glandium_trochanter_aligned,4,C.1.04,0.1424849,0.1085951,-0.2396955,0.15843566625744132,0.12748952504822603,-0.25139701783005763,114.13932358423317,0.22213374203585393,0.07722846524157358,-0.026073212561213838,-0.008278849459162341,0.02735601874596734
c_glandium_trochanter_aligned,5,C.1.05,0.1575549,0.1223375,-0.1990856,0.1724145833090552,0.13585598434531695,-0.20412770983257986,102.63850474855965,0.22783557226513731,0.07667797947549579,-0.02037138233193045,-0.0037402219840674414,0.020711892202398892
c_glandium_trochanter_aligned,6,C.1.06,0.1660505,0.1325716,-0.155632,0.17808416823857404,0.13911653930751539,-0.15605850570130317,91.48056003848967,0.2345384422247578,0.07648034916797694,-0.013668512372309954,0.0009995391219846878,0.013705010358564846
c_glandium_trochanter_aligned,7,C.1.07,0.1641806,0.1355799,-0.1103268,0.17593157048840202,0.13735910716060049,-0.10816575351837265,80.44692251085223,0.2372455600953214,0.07567472617815696,-0.010961394501746352,0.005076301607712559,0.01207977679575997
c_glandium_trochanter_aligned,8,C.1.08,0.1547953,0.1314301,-0.06468432,0.1659744137780294,0.13037558757043433,-0.06077877305952212,69.19421478374731,0.23882484418687724,0.07292073611753891,-0.00938211041019052,0.00730163560317179,0.011888560814098215
c_glandium_trochanter_aligned,9,C.1.09,0.1389371,0.1215447,-0.02179676,0.1488380721034147,0.11838120482415845,-0.017006987117621275,58.03611581202479,0.24049613836197659,0.06913871997961073,-0.007710816235091178,0.008457079139607991,0.011444600237008695
c_glandium_trochanter_aligned,10,C.1.10,0.1187231,0.1068523,0.01775146,0.12563212313125538,0.10193119326174295,0.021358933542923814,47.05157774213777,0.24398570105587147,0.06401529552025126,-0.00422125354119629,0.008194313641872248,0.009217687211032718
c_glandium_trochanter_aligned,11,C.1.11,0.09202018,0.08517741,0.0529894,0.0959866814428817,0.08052607735876205,0.05466459249297892,35.67489277265429,0.246855074096896,0.056979270574491904,-0.0013518805001717649,0.0061924726917134115,0.006338319881826817
c_glandium_trochanter_aligned,12,C.1.12,0.06136428,0.0591561,0.08140914,0.062472402710578225,0.05578064486036967,0.07980913167781586,24.48283369336408,0.2503301624755221,0.04910136584348652,0.002123207878454325,0.003267054985347543,0.003896364969098067
c_glandium_trochanter_aligned,13,C.1.13,0.02681702,0.02913116,0.09956264,0.026327163828155017,0.028395655320860073,0.09635290681196781,13.380460497786638,0.2515358406266335,0.04096430169670927,0.003328886029565714,4.279185259869392e-05,0.003329161056555625
c_glandium_trochanter_aligned,14,C.1.14,-0.005521305,0.0006978007,0.1066048,-0.006928843796476352,0.0024812752521583756,0.10352691472449183,3.5474335051345527,0.2510624179168904,0.03402448536884908,0.0028554633198226154,-0.002545909256065568,0.003825614291976211
c_glandium_trochanter_aligned,15,C.1.15,-0.03838747,-0.02799826,0.1068288,-0.04037005499573862,-0.02439948334936741,0.1034498313159811,-6.317641126333726,0.25119291346205075,0.0278024496122206,0.002985958864982985,-0.004402648710796276,0.005319705444293574
c_glandium_trochanter_aligned,16,C.1.16,-0.07134485,-0.05599344,0.1010119,-0.0728139487280354,-0.05146308324310385,0.09610697148577052,-16.177521141353765,0.2528163183027003,0.022792895417059634,0.00460936370563253,-0.005049205222247201,0.006836717571113439
c_glandium_trochanter_aligned,17,C.1.17,-0.1104052,-0.08890583,0.08253739,-0.11025202144372062,-0.08435453766201939,0.07720453071467381,-28.440405278771877,0.253800132417622,0.018185705399974713,0.00559317782055424,-0.004230068042078586,0.007012639572440225
c_glandium_trochanter_aligned,18,C.1.18,-0.1449866,-0.1187659,0.05316476,-0.14271530707089894,-0.11515652789145288,0.04835673236346724,-40.690421247452456,0.2542280996547716,0.01474807998950944,0.006021145057703847,-0.002247060420970829,0.006426777446077082
c_glandium_trochanter_aligned,19,C.1.19,-0.1708651,-0.1421446,0.01152311,-0.16877091176354642,-0.14286659362331072,0.010630185820244081,-53.0165716487031,0.24993298971027542,0.013191579995512629,0.0017260351132076523,0.001650762109017848,0.0023883493782515673
c_glandium_trochanter_aligned,20,C.1.20,-0.1863387,-0.1566648,-0.02122338,-0.18277862308662177,-0.1603322755299563,-0.021290387643648434,-61.979333547306005,0.2493423923279373,0.012558748849541227,0.0011354377308695485,0.004983953809539433,0.005111654763019922
c_glandium_trochanter_aligned,21,C.1.21,-0.1933402,-0.1654191,-0.05859946,-0.19218849302495178,-0.17517253098177024,-0.056189464406603246,-70.96137950337166,0.24360252861052326,0.012603748588224052,-0.004604425986544508,0.009003509591662306,0.01011256266397009
c_glandium_trochanter_aligned,22,C.1.22,-0.1955673,-0.1731928,-0.09677327,-0.1967296902073651,-0.1873213195313676,-0.09407569512848665,-80.16720527192945,0.23940463599042833,0.010961795368843253,-0.008802318606639437,0.011435135000385553,0.014430631494492337
c_glandium_trochanter_aligned,23,C.1.23,-0.1913798,-0.181906,-0.1429416,-0.19500763151363093,-0.19766682093988444,-0.14200998510510265,-91.45347003639691,0.2365958460265095,0.005829155071216464,-0.011611108570558276,0.011296667750513616,0.016199769890427082
c_glandium_trochanter_aligned,24,C.1.24,-0.1834486,-0.1893866,-0.188834,-0.18526127184510627,-0.20278118486588165,-0.18972780459323618,-102.71725167891654,0.2392098450765404,-0.0003249610564061274,-0.008997109520527374,0.010126775887412055,0.013546201297715795
c_glandium_trochanter_aligned,25,C.1.25,-0.1665119,-0.1932086,-0.2326918,-0.16809292323805752,-0.20269470309340884,-0.2347856694777669,-113.80733093984554,0.24116036817803035,-0.008487730078851848,-0.0070465864190374095,0.0068713678119439155,0.009842259688099193
c_glandium_trochanter_aligned,26,C.1.26,-0.1431766,-0.1931839,-0.2682512,-0.1469051562833494,-0.19845994387485738,-0.2719282561433073,-123.68724984323393,0.2410587772303321,-0.0176906017518593,-0.007148177366735675,0.002040361032328772,0.0074336742468686596
c_glandium_trochanter_aligned,27,C.1.27,-0.1195797,-0.1939805,-0.3036276,-0.12168305574786323,-0.1908659970357595,-0.3040558856531106,-133.23879925020597,0.24810762860920318,-0.027738766943266123,-9.932598786457913e-05,-0.0037812427937289807,0.0037825471202607105
c_glandium_trochanter_aligned,28,C.1.28,-0.09004357,-0.1879978,-0.3336409,-0.09247121619902036,-0.18015288868071982,-0.3315322744066136,-142.78215625299686,0.2518263653262823,-0.035847419847131454,0.0036194107292145117,-0.007666959471741058,0.008478348988339202
c_glandium_trochanter_aligned,29,C.1.29,-0.05773737,-0.1732208,-0.3564985,-0.05981479392708826,-0.16663155689237705,-0.3537171215104835,-152.3763999738374,0.2520760747801233,-0.03878985852639914,0.003869120183055519,-0.0063639445484081104,0.007447810497464371
c_glandium_trochanter_aligned,30,C.1.30,-0.02400447,-0.1536356,-0.3727168,-0.024600342376740362,-0.15077811373444616,-0.3698575679796227,-161.99950231669374,0.2514868437752967,-0.039120903078527516,0.003279889178228912,-0.0024367655554194878,0.004086012652151478
c_glandium_trochanter_aligned,31,C.1.31,0.01177245,-0.1332892,-0.3822327,0.012210769273612396,-0.1331468396289613,-0.37942227960463504,-171.6377342733069,0.25102852131321923,-0.04056225581252769,0.002821566716151469,0.00038680011097711657,0.002847955944101948
c_glandium_trochanter_aligned,32,C.1.32,0.0562457,-0.1100781,-0.3860633,0.05650880383373731,-0.1107969174924742,-0.38182842621336777,-183.06406398217547,0.2523545590008898,-0.0448574028966676,0.004147604403822058,0.0011478048235281529,0.004303496044324774
c_glandium_trochanter_aligned,33,C.1.33,0.09993064,-0.08596184,-0.379632,0.09978748247255634,-0.08796871082849438,-0.37449800910412334,-194.44449946971656,0.2533095488786368,-0.048950735861706736,0.005102594281569062,0.002090315458625606,0.005514153345607117
c_glandium_trochanter_aligned,34,C.1.34,0.1403245,-0.06236564,-0.3611162,0.14068134335684235,-0.06560935205393918,-0.35770132455665704,-205.84001700793897,0.25165335440788045,-0.05285359849582029,0.0034463998108126837,0.003229970233263764,0.004723386429643421
c_glandium_trochanter_aligned,35,C.1.35,0.1748194,-0.04295372,-0.3369518,0.1749879010266448,-0.046302329401882045,-0.33432249922124,-216.36892506053607,0.2510863867142573,-0.05760196322406851,0.002879432117189551,0.00314064814807999,0.004260844999239132
c_glandium_trochanter_aligned,36,C.1.36,0.2062405,-0.02567417,-0.3075457,0.20474980311548777,-0.029157177134222237,-0.30430737926745965,-226.85838292296035,0.25256751368852226,-0.06297053587779922,0.004360559091454497,0.0024136614251531437,0.00498399810045489
c_glandium_trochanter_aligned,37,C.1.37,0.2329764,-0.01116696,-0.2725399,0.22901306583947612,-0.0149071238930603,-0.2688872212555127,-237.260841193788,0.2546309972896448,-0.06865665406172493,0.0064240426925770144,0.0013306318458932793,0.006560404379712966
c_glandium_trochanter_aligned,38,C.1.38,0.2507911,-0.002330312,-0.2359206,0.24568559864775524,-0.0049784540744180344,-0.2333938984927974,-246.56038794298993,0.2544813913978934,-0.07440968578506689,0.006274436800825622,-0.00030734970802336975,0.006281959965693501
c_glandium_trochanter_aligned,39,C.1.39,0.2627845,0.003148531,-0.1963897,0.2572391364753712,0.0019396828694516616,-0.19516763283727526,-255.87775752675566,0.25370229985061943,-0.08009797120414303,0.0054953452535516645,-0.001872698351975119,0.005805671242261601
c_glandium_trochanter_aligned,40,C.1.40,0.270437,0.005921216,-0.1555213,0.2633915267149363,0.0055524067018228596,-0.15526538219418845,-265.19655116152956,0.2543502851589271,-0.08582730173469896,0.006143330561859339,-0.0034784619647233016,0.007059759771571487
c_glandium_trochanter_aligned,41,C.1.41,0.2737925,0.005038186,-0.1095269,0.26380369070570625,0.005491023121425992,-0.11075875337594229,-275.43113176049684,0.25637370761761086,-0.09277704758175383,0.008166753020543094,-0.005899405090141086,0.010074663037349232
c_glandium_trochanter_aligned,42,C.1.42,0.26696,-0.001085996,-0.06432255,0.25761489132059207,0.0010812696171332015,-0.06677664077141837,-285.69457566006673,0.25510850466116614,-0.09851986964059162,0.006901550064098372,-0.007100652414550357,0.009902053221403811
c_glandium_trochanter_aligned,43,C.1.43,0.2455173,-0.01221238,-0.02502925,0.2449573203664813,-0.007756679550383311,-0.0244899238348103,-296.04627608119006,0.2460482144940863,-0.09997445961884417,-0.0021587401029814768,-0.003974614140631494,0.0045230207161949115
c_tuberculosus_trochanter_aligned,1,C.1.01,0.180994,0.1485178,-0.09794909,0.1895030190951259,0.1473447510745227,-0.09655194197699561,92.18124215897446,0.2710228232326379,0.07597837828714803,-0.006333610343889351,0.005967985619347871,0.00870238314147142
c_tuberculosus_trochanter_aligned,2,C.1.02,0.1698775,0.1511423,-0.04106479,0.1792148442154096,0.15418272965245244,-0.038475763263707344,79.9243088867597,0.26778552710137116,0.0691132303992756,-0.009570906475156071,0.0033957352890957165,0.010155455130608053
c_tuberculosus_trochanter_aligned,3,C.1.03,0.1515909,0.150478,0.01399115,0.15884795697977788,0.15340765806893542,0.017808981941611207,67.5666852825743,0.26906735362583056,0.06405668353455146,-0.008289079950696665,0.002667352004135651,0.008707675530416143
c_tuberculosus_trochanter_aligned,4,C.1.04,0.1254481,0.1444705,0.06543624,0.1298069310225216,0.14492504531420913,0.06882058084091186,55.32359370230683,0.27265546182187894,0.06002714022400345,-0.0047009717546482865,0.00292585830399028,0.005537127617549568
c_tuberculosus_trochanter_aligned,5,C.1.05,0.1029847,0.1346077,0.09523681,0.10648168087602136,0.13521511367038797,0.09878664175488616,47.24103221283356,0.2729342396776017,0.056645996380454144,-0.004422193898925508,0.0023755700836931384,0.005019873713773232
c_tuberculosus_trochanter_aligned,6,C.1.06,0.07869216,0.1198087,0.1213294,0.08056986418332333,0.12247765154939114,0.12498107785066243,39.20206573870141,0.2724605984224062,0.05133390711064118,-0.004895835154121009,-0.00012093238507024511,0.004897328506245605
c_tuberculosus_trochanter_aligned,7,C.1.07,0.05302227,0.1028308,0.1446266,0.0525609153289325,0.10691478279740463,0.14702780058427734,31.181800845929438,0.27354934923367635,0.04578859493529798,-0.003807084342850875,-0.002857207845846495,0.004759992423097602
c_tuberculosus_trochanter_aligned,8,C.1.08,0.0231244,0.0851375,0.1647804,0.021762386070628807,0.08798190999250755,0.16518147077042522,22.83926402523028,0.2760475879437953,0.04282673364797763,-0.0013088456327319253,-0.0028971591295346407,0.0031790891639221744
c_tuberculosus_trochanter_aligned,9,C.1.09,-0.008459057,0.06592503,0.1804799,-0.009708410565641496,0.06684121862178435,0.17798917239212975,14.587041934361832,0.27943384396939286,0.04076277537732198,0.0020774103928656307,-0.002070839443049376,0.0029332592690171984
c_tuberculosus_trochanter_aligned,10,C.1.10,-0.04024744,0.04299822,0.189253,-0.04127000056076825,0.043860867524631544,0.18539179674761247,6.3927019193052885,0.280756723776037,0.037697178952752916,0.00340029019950977,-0.0022664306668321818,0.0040864020125826695
c_tuberculosus_trochanter_aligned,11,C.1.11,-0.07542071,0.01134609,0.1927953,-0.07765107061138335,0.01505478119230446,0.18715457223781767,-3.18644070829185,0.2816627948183054,0.03095156023914709,0.004306361241778189,-0.0056570276081217424,0.007109620841067507
c_tuberculosus_trochanter_aligned,12,C.1.12,-0.1083327,-0.02243281,0.1875651,-0.11238181133885722,-0.015074162310712395,0.18149632993905918,-12.742209303512599,0.2810983776592411,0.023598791253585855,0.0037419440827138883,-0.009662961398242992,0.010362189368183335
c_tuberculosus_trochanter_aligned,13,C.1.13,-0.1402649,-0.05479515,0.1739789,-0.14483864719104853,-0.046135663980603654,0.16844994786686382,-22.392308940191665,0.2803522359637665,0.019042121293010406,0.002995802387239288,-0.010839757434318701,0.011246118138195779
c_tuberculosus_trochanter_aligned,14,C.1.14,-0.166169,-0.07821213,0.158931,-0.16833872219338678,-0.07099688602344817,0.15290066759157844,-30.140757717057223,0.2819112043766847,0.018660023089345185,0.004554770800157482,-0.00850802044847884,0.00965051029706211
c_tuberculosus_trochanter_aligned,15,C.1.15,-0.1905409,-0.09989578,0.1393954,-0.18892316461803013,-0.09516638056494675,0.13330434156534998,-37.833463816675085,0.2838420243362932,0.0199990930253267,0.006485590759765958,-0.004474638771288588,0.007879421275492281
c_tuberculosus_trochanter_aligned,16,C.1.16,-0.2116158,-0.1217204,0.116475,-0.2062510375631734,-0.11825226182442973,0.11012419181441171,-45.46680781141456,0.2862406447084351,0.020312859311661522,0.008884211131907849,-0.0014873518690116908,0.009007853407919595
c_tuberculosus_trochanter_aligned,17,C.1.17,-0.2352895,-0.1507689,0.06661957,-0.2271653105764717,-0.1532679330429465,0.06510676791482269,-58.00776906671098,0.28352633295342705,0.023446753080222524,0.006169899376899823,0.006038918095731757,0.008633434431790417
c_tuberculosus_trochanter_aligned,18,C.1.18,-0.2513016,-0.174581,0.01124422,-0.23777935341348574,-0.1834763126783063,0.013205800907816825,-70.59784199036007,0.283763673747067,0.027990683002681004,0.006407240170539785,0.014992425202290246,0.01630415714010526
c_tuberculosus_trochanter_aligned,19,C.1.19,-0.2489411,-0.1912074,-0.04882053,-0.23731632793487598,-0.20761436157155713,-0.043331937562234725,-83.29026042817205,0.27758516649306286,0.029395004674517746,0.00022873291653563443,0.0208421697953315,0.02084342487511432
c_tuberculosus_trochanter_aligned,20,C.1.20,-0.2375587,-0.2040601,-0.08702047,-0.23058671153258967,-0.21981381302609676,-0.08251655792494676,-91.86696536555078,0.27412609814193095,0.023059998740776192,-0.0032303354345962765,0.01751108946519651,0.017806552762343535
c_tuberculosus_trochanter_aligned,21,C.1.21,-0.2196729,-0.2171059,-0.1225718,-0.21894043638320254,-0.22836405361885176,-0.12106991957968931,-100.35767880758982,0.271449174193446,0.012303537036230671,-0.0059072593830812314,0.009728435497730796,0.011381483675361037
c_tuberculosus_trochanter_aligned,22,C.1.22,-0.1985644,-0.2262124,-0.1575789,-0.20223919640754034,-0.23331992248373173,-0.15913943732869265,-108.99190098626914,0.2698623456335621,0.002759601848240717,-0.007494087942965133,0.003208570889192222,0.008152072205756438
c_tuberculosus_trochanter_aligned,23,C.1.23,-0.1724048,-0.2284839,-0.1995246,-0.17594342732282683,-0.23419802239060827,-0.20246577809536104,-119.45035026346744,0.27024750502282957,-0.0022990240337060204,-0.007108928553697658,0.001812937238781682,0.0073364573612431745
c_tuberculosus_trochanter_aligned,24,C.1.24,-0.1423509,-0.2227357,-0.2384198,-0.14367198790637636,-0.22951173128846725,-0.24146091078055773,-129.93858865709944,0.2708662952976432,-0.00394008677361464,-0.006490138278884006,0.0038453001416338963,0.007543754241641583
c_tuberculosus_trochanter_aligned,25,C.1.25,-0.1062163,-0.2128434,-0.270753,-0.10661251531940127,-0.2195399036162573,-0.27457639121395305,-140.39717377980395,0.27080280899540654,-0.007365722660128107,-0.006553624581120687,0.004082704065510891,0.007721299608019934
c_tuberculosus_trochanter_aligned,26,C.1.26,-0.07127763,-0.2039809,-0.2926635,-0.07244354767841758,-0.20733479108890593,-0.29717458172897115,-149.21304673529863,0.2716754776494523,-0.013708745195282424,-0.005680955927074904,0.0008273739113476789,0.005740889115332789
c_tuberculosus_trochanter_aligned,27,C.1.27,-0.03394369,-0.193022,-0.3089547,-0.03669117263209552,-0.19214771130166566,-0.31420548062807246,-157.96041791853662,0.27256067173568016,-0.021189304896749316,-0.004795761840847068,-0.0035894856333070608,0.005990303727344924
c_tuberculosus_trochanter_aligned,28,C.1.28,0.003917574,-0.178649,-0.3207558,8.969891315622341e-05,-0.17431613256229925,-0.32544519736456234,-166.7033976773761,0.2742757167009817,-0.02743885372503568,-0.0030807168755455083,-0.006776872367741736,0.007444247145006082
c_tuberculosus_trochanter_aligned,29,C.1.29,0.04215423,-0.1591089,-0.3286551,0.038331360517705665,-0.15360398044482337,-0.33068995988604455,-175.7383815902737,0.27716626022478164,-0.03082805543650321,-0.0001901733517455928,-0.007001639753639324,0.0070042219513274055
c_tuberculosus_trochanter_aligned,30,C.1.30,0.07929194,-0.136299,-0.3312532,0.07551572992802733,-0.13138840903240132,-0.3293618785015765,-184.67623848740755,0.280830797694254,-0.03242305165009972,0.0034743641177267803,-0.005466219639438331,0.006476940880471949
c_tuberculosus_trochanter_aligned,31,C.1.31,0.1161165,-0.1131581,-0.3274189,0.11063762525196152,-0.10843724019535436,-0.32173953253552096,-193.47091757899568,0.28490753471076324,-0.03528502215777192,0.007551101134236016,-0.005247920755588352,0.00919564030377416
c_tuberculosus_trochanter_aligned,32,C.1.32,0.1621702,-0.08325729,-0.3137165,0.15186432934469088,-0.07870688946870019,-0.3033228716753914,-204.62736891549022,0.2912313446844916,-0.040458507542145646,0.01387491110796435,-0.00651394400155615,0.015327903467510525
c_tuberculosus_trochanter_aligned,33,C.1.33,0.2009172,-0.05073108,-0.28835,0.1876983159812648,-0.049706359603654215,-0.276045681112822,-215.68080866846975,0.29479335909466536,-0.042626231298864385,0.017436925518138136,-0.00481028464269277,0.018088261659673782
c_tuberculosus_trochanter_aligned,34,C.1.34,0.2310404,-0.02040254,-0.2512623,0.21719321371650555,-0.022448023639274783,-0.2408978425639859,-226.6939585797289,0.294470719328977,-0.044906138667911225,0.017114285752449776,-0.0032329201064641077,0.01741696153843391
c_tuberculosus_trochanter_aligned,35,C.1.35,0.249744,0.001709057,-0.213902,0.23636525188962443,-0.0017149806162913422,-0.20629024630300724,-235.90693100504242,0.2929075912113035,-0.0475105906294706,0.01555115763477627,-0.0026105986211362414,0.015768758002529526
c_tuberculosus_trochanter_aligned,36,C.1.36,0.2625768,0.02125417,-0.17282,0.2500979566915446,0.01657942262197977,-0.16764807832988596,-245.1692371756761,0.2915405754288761,-0.04991426653749562,0.014184141852348897,-0.0017702223135894065,0.014294179484219587
c_tuberculosus_trochanter_aligned,37,C.1.37,0.2697057,0.03796211,-0.1291775,0.257982153247213,0.031827662094136275,-0.12596120142078307,-254.4682410861835,0.29095444265623827,-0.05211629924347576,0.013598009079711038,-0.0007153497000135734,0.013616812260041286
c_tuberculosus_trochanter_aligned,38,C.1.38,0.2692375,0.0499791,-0.09017893,0.25990329511128407,0.042148824470083335,-0.08832570481812127,-262.52529123700543,0.28957849316019474,-0.052642902012706334,0.01222205958366751,0.0015799680018818013,0.012323759140525664
c_tuberculosus_trochanter_aligned,39,C.1.39,0.2572653,0.05480296,-0.05146033,0.25728810500653576,0.04948308877658969,-0.0503116461623719,-270.5267813415609,0.28036439691713055,-0.05248956414317516,0.0030079633406033257,0.004535766859353241,0.0054425200468918985
c_tuberculosus_trochanter_aligned,40,C.1.40,0.242677,0.05498016,-0.01334629,0.24991752872465683,0.0538169169677805,-0.011056300188844598,-278.8117505447648,0.2719929104673977,-0.054426618064098896,-0.00536352310912952,0.005500460322338257,0.007682606582390084
c_tuberculosus_trochanter_aligned,41,C.1.41,0.2322633,0.05331632,0.01528685,0.24109087050991146,0.054805157203079324,0.018689828255895366,-285.2113139894027,0.2689355611400051,-0.05760648095142521,-0.00842087243652212,0.004561995806952169,0.009577207230441873
c_tuberculosus_trochanter_aligned,42,C.1.42,0.2209496,0.04975726,0.04340169,0.2295542387237427,0.05367756240463886,0.0477880498089542,-291.6682973383509,0.2673081131370642,-0.06165870702660512,-0.010048320439463021,0.002771278988017563,0.01042347019392095
c_tuberculosus_trochanter_aligned,43,C.1.43,0.2086394,0.04637719,0.07111646,0.2154598460362657,0.05038543266438214,0.07574384083760509,-298.15795779866033,0.26836723555345743,-0.06491647279790522,-0.0089891980230698,0.0017864673824223526,0.009164995734119049
cleopus_solani_trochanter_aligned,1,C.1.01,0.1354274,0.1081741,-0.09401745,0.1557189067376386,0.12245356634767976,-0.0906817388708429,81.44997070536463,0.21752511040387187,0.052136800907883245,-0.025035359660567025,7.835981997222456e-05,0.025035482292045712
cleopus_solani_trochanter_aligned,2,C.1.02,0.1240294,0.1088769,-0.04572102,0.14080225067602625,0.12050570105167553,-0.037919850495905544,68.48691716280204,0.2207412252001399,0.04985906365977736,-0.02181924486429901,0.0011559986518575294,0.021849846208413865
cleopus_solani_trochanter_aligned,3,C.1.03,0.1066958,0.1038428,0.0005084383,0.1174757509407622,0.11176043152873927,0.009352925993330027,55.86296503934294,0.2265633546463054,0.046537048648901784,-0.015997115418133506,0.001101586204755303,0.016034999029235778
cleopus_solani_trochanter_aligned,4,C.1.04,0.08213265,0.09200268,0.04197407,0.08755026858214404,0.09701387810949585,0.04934888691364547,43.5596363994209,0.232130632488933,0.04251373882937043,-0.01042983757550589,0.00026288828913375515,0.010433150152470658
cleopus_solani_trochanter_aligned,5,C.1.05,0.05125844,0.07278537,0.07475439,0.05307706960585213,0.07734067254087604,0.08071792621965002,31.61011824133039,0.23500638404706864,0.037558524758864724,-0.0075540860173702595,-0.0015992947093772226,0.007721525699320769
cleopus_solani_trochanter_aligned,6,C.1.06,0.0158412,0.04852078,0.09829029,0.015164743259024456,0.05334821269831308,0.10322874959135311,19.75404962976859,0.23649967657950485,0.03271009174900839,-0.006060793484934046,-0.003378885267001836,0.006939026107068708
cleopus_solani_trochanter_aligned,7,C.1.07,-0.02246571,0.02152045,0.1124554,-0.02458154215028724,0.025938884498600122,0.11618818152958243,7.947036212940753,0.23792857733627573,0.028973455677004205,-0.004631892728163167,-0.004059376406418823,0.006158974513196222
cleopus_solani_trochanter_aligned,8,C.1.08,-0.06153396,-0.00761986,0.1187168,-0.06425648414020993,-0.003688107053501012,0.11919924224468428,-3.769406747556571,0.24118522458546093,0.025394452599203556,-0.0013752454789779656,-0.004605677943401612,0.00480661725601127
cleopus_solani_trochanter_aligned,9,C.1.09,-0.100463,-0.03737433,0.1149601,-0.10199996452860739,-0.034230109369327515,0.11243556760384545,-15.346978610277466,0.2444482522578472,0.02312292030715885,0.001887782193408294,-0.0038804542963457736,0.004315280657822576
cleopus_solani_trochanter_aligned,10,C.1.10,-0.1372223,-0.06671397,0.1007217,-0.1363555715926587,-0.06458010914935741,0.0964947563907452,-26.80894927691432,0.24691027638341018,0.021974789967846898,0.004349806318971278,-0.002061751082273258,0.0048136921939211505
cleopus_solani_trochanter_aligned,11,C.1.11,-0.1704144,-0.09449834,0.07564731,-0.16660522354491067,-0.09426985528678548,0.07166962257022211,-38.409890633078206,0.24795158238145593,0.02218262070800395,0.005391112317017027,0.0011488845914625829,0.005512170880804823
cleopus_solani_trochanter_aligned,12,C.1.12,-0.1993409,-0.1213436,0.04490635,-0.19073383415223671,-0.12147796935791044,0.039600885935706,-49.860469224978516,0.25192312764187336,0.021889305409364034,0.009362657577434458,0.003819454104620363,0.01011175487092093
cleopus_solani_trochanter_aligned,13,C.1.13,-0.221981,-0.1462382,0.007891336,-0.20787949309634096,-0.14519022553555044,0.002090070251823506,-61.095062615934076,0.25671484680716156,0.020928938466406862,0.014154376742722657,0.005767066042462249,0.015284156231635686
cleopus_solani_trochanter_aligned,14,C.1.14,-0.2267418,-0.1569056,-0.0218357,-0.2150608849877025,-0.15831490610286938,-0.0241388634395817,-68.2189607487023,0.252216814095372,0.020423508480739296,0.0096563440309331,0.007105596456441316,0.011988931605673934
cleopus_solani_trochanter_aligned,15,C.1.15,-0.2262583,-0.1670211,-0.05212768,-0.21925020973909626,-0.1698626284575301,-0.05211346107430227,-75.42721153771382,0.24695561250164838,0.017606021964084,0.004395142437209482,0.006153904306569578,0.007562262575299488
cleopus_solani_trochanter_aligned,16,C.1.16,-0.223186,-0.1758631,-0.08266523,-0.22024750579923696,-0.17971470156029423,-0.08178122677210899,-82.8064726800631,0.2428589100613887,0.014457542214577658,0.00029843999694981194,0.00491548349832659,0.004924534948002777
cleopus_solani_trochanter_aligned,17,C.1.17,-0.2187149,-0.1840509,-0.1152632,-0.2175344713641725,-0.18797959536323183,-0.11451249693392535,-90.79792669290815,0.24135290017422523,0.011465203811124591,-0.0012075698902136722,0.003991664950246208,0.004170325420728556
cleopus_solani_trochanter_aligned,18,C.1.18,-0.2108782,-0.1896655,-0.1477687,-0.21085432077450939,-0.19364785107823446,-0.14744922967650548,-98.84008317386237,0.24034054422233192,0.008713593595033957,-0.002219925842106979,0.0033216984918658862,0.003995216091191935
cleopus_solani_trochanter_aligned,19,C.1.19,-0.1984082,-0.1925534,-0.1791655,-0.20027703064991154,-0.19658625280854475,-0.17984116303030268,-106.91051448793344,0.23860678971220656,0.005443344282676196,-0.003953680352232342,0.0021404116371215504,0.004495881482418513
cleopus_solani_trochanter_aligned,20,C.1.20,-0.1785302,-0.1922745,-0.2118308,-0.1838167005318734,-0.19655597929099586,-0.2149714128696747,-116.06707514227075,0.2350677069095066,0.0009429489009039793,-0.007492763154932303,1.011404856406439e-05,0.007492769981114497
cleopus_solani_trochanter_aligned,21,C.1.21,-0.1551134,-0.1901422,-0.2419861,-0.16272105780699417,-0.19293777509663124,-0.24787300704045295,-125.33139030540418,0.23299920876379976,-0.00445340699075198,-0.00956126130063914,-0.002988252712381836,0.01001735353934153
cleopus_solani_trochanter_aligned,22,C.1.22,-0.1301282,-0.1873342,-0.2707971,-0.137721273644685,-0.18587210323784015,-0.27720060805294694,-134.57878205563478,0.23495210335759392,-0.010409348073599826,-0.007608366706844977,-0.006550585145913112,0.010039791317536661
cleopus_solani_trochanter_aligned,23,C.1.23,-0.1039346,-0.1826786,-0.2969337,-0.11066961930150927,-0.17609197855074016,-0.3012683068270223,-143.4304069697837,0.23938702333507791,-0.01602222117921712,-0.0031734467293609847,-0.00987229047933296,0.010369806336302552
cleopus_solani_trochanter_aligned,24,C.1.24,-0.07473391,-0.1726969,-0.317876,-0.08127389129849757,-0.1636806543424633,-0.3207767807492471,-152.2568817260728,0.24170104666296804,-0.01991239155937325,-0.0008594234014708546,-0.011477802991598802,0.011509933540075283
cleopus_solani_trochanter_aligned,25,C.1.25,-0.04427803,-0.1582075,-0.3337941,-0.05020604684069545,-0.1489912421748103,-0.33529866167591615,-161.06165690016257,0.24318021101953463,-0.021757198805352467,0.0006197409550957322,-0.011043569121853294,0.011060944706514668
cleopus_solani_trochanter_aligned,26,C.1.26,-0.01229289,-0.1363959,-0.3441316,-0.01575474336715354,-0.13112170038315152,-0.3449917489141575,-170.5036778745543,0.2429080270665048,-0.019515341721779093,0.00034755700206590134,-0.006357725270792865,0.006367218112218491
cleopus_solani_trochanter_aligned,27,C.1.27,0.01916459,-0.11243,-0.3505974,0.01874345147845451,-0.11173411195567029,-0.34833250112453984,-179.87743131719017,0.2449380832473053,-0.015955873998692492,0.0023776131828663893,-0.00037194124978423543,0.002406529605184874
cleopus_solani_trochanter_aligned,28,C.1.28,0.05110162,-0.08824735,-0.349631,0.052538837802452595,-0.09134564842922949,-0.3453321866781748,-189.2203230003959,0.2461870674384959,-0.013880048275153007,0.003626597374056989,0.00412221246791549,0.005490432054415641
cleopus_solani_trochanter_aligned,29,C.1.29,0.07824165,-0.07061306,-0.3417307,0.07952320243852658,-0.07404103935867168,-0.33808576416613056,-196.9748954706675,0.24559057995425815,-0.015826475219477238,0.003030109889819249,0.004182990607785017,0.005165169539250183
cleopus_solani_trochanter_aligned,30,C.1.30,0.1043675,-0.05511203,-0.3280513,0.10496597348611428,-0.05680691504001839,-0.32669208976821645,-204.7080451036773,0.24366255010456417,-0.020045501756132844,0.0011020800401252695,0.001965624036229297,0.0022534991161846443
cleopus_solani_trochanter_aligned,31,C.1.31,0.127177,-0.0389123,-0.3099608,0.1287884207551296,-0.03972617634992036,-0.31111560931870824,-212.54050025825947,0.2408785498093486,-0.022710408680230092,-0.0016819202550902856,0.0013280814662943495,0.0021430483255394824
cleopus_solani_trochanter_aligned,32,C.1.32,0.1472509,-0.02224169,-0.2899668,0.15023632971613812,-0.02336519817682512,-0.2917522760323033,-220.37560942099088,0.23965133457448767,-0.023852965949533976,-0.0029091354899512256,0.0022135755185737427,0.0036555418032520126
cleopus_solani_trochanter_aligned,33,C.1.33,0.1666314,-0.00726926,-0.268039,0.16889469066276833,-0.008089104240466355,-0.2689991436003276,-228.1984874132787,0.2406273441825687,-0.02636529555646514,-0.0019331258818701957,0.001726131298856922,0.00259162206659268
cleopus_solani_trochanter_aligned,34,C.1.34,0.1856971,0.006191909,-0.2448896,0.18418629705968084,0.005544496677854199,-0.24379924963828742,-235.8612997685011,0.24453071254563694,-0.030168029505810684,0.001970242481198037,-9.314889109826753e-05,0.0019724431932580536
cleopus_solani_trochanter_aligned,35,C.1.35,0.2057681,0.02507863,-0.2083099,0.1999305812594932,0.021644471860863337,-0.2052652205575761,-246.39893062359306,0.24998390190440067,-0.03262134953840257,0.007423431839961775,0.00018110713659996638,0.007425640718314177
cleopus_solani_trochanter_aligned,36,C.1.36,0.2143849,0.03986304,-0.1658272,0.2091122784825911,0.0340869152705222,-0.1635586127257033,-256.9009480430177,0.2503852889238813,-0.0332662962384337,0.00782481885944239,0.0022545182621450497,0.008143134702154286
cleopus_solani_trochanter_aligned,37,C.1.37,0.2176512,0.04899979,-0.1210672,0.21154173884044147,0.042412376991953174,-0.12013699952474131,-267.355200615652,0.25131917052786024,-0.03602000910230795,0.008758700463421337,0.0022067996997854234,0.009032430388489585
cleopus_solani_trochanter_aligned,38,C.1.38,0.2128202,0.05021302,-0.07487362,0.2071559240986864,0.04635496401499588,-0.07573843658484038,-277.9300305107096,0.24946724752125132,-0.041077813153087145,0.006906777456812424,-0.00011379963581229772,0.00690771490400717
cleopus_solani_trochanter_aligned,39,C.1.39,0.2009474,0.04497931,-0.03026155,0.19600897955673763,0.04556708085420212,-0.03211383518262974,-288.5627740991326,0.24652400092841117,-0.04724535229768633,0.0039635308639722755,-0.0035291435986100988,0.005307017189464424
cleopus_solani_trochanter_aligned,40,C.1.40,0.1847842,0.03602453,0.01236809,0.17838022336868722,0.03990169738720674,0.009322087310418462,-299.27886190216077,0.24615546573068806,-0.053728587336447683,0.0035949956662491567,-0.007238610514968231,0.008082170254811375
coenorhinus_pauxillus_trochanter_aligned,1,C.1.01,0.1234877,0.1804669,-0.05507916,0.12482183519920573,0.18005986217741893,-0.05440326773361151,53.38661142375195,0.26311533498532563,0.11432804054911318,-0.0011512070153821274,0.001037858026066114,0.0015499764109608294
coenorhinus_pauxillus_trochanter_aligned,2,C.1.02,0.09234388,0.1512508,-0.003901948,0.09334963682313342,0.14986502846929783,-0.003599704113688762,39.13090614102109,0.2639687684113775,0.10150601842057126,-0.00029777358933025244,0.0017130650247126665,0.0017387526820673914
coenorhinus_pauxillus_trochanter_aligned,3,C.1.03,0.0524052,0.1141523,0.03445492,0.05282754811709802,0.11404373687351038,0.035047976142986104,24.978436652080998,0.2636082644169459,0.0867229368079598,-0.0006582775837618571,0.0003294694157271274,0.0007361246315556887
coenorhinus_pauxillus_trochanter_aligned,4,C.1.04,0.00692597,0.07132465,0.05769336,0.0060501755783299305,0.0739748333770813,0.059593398113737706,10.86259221123834,0.262166879405948,0.07038440939335626,-0.0020996625947597436,-0.002644248404180196,0.0033764822870618444
coenorhinus_pauxillus_trochanter_aligned,5,C.1.05,-0.04056229,0.02925298,0.0668939,-0.04237797792470627,0.03256382804715019,0.0686694074713678,-2.838147154418916,0.262307593937886,0.056372659829241376,-0.0019589480628217637,-0.003684207743775041,0.004172632767465308
coenorhinus_pauxillus_trochanter_aligned,6,C.1.06,-0.0891263,-0.01238805,0.06272843,-0.09069333248475919,-0.009646902071187593,0.06271160539645926,-16.553968126489742,0.2641247934200287,0.0439164879056585,-0.0001417485806790575,-0.0031543102547280937,0.003157493601451538
coenorhinus_pauxillus_trochanter_aligned,7,C.1.07,-0.1355913,-0.05280039,0.04490623,-0.13540800525659485,-0.050549074434634904,0.04228567294738836,-30.166509469983517,0.267087723759837,0.03217994714880838,0.0028211817591292654,-0.0020025662250632245,0.0034596731064954296
coenorhinus_pauxillus_trochanter_aligned,8,C.1.08,-0.1799508,-0.09188394,0.008754135,-0.17671384253274253,-0.09162841715636713,0.005440679966582346,-44.84432016006747,0.26875027160054155,0.021476577257518264,0.004483729599833786,0.0011909402598401595,0.004639199265706625
coenorhinus_pauxillus_trochanter_aligned,9,C.1.09,-0.2145532,-0.1252115,-0.04118859,-0.20771370545731135,-0.1276177291702481,-0.04418832318755142,-59.47239326443732,0.27006900618421725,0.011717748639337408,0.0058024641835094926,0.005281896725117561,0.007846465676705536
coenorhinus_pauxillus_trochanter_aligned,10,C.1.10,-0.2330825,-0.1534554,-0.1016966,-0.22602996809753045,-0.15692288698279025,-0.10297973002742362,-73.99327974202264,0.26901075524633267,-0.0009170967639513459,0.004744213245624906,0.006395352653175984,0.007962919996988964
coenorhinus_pauxillus_trochanter_aligned,11,C.1.11,-0.2336763,-0.1713882,-0.1560695,-0.23063402981472872,-0.17547387928118674,-0.15591142669111588,-85.96639900396526,0.2649365772401701,-0.013596387393856489,0.0006700352394623521,0.0050521503360222205,0.005096387960103785
coenorhinus_pauxillus_trochanter_aligned,12,C.1.12,-0.2237426,-0.1831097,-0.2112266,-0.22507310772705982,-0.18871073957272722,-0.21132178255483672,-98.14518852594308,0.26036207892867264,-0.025947790889727144,-0.0039044630720351248,0.004231562707189999,0.0057576865862746926
coenorhinus_pauxillus_trochanter_aligned,13,C.1.13,-0.2021399,-0.1911048,-0.2636462,-0.20904690005523607,-0.19615417415457145,-0.26614777595036127,-110.40149425619673,0.25539971612437423,-0.040866986142532556,-0.008866825876333528,0.0009165752724643547,0.008914073779777185
coenorhinus_pauxillus_trochanter_aligned,14,C.1.14,-0.1777136,-0.1973464,-0.3014379,-0.18941796255256682,-0.19793638420828052,-0.30690024147659967,-120.02656298100686,0.2525433360304881,-0.05635031514627553,-0.011723205970219641,-0.005453787703489656,0.012929708370065048
coenorhinus_pauxillus_trochanter_aligned,15,C.1.15,-0.1502357,-0.2013147,-0.3373988,-0.1637364591618555,-0.19629009224270688,-0.3447468558859043,-129.75786760689246,0.25271529881649435,-0.07142731558028416,-0.011551243184213411,-0.011317238499855515,0.016171305029695302
coenorhinus_pauxillus_trochanter_aligned,16,C.1.16,-0.1230139,-0.2001557,-0.3737524,-0.13244476300337368,-0.19138805189734975,-0.3784448523998455,-139.59140950642217,0.2585778664148455,-0.08188922189763863,-0.0056886755858622795,-0.012468797449791964,0.01370517930437704
coenorhinus_pauxillus_trochanter_aligned,17,C.1.17,-0.09584962,-0.1913495,-0.4088292,-0.09750055592661946,-0.18383470805848057,-0.4059540599907511,-149.1826951808898,0.2681901741918043,-0.08571730589852916,0.003923632191096538,-0.007215901042829173,0.008213654328671983
coenorhinus_pauxillus_trochanter_aligned,18,C.1.18,-0.06641365,-0.1748674,-0.4389581,-0.06025949810152718,-0.1743084387047819,-0.4268269608966988,-158.48241079292535,0.2775220363107123,-0.08420110199680648,0.013255494310004556,0.0031052262172200323,0.013614351224449601
coenorhinus_pauxillus_trochanter_aligned,19,C.1.19,-0.03703574,-0.152464,-0.4650505,-0.02283755875841844,-0.16373097821302526,-0.4407837124640807,-167.2656009232064,0.2886774580165125,-0.0776913042419628,0.02441091601580475,0.017930903636023333,0.030288778878241877
dorytomus_taeniatus_trochanter_aligned,1,C.1.01,0.1477761,0.1344346,-0.234223,0.14927426284505854,0.13703375729720857,-0.23539106340195476,109.87440723385389,0.22379206243975358,0.08545147569992566,-0.0028794932288488395,-0.0014397921453966648,0.003219391662555629
dorytomus_taeniatus_trochanter_aligned,2,C.1.02,0.1557321,0.1414312,-0.1926989,0.156741438111568,0.14451275656556845,-0.1933958998695703,98.97433274077281,0.22405217693203475,0.0802371706760616,-0.0026193787365676735,-0.002034556006321632,0.003316709681060817
dorytomus_taeniatus_trochanter_aligned,3,C.1.03,0.1559597,0.1441764,-0.1499328,0.15746015894688994,0.14752051925338655,-0.15009320840951132,88.04689647242434,0.223525372770543,0.07575332292188794,-0.0031461828980594297,-0.0018872664522987719,0.0036688201768435807
dorytomus_taeniatus_trochanter_aligned,4,C.1.04,0.1471418,0.1418388,-0.1080606,0.1513993366725919,0.14575511967371946,-0.10679857782374638,77.03375566536081,0.22077857054839722,0.0723990177231014,-0.005892985120205196,-0.0005741120549359421,0.005920884923605851
dorytomus_taeniatus_trochanter_aligned,5,C.1.05,0.1286627,0.1335044,-0.06813195,0.13788799030647206,0.1385410176230687,-0.06300258988126954,65.35269622714726,0.21513481562120665,0.069942877481689,-0.011536740047395772,0.0019202767056156222,0.011695462092081535
dorytomus_taeniatus_trochanter_aligned,6,C.1.06,0.1055488,0.1205824,-0.03201805,0.11714567504047223,0.125563793370051,-0.022167628038338022,53.366676993983056,0.21117710049424837,0.06697450962080244,-0.01549445517435405,0.004031682314399229,0.016010390483505027
dorytomus_taeniatus_trochanter_aligned,7,C.1.07,0.08244205,0.1046835,0.002890825,0.09049142744692332,0.10734729262409942,0.012744982531342847,41.39384522141751,0.21427252731643162,0.06177463626273953,-0.012399028352170799,0.003905993471810891,0.012999718807719078
dorytomus_taeniatus_trochanter_aligned,8,C.1.08,0.05791496,0.0859394,0.03213375,0.06175932851922286,0.08642067148764629,0.03844712305691472,30.35251602096736,0.21979509399163036,0.05594309687043725,-0.006876461676972062,0.0027538601484687086,0.007407392990262482
dorytomus_taeniatus_trochanter_aligned,9,C.1.09,0.02992587,0.06341562,0.05488074,0.031008876514367165,0.06279312872368652,0.05660991862337017,19.574228543459892,0.22504713005913676,0.05000395180681675,-0.0016244256094656573,0.001382641909563197,0.0021331800699351373
dorytomus_taeniatus_trochanter_aligned,10,C.1.10,-0.0009186566,0.0376887,0.06883883,-0.0007958506208034536,0.037070494071812114,0.06721564921879444,8.938535602306926,0.22838302077662223,0.044434538291437294,0.0017114651080198107,0.000320722482341005,0.0017412569387221862
dorytomus_taeniatus_trochanter_aligned,11,C.1.11,-0.02791887,0.01288492,0.07312678,-0.028396188976670768,0.013622998954709715,0.07025500740202203,-0.2051714998819663,0.22937413951258223,0.03892878554169395,0.002702583843979811,-0.0013098520411221261,0.003003276844277354
dorytomus_taeniatus_trochanter_aligned,12,C.1.12,-0.05385437,-0.01327889,0.07079489,-0.05531015117814308,-0.010398775605752765,0.06762863122627957,-9.3054294343466,0.2293471117983321,0.0327375694521502,0.002675556129729667,-0.0036443040187960876,0.004521012318579474
dorytomus_taeniatus_trochanter_aligned,13,C.1.13,-0.07886738,-0.03971805,0.06463516,-0.08079341499833356,-0.034438430402174106,0.059508411656789606,-18.35303228229869,0.23113965936102338,0.02639083571168459,0.004468103692420955,-0.006156589305852517,0.007607071873405922
dorytomus_taeniatus_trochanter_aligned,14,C.1.14,-0.1069201,-0.06981067,0.04849068,-0.10870850389545467,-0.06273767978788239,0.042843165252523546,-29.202100600068366,0.23188398459215678,0.02033697242669881,0.005212428923554363,-0.007612528264239607,0.009226050176373044
dorytomus_taeniatus_trochanter_aligned,15,C.1.15,-0.1314222,-0.09704947,0.02377459,-0.13280405567143863,-0.08973840774204306,0.019110886513114628,-40.0950839292653,0.23136090822269154,0.01590859553698326,0.004689352554089116,-0.00742436928455574,0.008781303243254749
dorytomus_taeniatus_trochanter_aligned,16,C.1.16,-0.1511616,-0.1197208,-0.008621991,-0.15213578574127987,-0.11468154643530222,-0.011027956080185725,-51.07919053959495,0.22933230496261692,0.013672593327211211,0.0026607492940144972,-0.005005216829399786,0.00566849030297357
dorytomus_taeniatus_trochanter_aligned,17,C.1.17,-0.1666216,-0.1387237,-0.04523009,-0.1657229303059341,-0.1366424447507409,-0.046429134365712235,-62.10922605658897,0.22884356480580367,0.01263962367564937,0.002172009137201253,-0.0013635667678782563,0.0025645541566805324
dorytomus_taeniatus_trochanter_aligned,18,C.1.18,-0.1764599,-0.152601,-0.08586256,-0.17288278143590283,-0.15487756842655465,-0.08573910988158367,-73.16493754115946,0.22837299466748254,0.013203417584426365,0.001701438998880117,0.0038857285400837015,0.004241907702217389
dorytomus_taeniatus_trochanter_aligned,19,C.1.19,-0.1788426,-0.1628426,-0.1286366,-0.173205941533446,-0.1688205185201353,-0.12748436525250206,-84.24396270753073,0.22788157030462905,0.012830287256235976,0.0012100146360266295,0.008207980141051426,0.008296690509793215
dorytomus_taeniatus_trochanter_aligned,20,C.1.20,-0.172512,-0.1663324,-0.1597427,-0.1690768283627783,-0.17599847625847184,-0.15833240508979873,-92.27805477537228,0.2239580596688084,0.01121035566502577,-0.002713495999794008,0.00999296280412405,0.010354823327585324
dorytomus_taeniatus_trochanter_aligned,21,C.1.21,-0.1613445,-0.1683894,-0.1895901,-0.16120142460548084,-0.1806488232715516,-0.18934932820943387,-100.41219078755032,0.21965177733421345,0.007824660838262835,-0.007019778334388965,0.010054581677561352,0.012262622092142869
dorytomus_taeniatus_trochanter_aligned,22,C.1.22,-0.1461959,-0.1688451,-0.2177005,-0.14952860277354707,-0.18263834561890654,-0.21996055428002315,-108.66838023764016,0.21542932149692592,0.00321981179432469,-0.011242234171676496,0.008948773584024334,0.014369007545023562
dorytomus_taeniatus_trochanter_aligned,23,C.1.23,-0.1170108,-0.166454,-0.2601509,-0.12264540761505732,-0.17996138660980288,-0.26697159731976083,-122.32779611113946,0.21198701227334807,-0.004803443225958988,-0.014684543395254351,0.006714491284008486,0.016146832752281067
dorytomus_taeniatus_trochanter_aligned,24,C.1.24,-0.08454317,-0.1627947,-0.3000479,-0.0878477033292322,-0.1703492735406779,-0.3068284429702644,-135.87456029256285,0.21649082628955532,-0.014046683515272477,-0.010180729379047099,0.0032124810019245153,0.01067554611610663
dorytomus_taeniatus_trochanter_aligned,25,C.1.25,-0.04737053,-0.153991,-0.3346903,-0.048117257906375895,-0.15519879139587128,-0.33683518286245107,-148.9828190318262,0.22410925514654242,-0.022587613664806293,-0.002562300522059996,0.00022693864895304082,0.0025723306777585084
dorytomus_taeniatus_trochanter_aligned,26,C.1.26,-0.01853131,-0.1429757,-0.3516223,-0.018913362334695726,-0.14224019765881263,-0.3514779493946302,-157.82466948397914,0.22696123040540375,-0.02735164507147012,0.00028967473680133193,-0.0007898438608157203,0.0008412875712912987
dorytomus_taeniatus_trochanter_aligned,27,C.1.27,0.01214524,-0.1296581,-0.3626368,0.011245773798539485,-0.12763010954792703,-0.3611199041902283,-166.5973695869116,0.22855344337468372,-0.032198403643340645,0.0018818877060813033,-0.0019186600221696303,0.002687518859277409
dorytomus_taeniatus_trochanter_aligned,28,C.1.28,0.04316629,-0.1137695,-0.3676344,0.041923316752559246,-0.1116887139146566,-0.36565475560030336,-175.36937991075862,0.22900587223677407,-0.036081766825376116,0.0023343165681716516,-0.0020843731277345283,0.0031294800168817647
dorytomus_taeniatus_trochanter_aligned,29,C.1.29,0.07067651,-0.09855481,-0.3681158,0.06915427044636634,-0.09672121275356355,-0.36529387377687467,-183.18561637839807,0.2298316045095035,-0.03922221614315658,0.0031600488409010696,-0.00191223718525411,0.003693583589083716
dorytomus_taeniatus_trochanter_aligned,30,C.1.30,0.09684547,-0.08200859,-0.3626446,0.09587102209887624,-0.08133183228633598,-0.3607609558398914,-191.02404951767974,0.22874533589617796,-0.0414413542042276,0.002073780227575539,-0.0008093828541775205,0.002226132304450826
dorytomus_taeniatus_trochanter_aligned,31,C.1.31,0.1225266,-0.06678817,-0.3527784,0.12154119544945151,-0.0658942761274228,-0.3521221970654727,-198.8654685819882,0.22757002450613667,-0.04513566319947051,0.0008984688375342498,-0.0011804339977037582,0.0014834657646723606
dorytomus_taeniatus_trochanter_aligned,32,C.1.32,0.161806,-0.0445977,-0.3288145,0.15992931166933172,-0.041547820825299786,-0.3297020837135648,-211.630538641832,0.22628575503767595,-0.05303432395894239,-0.00038580063092646943,-0.0036691531437783643,0.003689380289333429
dorytomus_taeniatus_trochanter_aligned,33,C.1.33,0.1960063,-0.02296647,-0.2976336,0.192713555709396,-0.01932693268706827,-0.29776235471901075,-224.4445650651676,0.22754936376657434,-0.05962643271264335,0.0008778080979719161,-0.004830572174839125,0.00490968172015204
dorytomus_taeniatus_trochanter_aligned,34,C.1.34,0.2220744,-0.001019448,-0.259575,0.21819700880986131,-0.0007000658342931898,-0.2580404992986227,-237.22243485474252,0.23021969536963555,-0.062425174494353426,0.003548139701033126,-0.0022139477124849187,0.0041822075285265405
dorytomus_taeniatus_trochanter_aligned,35,C.1.35,0.2314287,0.01033279,-0.2346765,0.22894645030781718,0.007800459259518833,-0.23291934302625228,-244.41925676894482,0.23052060747600808,-0.062341155961307806,0.0038490518074056623,0.0009201431018192129,0.003957507188106902
dorytomus_taeniatus_trochanter_aligned,36,C.1.36,0.2394655,0.01831963,-0.2080693,0.23687780239533582,0.014613809190764548,-0.2064333843016904,-251.58058103831348,0.231131429511929,-0.06450327605359903,0.004459873843326578,0.0017930510971343877,0.004806818795765353
dorytomus_taeniatus_trochanter_aligned,37,C.1.37,0.2456006,0.02257404,-0.1801307,0.24191594953254447,0.019598475668963083,-0.17915897610111903,-258.6676311499598,0.23148252161469882,-0.0688208301057788,0.004810965946096396,0.0004790471340245194,0.004834757438705263
dorytomus_taeniatus_trochanter_aligned,38,C.1.38,0.2495889,0.02472899,-0.1286873,0.2438299183734663,0.02380767223721314,-0.12924350616669367,-271.2919307007269,0.23192500125703783,-0.0772434910930408,0.005253445588435407,-0.0025933319386450427,0.005858674004810944
dorytomus_taeniatus_trochanter_aligned,39,C.1.39,0.2373225,0.02272299,-0.0785616,0.2365873843440376,0.021616194343393652,-0.07881103887121885,-284.135670896349,0.22794870395406872,-0.07965015448391202,0.0012771482854662952,0.0004432873340502114,0.0013518917869410419
dorytomus_taeniatus_trochanter_aligned,40,C.1.40,0.2181151,0.01630886,-0.03105367,0.2203047976468971,0.012613254347799294,-0.030554555193419083,-297.1620517076165,0.227029743423694,-0.0813044778085892,0.0003581877550915824,0.004309651267058064,0.004324510667295519
dryophthorus_corticalis_trochanter_aligned,1,C.1.01,0.0454011,0.145058,0.09735513,0.049596153842394984,0.15536108709372287,0.11443353532193157,-75.80672779506972,0.27486980845597947,0.07450510498330971,-0.020306460239287505,-0.0017526212630932926,0.02038195301588178
dryophthorus_corticalis_trochanter_aligned,2,C.1.02,0.005497861,0.1198737,0.1306065,0.002705472807455294,0.12802087122456984,0.1351531024870613,-87.05381527202731,0.2882538793902328,0.06402862733143357,-0.006922389305034193,-0.006850251912537362,0.009738861584172667
dryophthorus_corticalis_trochanter_aligned,3,C.1.03,-0.04150779,0.0915791,0.1485625,-0.04473981303550846,0.0968699949101634,0.14529168000892612,-98.21483850626818,0.2966108647343651,0.05867972417573793,0.0014345960390981238,-0.006861467734461999,0.007009836322372929
dryophthorus_corticalis_trochanter_aligned,4,C.1.04,-0.0893414,0.05947685,0.1522657,-0.09059777034321184,0.06319387910407154,0.14479595049880237,-109.22848457680952,0.3013494160530463,0.05452210174896451,0.006173147357779352,-0.0057518850049006745,0.008437531002044345
dryophthorus_corticalis_trochanter_aligned,5,C.1.05,-0.1300461,0.0295812,0.1445106,-0.12865324025355643,0.032078188239491816,0.13580831875220503,-118.89821168534759,0.30351711266172077,0.05186333928405469,0.008340843966453793,-0.003786162884031697,0.009159951280282392
dryophthorus_corticalis_trochanter_aligned,6,C.1.06,-0.167383,6.591415e-05,0.1259223,-0.16341854080979934,0.0003492270929875514,0.11913686986721081,-128.5603822389977,0.3030382890293862,0.0508615947914024,0.007862020334119202,-0.00016703666451390773,0.007863794566327005
dryophthorus_corticalis_trochanter_aligned,7,C.1.07,-0.1991902,-0.02921796,0.09868932,-0.19397140763262075,-0.03133400903780719,0.09519192333780699,-138.25624088943573,0.3009028431288969,0.0497310486725603,0.0057265744336299496,0.0033393990436957352,0.006629120659404203
dryophthorus_corticalis_trochanter_aligned,8,C.1.08,-0.217795,-0.05105362,0.07260004,-0.2137677349718517,-0.05489679502867709,0.0725133767396014,-145.64997230666484,0.2973481504960421,0.047981979059439565,0.0021718818007750995,0.005126333765193059,0.005567438228547874
dryophthorus_corticalis_trochanter_aligned,9,C.1.09,-0.2293152,-0.07184242,0.04196101,-0.23018546292468753,-0.07764091151748004,0.04634218635520551,-153.06988036968522,0.2904389187304677,0.04488673530659546,-0.004737349964799298,0.005579613158884911,0.007319464986717639
dryophthorus_corticalis_trochanter_aligned,10,C.1.10,-0.2333001,-0.08594382,0.006059885,-0.24281352407180912,-0.09908928479455384,0.017295763401785708,-160.4681178659297,0.27777703595339837,0.045086695671955196,-0.01739923274186861,0.009317732862071697,0.01973710834176693
dryophthorus_corticalis_trochanter_aligned,11,C.1.11,-0.07226079,0.09453999,-0.07072005,-0.07799390777905851,0.07282969793363053,0.14598709217348402,-106.15311504734284,0.0906193470283091,0.13672913867842207,-0.20455692166695788,0.07498437629408074,0.21786736995262562
dryophthorus_corticalis_trochanter_aligned,12,C.1.12,-0.01771594,-0.07392742,-0.1852293,-0.09245582062121767,-0.18383934720485282,-0.35261752527167856,-247.3890110282082,0.08158826047406727,0.002302828236402392,-0.21358800822119972,0.008103221634736998,0.213741665233433
dryophthorus_corticalis_trochanter_aligned,13,C.1.13,-0.2527346,-0.1627672,-0.1399353,-0.24830310833275596,-0.17316041227796625,-0.1367801613047639,-193.99918370620188,0.2936948430025689,0.03136983907446342,-0.0014814256926981018,0.0116368921089315,0.011730809010375107
dryophthorus_corticalis_trochanter_aligned,14,C.1.14,-0.2365097,-0.1841892,-0.1922437,-0.23092504066369998,-0.18704654691502642,-0.18988481801355617,-205.14454061235728,0.29862166936833956,0.020151350887744036,0.003445400673072585,0.005748598935679379,0.006702027717139272
dryophthorus_corticalis_trochanter_aligned,15,C.1.15,-0.2082468,-0.1989289,-0.2416632,-0.20498029834693526,-0.19474207599926874,-0.23987848481651577,-216.1486936401053,0.30060810984926345,0.007769014856102571,0.005431841153996475,-0.0013710719260795977,0.0056022081850582005
dryophthorus_corticalis_trochanter_aligned,16,C.1.16,-0.1693107,-0.2022512,-0.2856091,-0.170785174363714,-0.19632211171778402,-0.2859864528204979,-227.26504359019782,0.29732975976346315,-0.0019062475239233852,0.0021534910681961783,-0.005730011682178089,0.006121319927817709
dryophthorus_corticalis_trochanter_aligned,17,C.1.17,-0.1302775,-0.1976305,-0.3193855,-0.13426159387907477,-0.19252700281636062,-0.32210990602461975,-237.23314719233994,0.2939920404190141,-0.00786719342247155,-0.0011842282762528633,-0.006923776362463148,0.007024320303608066
dryophthorus_corticalis_trochanter_aligned,18,C.1.18,-0.0882781,-0.1894451,-0.3486263,-0.09284957731185486,-0.18393826488765402,-0.3523741600690098,-247.29752475135695,0.29317624493652417,-0.013584156108234107,-0.0020000237587428082,-0.007827515431394113,0.008078990832043841
dryophthorus_corticalis_trochanter_aligned,19,C.1.19,-0.04339969,-0.1766601,-0.371177,-0.04792911501420098,-0.1709068791026918,-0.3754939963041446,-257.3945773277425,0.2928230190450766,-0.018753349553736733,-0.0023532496501903477,-0.008167858643877864,0.008500099925441543
dryophthorus_corticalis_trochanter_aligned,20,C.1.20,0.005949887,-0.1616832,-0.3897852,0.0012771540336543978,-0.15310457171758624,-0.39110360184348847,-267.9634986461572,0.29664646450039306,-0.025387009082336837,0.0014701958051260844,-0.009746999758803011,0.009857255196225575
dryophthorus_corticalis_trochanter_aligned,21,C.1.21,0.05422894,-0.1365689,-0.3964493,0.05137805759532137,-0.13168019976566075,-0.39736772577748214,-278.5794210887228,0.29585705314036553,-0.026409716755332047,0.000680784445098559,-0.00569271103382126,0.0057332736176881
dryophthorus_corticalis_trochanter_aligned,22,C.1.22,0.1011835,-0.1084077,-0.3935896,0.1006579370089099,-0.10751359551153272,-0.39391211104018875,-289.2238450087961,0.2951524450108096,-0.026893489616393117,-2.3823684457358052e-05,-0.0010858568492225142,0.0010861181634355117
dryophthorus_corticalis_trochanter_aligned,23,C.1.23,0.1397948,-0.085141,-0.3837897,0.14017750659532627,-0.08582320237684281,-0.383501369351989,-298.1752062064014,0.2952401043592061,-0.029257345114196674,6.383566393913798e-05,0.000831218377845508,0.0008336659904654112
dryophthorus_corticalis_trochanter_aligned,24,C.1.24,0.1755416,-0.06164328,-0.366521,0.17698255281010683,-0.06352708049801552,-0.36645743526926255,-307.1298582806564,0.29452373905700957,-0.03208999487503301,-0.0006525296382574042,0.0022810731824006837,0.0023725702923774504
dryophthorus_corticalis_trochanter_aligned,25,C.1.25,0.2088914,-0.03865123,-0.3444438,0.21016031097683557,-0.04129945065346763,-0.3432130947953434,-316.06964216002626,0.2956309685155327,-0.03549509863758393,0.00045469982026574707,0.00315136336698981,0.003183997958126733
dryophthorus_corticalis_trochanter_aligned,26,C.1.26,0.238313,-0.01258272,-0.315947,0.24034935920995631,-0.0186691732667709,-0.3126817025606333,-325.4607674173261,0.2971237339679676,-0.03620508716004272,0.0019474652727006214,0.006932619892920684,0.007200961016982006
dryophthorus_corticalis_trochanter_aligned,27,C.1.27,0.2593882,0.01368898,-0.2809762,0.26499503221131826,0.00250302192062328,-0.2767105733408446,-334.83973701858685,0.2962663600035419,-0.034448561046368543,0.0010900913082749208,0.013174577690930738,0.013219598949845136
dryophthorus_corticalis_trochanter_aligned,28,C.1.28,0.2751235,0.03430679,-0.239933,0.28360067538632927,0.021653015331959777,-0.2360230206478996,-344.2561899739996,0.2942188166711626,-0.03643090039506707,-0.0009574520241043549,0.015695596198791312,0.01572477199879141
dryophthorus_corticalis_trochanter_aligned,29,C.1.29,0.2888668,0.0457237,-0.2025056,0.29415716447226475,0.035669484653519115,-0.19903656737807568,-352.17471966934323,0.2957792577249615,-0.044049849061677804,0.0006029890296945228,0.011863633256505178,0.011878947336140026
dryophthorus_corticalis_trochanter_aligned,30,C.1.30,0.2989981,0.05165255,-0.1627283,0.29980540446430254,0.04718363904624684,-0.16116281786794795,-359.90892075978263,0.29679167720791233,-0.055088588261295264,0.0016154085126453555,0.0045237258154871484,0.004803502879819269
dryophthorus_corticalis_trochanter_aligned,31,C.1.31,0.3022513,0.05440302,-0.1214743,0.30077165566113445,0.05629972976354097,-0.12213731345324996,-367.6627837877637,0.29548425836486997,-0.06579675267668626,0.0003079896696029927,-0.0024762036465640043,0.0024952839789969716
dryophthorus_corticalis_trochanter_aligned,32,C.1.32,0.2999513,0.05476988,-0.08565297,0.2977729705164042,0.06210341151042065,-0.08769088059237337,-374.4430394637546,0.2933133468529058,-0.07425786238521676,-0.0018629218423611982,-0.007694699834639176,0.007916999642285118
dryophthorus_corticalis_trochanter_aligned,33,C.1.33,0.2977527,0.05390915,-0.0498337,0.2912982931971,0.06574519408241755,-0.053621462521212124,-381.18641081905423,0.29469538524319716,-0.08378339281910648,-0.00048088345206981353,-0.013995256436410069,0.014003515687689016
dryophthorus_corticalis_trochanter_aligned,34,C.1.34,0.2943671,0.05297251,-0.01410891,0.28159843543068946,0.06717093092194945,-0.02062088747861214,-387.84386688487876,0.29908734136271475,-0.09276452826388625,0.003911072667447779,-0.01979250648180551,0.020175227439668916
e_hypocrita_trochanter_aligned,1,C.1.01,0.0368948,0.1033087,-0.3116194,0.07762129630487821,0.09256348850541836,-0.34548969592100254,145.39498708036797,0.2168190086917342,0.12487100859674362,-0.048617759782914716,0.023613924934276158,0.05404908895726948
e_hypocrita_trochanter_aligned,2,C.1.02,0.08623574,0.1245293,-0.27828,0.11879301430177473,0.1249134768515022,-0.29765758077082927,130.11617085803172,0.22996797594019555,0.10758663824496235,-0.03546879253445337,0.013325880627266026,0.03788950169036592
e_hypocrita_trochanter_aligned,3,C.1.03,0.1199972,0.1433958,-0.2282732,0.14634593386265937,0.1510796344485659,-0.23886168548020262,115.035329840363,0.23662770779733622,0.09330917206875872,-0.028809060677312703,0.005954085626995625,0.029417904629029618
e_hypocrita_trochanter_aligned,4,C.1.04,0.1420779,0.1587977,-0.1710752,0.1590916083066984,0.16891939101667064,-0.17451581271660596,100.39354659834879,0.24534770442950898,0.08107733786938397,-0.020089064045139937,0.0004268735624326909,0.020093598862524348
e_hypocrita_trochanter_aligned,5,C.1.05,0.1441862,0.1669473,-0.1166929,0.15847796407969783,0.17716208070203818,-0.11605270328711756,87.684530666523,0.24785996615051575,0.07458160274576962,-0.017576802324133167,-0.0002492733238903362,0.01757856982611665
e_hypocrita_trochanter_aligned,6,C.1.06,0.1393253,0.1692928,-0.06192807,0.14754588212122327,0.17805870245816913,-0.05935074050861683,75.25456800560976,0.25330833232720323,0.06714842097953524,-0.012128436147445687,-0.0019906481965418026,0.012290713715039684
e_hypocrita_trochanter_aligned,7,C.1.07,0.1297534,0.1658203,-0.007848263,0.12817964591487846,0.17206023877761467,-0.008069031249467187,63.388234763458044,0.2629633268630635,0.057760241414241444,-0.002473441611585414,-0.0059451125374433665,0.006439120785385901
e_hypocrita_trochanter_aligned,8,C.1.08,0.1054977,0.1512234,0.03609525,0.10254185273200192,0.16019878544991195,0.036138187194467125,52.10089793173038,0.26213076430130816,0.04968426705350998,-0.0033060041733407597,-0.008852500045452962,0.009449678335736695
e_hypocrita_trochanter_aligned,9,C.1.09,0.07833924,0.1309714,0.07590342,0.07132020193261118,0.14283436368819302,0.0738505872870291,40.924628767774934,0.2641004248069503,0.039547301429414615,-0.0013363436676986362,-0.013871737836626086,0.013935957986671865
e_hypocrita_trochanter_aligned,10,C.1.10,0.04268898,0.1077313,0.1062587,0.035192589535669866,0.1201213633707888,0.10441392666155422,29.631258283052848,0.2638641186113944,0.033734264673810264,-0.001572649863254505,-0.014513424868159397,0.014598381040242182
e_hypocrita_trochanter_aligned,11,C.1.11,0.01075916,0.08711504,0.1286317,0.0025587318985862764,0.09767156926576454,0.12330532113013325,20.193963581518087,0.26786082534799055,0.029742406216463447,0.002424056873341629,-0.014183849665220181,0.014389497664990317
e_hypocrita_trochanter_aligned,12,C.1.12,-0.02375216,0.06480554,0.1446462,-0.030833177412417367,0.07295819125611462,0.13549614998544401,10.883886797889238,0.27213628424946845,0.0271952606883157,0.006699515774819531,-0.012467815917417342,0.014153796146887991
e_hypocrita_trochanter_aligned,13,C.1.13,-0.06079757,0.04181033,0.1512794,-0.06425120314056598,0.04643811653609364,0.14097256302613626,1.634529638401613,0.27423342261701456,0.027541399772662255,0.008796654142365634,-0.007886301693358645,0.011814181245396151
e_hypocrita_trochanter_aligned,14,C.1.14,-0.09813392,0.01979775,0.1486726,-0.09628978021230428,0.019168836934779256,0.13981480711116467,-7.415685302667955,0.27449659555653494,0.03086350212098397,0.009059827081886018,-0.00042001346168189655,0.009069557765496025
e_hypocrita_trochanter_aligned,15,C.1.15,-0.1340304,-0.002397028,0.1384742,-0.1267877330368351,-0.008780471186356434,0.13227243982556913,-16.457581857181488,0.2738826585867733,0.0349105927403952,0.008445890112124377,0.0077674539668952745,0.01147459807199874
e_hypocrita_trochanter_aligned,16,C.1.16,-0.1664504,-0.02654225,0.1226244,-0.15510244375969162,-0.036970742643839455,0.1184686543420033,-25.547474883743817,0.2735743771823742,0.03671319504509919,0.008137608707725286,0.013732411155673996,0.015962449424462583
e_hypocrita_trochanter_aligned,17,C.1.17,-0.1992968,-0.05826122,0.0905577,-0.1870185039632142,-0.07258295975494883,0.09195906431850241,-37.31308711198791,0.26888073724352624,0.03619350393634651,0.0034439687688773146,0.01860031409002546,0.018916463864279788
e_hypocrita_trochanter_aligned,18,C.1.18,-0.2225227,-0.08825596,0.04964234,-0.2126134755260418,-0.10653330286144659,0.05613464851429224,-49.277455971918414,0.26267057791755927,0.033719032916426875,-0.002766190557089654,0.021604449805463305,0.0217808186621834
e_hypocrita_trochanter_aligned,19,C.1.19,-0.2370036,-0.1168963,0.003998399,-0.23031628392772996,-0.13749171806978577,0.012040696492590791,-61.482177073895954,0.2585353113847354,0.028569960738212528,-0.006901457089913521,0.02204404410980691,0.023099133981148125
e_hypocrita_trochanter_aligned,20,C.1.20,-0.2415524,-0.1426404,-0.03921015,-0.2382394939505497,-0.16134742694816495,-0.032810919084305334,-72.54361021269965,0.25727016939452324,0.01976883225247845,-0.00816659908012568,0.01830805886785179,0.02004690400147206
e_hypocrita_trochanter_aligned,21,C.1.21,-0.2382191,-0.1668002,-0.083437,-0.23806565890204995,-0.18027228779792276,-0.08004708889215065,-83.49091961270769,0.2579326674461767,0.008139794265995526,-0.00750410102847221,0.011691905699204095,0.013892882750696472
e_hypocrita_trochanter_aligned,22,C.1.22,-0.2273988,-0.185838,-0.1289444,-0.22984424830604555,-0.19397376132004,-0.128267454214399,-94.41932010030858,0.2588165620617231,-0.0031895926271735004,-0.006620206412925822,0.005366745039695504,0.008522269959983824
e_hypocrita_trochanter_aligned,23,C.1.23,-0.2095491,-0.2005306,-0.1792549,-0.21189343108494538,-0.20261126219047026,-0.18010130180726872,-106.36905262319095,0.2621965024857035,-0.013823021108081656,-0.0032402659889454455,0.00020522116587782914,0.0032467582919030926
e_hypocrita_trochanter_aligned,24,C.1.24,-0.1826298,-0.2067753,-0.2272328,-0.18537219560089377,-0.20445685397139235,-0.22853944640169715,-118.25923064399299,0.26434470320959924,-0.02313493086636978,-0.0010920652650496798,-0.003662054600263061,0.0038214199505466687
e_hypocrita_trochanter_aligned,25,C.1.25,-0.1481282,-0.2058413,-0.2705263,-0.15144667272142423,-0.1997268077912746,-0.2714774385618973,-130.07875127100033,0.26634981075382924,-0.031847216599503854,0.0009130422791803205,-0.006962061083742239,0.007021676490506275
e_hypocrita_trochanter_aligned,26,C.1.26,-0.1085507,-0.1985664,-0.3053435,-0.11317582376397428,-0.18943918229361734,-0.30593496613273247,-141.37749061413007,0.2675425438494217,-0.04008958756133678,0.0021057753747728003,-0.010030623866388129,0.010249278271076185
e_hypocrita_trochanter_aligned,27,C.1.27,-0.06447572,-0.183757,-0.3312207,-0.0704151485294024,-0.17401291945984526,-0.33263575988816607,-152.72045850703776,0.2666917010487333,-0.04668331134483241,0.0012549325740843775,-0.011430286765890866,0.011498970011092213
e_hypocrita_trochanter_aligned,28,C.1.28,-0.01894128,-0.1629674,-0.3492752,-0.024570421488376196,-0.15410721400304525,-0.3504251390773103,-164.13497960244553,0.26665914087779974,-0.05096881104914433,0.0012223724031508176,-0.010488960643759308,0.010559947427819738
e_hypocrita_trochanter_aligned,29,C.1.29,0.02016676,-0.1398488,-0.3583185,0.016367425572724248,-0.13391189006534243,-0.3579084686019528,-174.08383725601513,0.26739033310299826,-0.05182033703442495,0.0019535646283493358,-0.006784803066616239,0.007060450935308804
e_hypocrita_trochanter_aligned,30,C.1.30,0.05843657,-0.113813,-0.3601384,0.0568762199942404,-0.11189007949979458,-0.35765734826330353,-184.00054457075277,0.26840529190970575,-0.051440845777178626,0.0029685234350568246,-0.0018643502155624525,0.0035054148271993313
e_hypocrita_trochanter_aligned,31,C.1.31,0.09580851,-0.08755958,-0.3524103,0.09591122423611181,-0.08877272535689869,-0.3496985115165054,-193.90672766827313,0.2679233951750005,-0.0524839095773385,0.002486626700351602,0.0016287284315003152,0.0029725525479760598
e_hypocrita_trochanter_aligned,32,C.1.32,0.1361222,-0.06306277,-0.3347111,0.13525294573120505,-0.0634405672438351,-0.3326688260318879,-204.61844032252324,0.26767145143615645,-0.05874303410826379,0.002234682961507528,0.0002746065615452605,0.0022514921057147546
e_hypocrita_trochanter_aligned,33,C.1.33,0.1749302,-0.0412427,-0.3111189,0.1698986070912501,-0.03910404468761275,-0.30785486247849414,-215.17484538350652,0.27056588418694605,-0.06762470631546824,0.005129115712297128,-0.0037731799183513266,0.006367473179086234
e_hypocrita_trochanter_aligned,34,C.1.34,0.2078388,-0.01889998,-0.2801946,0.19925108718747736,-0.016440628215431338,-0.2760198360630738,-225.6879679302213,0.2734215179199403,-0.07445088887545537,0.007984749445291373,-0.005785296256511456,0.009860318274766093
e_hypocrita_trochanter_aligned,35,C.1.35,0.2293213,0.002664232,-0.2463907,0.22062204589067438,0.001962239071858371,-0.24195709671329607,-235.19817936002735,0.2746740543727092,-0.07626066303386456,0.009237285898060277,-0.0032402474398028585,0.009789108960148077
e_hypocrita_trochanter_aligned,36,C.1.36,0.242384,0.02268178,-0.2076884,0.23652923771571896,0.017748639964383486,-0.2038259010239385,-244.70981311166173,0.27385956248237764,-0.07576668153159899,0.008422794007728718,0.0016092083332768816,0.008575139086715634
e_hypocrita_trochanter_aligned,37,C.1.37,0.2485391,0.03793782,-0.1652782,0.2466306919923366,0.030436361521351624,-0.1624537160525685,-254.2662692841252,0.2714618909096046,-0.07613143420386731,0.0060251224349556765,0.005620454576250212,0.008239636521103197
e_hypocrita_trochanter_aligned,38,C.1.38,0.2495041,0.04541323,-0.1292708,0.2503468504855298,0.03809601252503486,-0.12731664304730836,-262.03828318150335,0.26889186660750564,-0.0785186509800322,0.0034550981328567154,0.006792122366748127,0.007620408739204802
e_hypocrita_trochanter_aligned,39,C.1.39,0.2464462,0.04855351,-0.09274293,0.24997303561526338,0.04318225205561141,-0.09130054101245424,-269.85801592675074,0.26554477854161296,-0.08230684477133238,0.00010801006696403714,0.00658466409007139,0.0065855498899971155
e_hypocrita_trochanter_aligned,40,C.1.40,0.2391499,0.04708708,-0.05671474,0.2454712838701724,0.045498334684964864,-0.05501808379436423,-277.7334193450821,0.2610661307346379,-0.08737326840424134,-0.0043706377400110075,0.0051244681417523755,0.006735179878091168
e_micros_trochanter_aligned,1,C.1.01,0.06105459,0.1251888,-0.2618642,0.09876906765808635,0.13391829800702174,-0.2824752532741024,124.39244312796183,0.21792337675227005,0.1312988297288435,-0.0428012890709982,0.009563008491349282,0.0438566012995168
e_micros_trochanter_aligned,2,C.1.02,0.09755171,0.1517591,-0.2205434,0.11775471736284937,0.15664974991704975,-0.22556463867295418,110.36270691976341,0.24035122843103152,0.12045704878967045,-0.020373437392236737,0.006497372526634327,0.021384405554638528
e_micros_trochanter_aligned,3,C.1.03,0.1124562,0.1686702,-0.163646,0.1241610646475049,0.17176900567245107,-0.16365767723322044,96.35677493595003,0.2494057334427794,0.11049653425525544,-0.011318932380488866,0.004299809197594689,0.012108120802577107
e_micros_trochanter_aligned,4,C.1.04,0.1165023,0.1777692,-0.1032615,0.11840770993458219,0.1779897972407981,-0.10277921186916322,82.91816957356963,0.25904530757634087,0.09979302165356309,-0.0016793582469273871,0.0010448004025052002,0.0019778402368741195
e_micros_trochanter_aligned,5,C.1.05,0.1028878,0.1743454,-0.04691234,0.10277560733028265,0.17580647353297235,-0.04694454435799683,70.235374623181,0.25989664038805926,0.09050919875153238,-0.00082802543520899,-0.0012094354316007664,0.0014657285507775886
e_micros_trochanter_aligned,6,C.1.06,0.08002713,0.1624224,0.005122126,0.07827993226330537,0.16566814434245486,0.004503652441842754,57.584578746081775,0.2601055381795953,0.08102076252316041,-0.0006191276436729454,-0.0036860204517430236,0.0037376551218415376
e_micros_trochanter_aligned,7,C.1.07,0.04752296,0.143539,0.04938555,0.046029212482171206,0.14765420935371357,0.04958621311136696,44.84440266464217,0.2589506261476003,0.07363798877297809,-0.001774039675667971,-0.004007402972665791,0.004382521575095187
e_micros_trochanter_aligned,8,C.1.08,0.01767726,0.1228643,0.08444256,0.013640886642721603,0.12641456385075842,0.08125857806161929,33.91377304320665,0.2628000602150997,0.06569398707106713,0.0020753943918314643,-0.005892975682254053,0.006247753538135404
e_micros_trochanter_aligned,9,C.1.09,-0.01703484,0.097046,0.1104365,-0.021542939493880073,0.10060789903014694,0.10518862940242615,23.041837396177478,0.2646800975328082,0.058859961825150325,0.003955431709539936,-0.006701103755929325,0.0077814029298426445
e_micros_trochanter_aligned,10,C.1.10,-0.05383563,0.06577033,0.1250894,-0.058263714785906515,0.07092164184983347,0.12075077539454182,12.18017289638328,0.26323588133144554,0.05188178768762314,0.002511215508177289,-0.007659073624400582,0.008060248886510796
e_micros_trochanter_aligned,11,C.1.11,-0.1099958,0.01341498,0.1274261,-0.11471005725285208,0.01952592301072921,0.12732951054728242,-4.593474319928725,0.2588346591299456,0.04276021945571671,-0.0018900066933226767,-0.007483652193148766,0.0077186252304944055
e_micros_trochanter_aligned,12,C.1.12,-0.1637726,-0.03999173,0.1148948,-0.16648355247649796,-0.03557324355005591,0.11239970698352175,-21.465136388565114,0.26189936967850935,0.03526069621754734,0.0011747038552410993,-0.005631859892746847,0.005753066573493531
e_micros_trochanter_aligned,13,C.1.13,-0.2105762,-0.08695316,0.07610504,-0.20840575137889442,-0.0900868216113101,0.07725855630421272,-38.37222453689673,0.26054559059545956,0.0355001997590863,-0.00017907522780868934,0.003978594505340771,0.003982622524812293
e_micros_trochanter_aligned,14,C.1.14,-0.2288808,-0.112224,0.04935095,-0.2252622070743608,-0.11750800543513766,0.0512544403011307,-47.40815774454697,0.26042455016774796,0.03318777271546063,-0.0003001156555202944,0.006674438861796639,0.006681182793978105
e_micros_trochanter_aligned,15,C.1.15,-0.2403456,-0.1363314,0.01809623,-0.23758408749301635,-0.142949944641725,0.021088590986483843,-56.43568981576463,0.2586911959042672,0.029009739472281172,-0.002033469919001052,0.007500020590817212,0.007770798464389904
e_micros_trochanter_aligned,16,C.1.16,-0.2480501,-0.1593061,-0.01510422,-0.24501897939696407,-0.1659329069716083,-0.012527226970112465,-65.47490604441019,0.2590909178750008,0.02405436299723044,-0.0016337479482674278,0.007554735168536768,0.0077293696913263415
e_micros_trochanter_aligned,17,C.1.17,-0.2504293,-0.1829226,-0.05555458,-0.24719477588739466,-0.18839965016840116,-0.05371473266734402,-75.73395911446642,0.2600591325435197,0.01740147233157338,-0.0006655332797485536,0.00658804435650195,0.006621575567015
e_micros_trochanter_aligned,18,C.1.18,-0.2434774,-0.2013623,-0.09811341,-0.24256527378275838,-0.20644256796591895,-0.09674233683357364,-85.97540513226467,0.25844002512817354,0.00996413478178908,-0.0022846406950947085,0.004827147746209293,0.005340499833294281
e_micros_trochanter_aligned,19,C.1.19,-0.2326142,-0.2175813,-0.1407579,-0.23123285631694085,-0.21963360152895156,-0.14011605512866693,-96.18258579313786,0.2606180009705835,0.0020330923349720113,-0.00010666485268473469,0.0025535542650436797,0.002555781049957302
e_micros_trochanter_aligned,20,C.1.20,-0.2082495,-0.2281638,-0.1904325,-0.20914674024316404,-0.22876938032572863,-0.1908286852334529,-108.43530877123617,0.2595811058057083,-0.00745659315308285,-0.0011435600175599414,-0.00014491656325948488,0.0011527056536986273
e_micros_trochanter_aligned,21,C.1.21,-0.1764784,-0.231533,-0.2368241,-0.1784782117388271,-0.23043634075232322,-0.2379743160402181,-120.732986360449,0.2596029430327039,-0.016422724732107527,-0.0011217227905643279,-0.0022949168648491755,0.0025543894447481235
e_micros_trochanter_aligned,22,C.1.22,-0.1385145,-0.2281472,-0.2783011,-0.1406081025305168,-0.22477405559328545,-0.2790385490679899,-133.0041811329634,0.2611610202517731,-0.02494357271608605,0.0004363544285048704,-0.004014311981515557,0.004037958131557968
e_micros_trochanter_aligned,23,C.1.23,-0.09359077,-0.2157925,-0.3145152,-0.09495683011765378,-0.21158215827966897,-0.31345385939850023,-145.82961442210564,0.26324898275979713,-0.0318256984078907,0.002524316936528881,-0.0037877916420191093,0.004551872309214762
e_micros_trochanter_aligned,24,C.1.24,-0.04536197,-0.1953861,-0.3417153,-0.04547192767725521,-0.19202304715579066,-0.33728493080686556,-158.57390629850136,0.26606903916082475,-0.03664691411825333,0.005344373337556496,-0.0015453348957498905,0.005563307137953707
e_micros_trochanter_aligned,25,C.1.25,0.005591929,-0.1687717,-0.3550422,0.005605843751228712,-0.1674129770403226,-0.34948273686025244,-171.25053655040807,0.2664355147817535,-0.041753374919967015,0.005710848958485226,0.00037437451440573406,0.0057231068576139455
e_micros_trochanter_aligned,26,C.1.26,0.04845754,-0.1447018,-0.354168,0.04781618356799727,-0.14409553394875074,-0.35037852423018434,-181.7864201397705,0.26461335812483006,-0.04783663648670794,0.0038886923015618025,0.00013074934631787126,0.0038908897707065
e_micros_trochanter_aligned,27,C.1.27,0.08940779,-0.1198946,-0.3429746,0.08862215270086546,-0.11903866467721792,-0.3427183568895992,-192.37990529080355,0.26128223086739655,-0.054889963790731126,0.0005575650441282942,-0.0010510152214747881,0.0011897528206335057
e_micros_trochanter_aligned,28,C.1.28,0.1273663,-0.09519386,-0.3238269,0.12691995263326447,-0.09308522589932859,-0.3264574385545235,-203.09259165781413,0.2584978264264523,-0.06234688795360779,-0.0022268393968159494,-0.002570307983477657,0.0034007788562535114
e_micros_trochanter_aligned,29,C.1.29,0.1643469,-0.07153898,-0.2974534,0.1623805562737855,-0.06650252176186919,-0.3009298573636767,-214.2668658891215,0.2582605942360798,-0.07190693032368972,-0.0024640715871884766,-0.005936878493680944,0.00642792151752968
e_micros_trochanter_aligned,30,C.1.30,0.1942632,-0.04770806,-0.2633964,0.19230411788193166,-0.041381359981307736,-0.267223783621667,-225.54106040751248,0.2577010135403713,-0.07924539328459712,-0.0030236522828969714,-0.007026487609851166,0.007649444506580897
e_micros_trochanter_aligned,31,C.1.31,0.218082,-0.02485798,-0.2242394,0.2153598472931897,-0.01909370244205945,-0.22671122068943478,-236.83007520456496,0.25926462855473875,-0.08515543487441918,-0.0014600372685295016,-0.0066794610425838195,0.0068371710995768975
e_micros_trochanter_aligned,32,C.1.32,0.2333034,-0.003246461,-0.1835283,0.2300829891784869,-0.0016584605440309874,-0.18368316246607896,-247.46980979147986,0.2625042400163974,-0.0874956521435798,0.0017795741931291298,-0.003122481286096969,0.00359399133149712
e_micros_trochanter_aligned,33,C.1.33,0.2402773,0.017203,-0.1400618,0.23755164974635984,0.011387194790783234,-0.1380602719961576,-257.9629139950417,0.26648560169158025,-0.08671483494973317,0.0057609358683120004,0.003474261332727429,0.006727471582020007
e_micros_trochanter_aligned,34,C.1.34,0.2379597,0.03109455,-0.09360975,0.23789805015179863,0.019684884452073254,-0.09105245419352688,-268.39035091164914,0.2675458484418317,-0.08647149379939235,0.006821182618563459,0.009497131048129383,0.011692905133504454
e_micros_trochanter_aligned,35,C.1.35,0.2303938,0.03228877,-0.06191042,0.23424298250214484,0.022418211433284263,-0.05949419556714071,-275.3504237402675,0.2634979730841236,-0.08931961238439502,0.00277330726085534,0.010506714029639177,0.010866566746849236
e_micros_trochanter_aligned,36,C.1.36,0.2234639,0.03024652,-0.03010931,0.22752799426734044,0.02279802928531291,-0.028153718468403248,-282.3470905253974,0.2619028076631301,-0.09507684306610852,0.0011781418398618682,0.008627467541766203,0.008707537790848926
e_micros_trochanter_aligned,37,C.1.37,0.2212464,0.02335085,0.001687031,0.21858135017561112,0.020952536363293306,0.0004776465364289273,-288.906566173871,0.2645083466883486,-0.10731225002015166,0.003783680865080352,2.7726493483383272e-05,0.003783782452416583
hylesinus_crenatus_trochanter_aligned,1,C.1.01,0.05037522,0.1564229,-0.2914051,0.07042735071764772,0.15947962305346766,-0.30370351328202905,128.00158475992836,0.20899041863645695,0.0953515984549651,-0.02227474329506582,0.008155874112426064,0.023720928974195366
hylesinus_crenatus_trochanter_aligned,2,C.1.02,0.07349489,0.172348,-0.2611874,0.08811081334420394,0.17454586907208242,-0.26669648443743627,117.21729181524569,0.21687760769381528,0.08918637216131711,-0.01438755423770749,0.0064656119631084225,0.015773580918753503
hylesinus_crenatus_trochanter_aligned,3,C.1.03,0.0886318,0.1837744,-0.2245599,0.09963389020571514,0.18539680035562509,-0.22659239067921788,106.57657514524537,0.22122482987053005,0.08350161448699381,-0.010040332060992724,0.00519624116787648,0.011305272671180163
hylesinus_crenatus_trochanter_aligned,4,C.1.04,0.09578371,0.1897985,-0.1843877,0.10494885303367704,0.19173405741417265,-0.18462795412068986,96.02069164703924,0.22283174152161175,0.07800947161831326,-0.008433420409911019,0.004084283482267367,0.009370376266395393
hylesinus_crenatus_trochanter_aligned,5,C.1.05,0.09869545,0.1913402,-0.1427971,0.10409866201533746,0.1933345045291066,-0.1420712193475703,85.50847863683592,0.22576959083423795,0.07143329834640055,-0.005495571097284824,0.0018701742362041585,0.005805071348318988
hylesinus_crenatus_trochanter_aligned,6,C.1.06,0.09723906,0.1885539,-0.1011944,0.09744477434052828,0.1901878167819755,-0.10104212773028036,75.22175630035576,0.23004892637470306,0.06417393152449023,-0.0012162355568197114,-0.0011206963704649172,0.0016538407675606873
hylesinus_crenatus_trochanter_aligned,7,C.1.07,0.08645213,0.1792036,-0.06199205,0.08533272688003565,0.18237412396603986,-0.06193366170774925,64.93602716226374,0.23006210372479446,0.05788626584269587,-0.001203058206728308,-0.003140277966695723,0.003362840281204424
hylesinus_crenatus_trochanter_aligned,8,C.1.08,0.06838199,0.1628002,-0.01867005,0.06454492959765412,0.16725861727908906,-0.019717487292748193,52.732438861474584,0.23157740638905297,0.04999605444519756,0.00031224445753019747,-0.005966585744520269,0.005974750375368849
hylesinus_crenatus_trochanter_aligned,9,C.1.09,0.04265821,0.1410753,0.01791856,0.037815754143932206,0.14627998174784065,0.016201606163465526,40.52404560951367,0.23215413833219598,0.04363755944122581,0.0008889764006732026,-0.007259183304622359,0.00731341379186639
hylesinus_crenatus_trochanter_aligned,10,C.1.10,0.01200224,0.1145661,0.04672599,0.0065573014391623954,0.12026150278309597,0.044174582969886356,28.336204990796638,0.23284590759666576,0.037709435788764165,0.0015807456651429908,-0.008129937869900279,0.008282188516709029
hylesinus_crenatus_trochanter_aligned,11,C.1.11,-0.0191223,0.08656801,0.06927549,-0.02564229711375903,0.09203934062568914,0.062194836806876014,16.868508105578368,0.23732294727896827,0.031813429412580724,0.006057785347445499,-0.009267400255983443,0.011071651675352094
hylesinus_crenatus_trochanter_aligned,12,C.1.12,-0.05299124,0.05578675,0.08217991,-0.05868572777182904,0.06159373346515838,0.07139474684396088,5.547266242668361,0.2408134845619951,0.026828083535335927,0.009548322630472339,-0.009554973950510076,0.013508071374201307
hylesinus_crenatus_trochanter_aligned,13,C.1.13,-0.08813107,0.0237605,0.08295822,-0.09147277120458072,0.029727377262279295,0.07173807420545694,-5.739179104758609,0.2414532059937818,0.02340116882890563,0.010188044062259038,-0.008298555358619453,0.01314010132588802
hylesinus_crenatus_trochanter_aligned,14,C.1.14,-0.1252774,-0.009615725,0.07095878,-0.12525107636767943,-0.005268689393503074,0.06217049684545875,-17.97887087840569,0.23991062190760024,0.02199619298272601,0.008645459976077463,-0.00462464637612499,0.009804658704012299
hylesinus_crenatus_trochanter_aligned,15,C.1.15,-0.1585132,-0.03976269,0.04597066,-0.1558171347918517,-0.0396645569936981,0.042492731647053306,-30.33634480094108,0.23553302939358697,0.022569969928336008,0.004267867462064201,0.0010768893387893164,0.004401634164914677
hylesinus_crenatus_trochanter_aligned,16,C.1.16,-0.1856009,-0.06531191,0.01059642,-0.18168622716884136,-0.07227667459954899,0.013082274255059284,-42.92244915222246,0.22944766763888372,0.024437996397556012,-0.0018174942926390547,0.008167545235611686,0.008367322192884582
hylesinus_crenatus_trochanter_aligned,17,C.1.17,-0.2039023,-0.08437957,-0.02196833,-0.19821775300345204,-0.09666581373778503,-0.01771696101032444,-53.441499583136945,0.22735379459397115,0.02554524214433017,-0.0039113673375516245,0.013639692209772713,0.014189432618205683
hylesinus_crenatus_trochanter_aligned,18,C.1.18,-0.2148049,-0.0983752,-0.0599725,-0.209501149311631,-0.11787543967185918,-0.05342914440582587,-64.06400573747851,0.22247621721012892,0.026835740947630388,-0.008788944721393854,0.019338021401901977,0.02124157764988597
hylesinus_crenatus_trochanter_aligned,19,C.1.19,-0.2185735,-0.1116397,-0.09958005,-0.21491757917691007,-0.13535944811101847,-0.09339153894786403,-74.91270336754886,0.21902720187180286,0.0245488078654237,-0.012237960059719916,0.02155277731834061,0.024784871929410406
hylesinus_crenatus_trochanter_aligned,20,C.1.20,-0.2127405,-0.1278384,-0.1499934,-0.21244624179523136,-0.15075262150490384,-0.1471190385674997,-88.73318881574978,0.21729062794060158,0.01564929944528595,-0.01397453399092119,0.018388107255726566,0.0230956725104838
hylesinus_crenatus_trochanter_aligned,21,C.1.21,-0.1972211,-0.1399729,-0.1994932,-0.1995968098041582,-0.1578474844321261,-0.20063049193346033,-102.44055718904075,0.21799314463910605,0.0038326457921361514,-0.013272017292416727,0.012259353801342163,0.018067600799129124
hylesinus_crenatus_trochanter_aligned,22,C.1.22,-0.1762712,-0.1477358,-0.2478542,-0.1775212504672578,-0.1567635078743603,-0.2502026562517422,-115.84718876605173,0.22393698194523293,-0.008084297373101297,-0.007328179986289846,0.0059055194936911545,0.00941155579071949
hylesinus_crenatus_trochanter_aligned,23,C.1.23,-0.1551872,-0.1499148,-0.2857334,-0.1542894819003957,-0.1505425556448125,-0.28534343245170624,-126.35629161479002,0.23165836092734157,-0.01725631240112981,0.0003931989958187998,0.0010942779237289302,0.0011627766873623603
hylesinus_crenatus_trochanter_aligned,24,C.1.24,-0.1271777,-0.1449579,-0.3185213,-0.1269357684948748,-0.14008901817709168,-0.31557083702389294,-136.74237030657702,0.2359747453764324,-0.02586805476954371,0.004709583444909626,-0.003207740109084791,0.005698225410774634
hylesinus_crenatus_trochanter_aligned,25,C.1.25,-0.09477755,-0.1319377,-0.3443056,-0.09588707008761911,-0.1257400541799118,-0.340400800759971,-147.17316814680845,0.23679442969284192,-0.03191977199887823,0.005529267761319151,-0.0049311767018283895,0.007408731716091366
hylesinus_crenatus_trochanter_aligned,26,C.1.26,-0.0664846,-0.1180105,-0.3602849,-0.06859208157797382,-0.11160123500383357,-0.3559442189418812,-155.67007762598132,0.23696574652277974,-0.036159314595188015,0.005700584591256969,-0.005644909543900463,0.008022572432885523
hylesinus_crenatus_trochanter_aligned,27,C.1.27,-0.03714043,-0.1010016,-0.3702556,-0.039958589298514896,-0.09558220537082604,-0.36693717674637455,-164.2056793582844,0.23556859459386814,-0.03951559804892391,0.004303432662345369,-0.005459327814794338,0.006951531692276727
hylesinus_crenatus_trochanter_aligned,28,C.1.28,-0.007234126,-0.08288869,-0.3754836,-0.010544367173842887,-0.07806719203618845,-0.37306231428189274,-172.7845883780932,0.23452481778055304,-0.043042136412409365,0.003259655849030263,-0.005426030548995887,0.0063298628557618645
hylesinus_crenatus_trochanter_aligned,29,C.1.29,0.02141037,-0.06610888,-0.3761473,0.01709666204333774,-0.06074368943672209,-0.3741872509318965,-180.8353797165071,0.23419640707290704,-0.047486954223716335,0.0029312451413842644,-0.006530156229841851,0.007157872481752599
hylesinus_crenatus_trochanter_aligned,30,C.1.30,0.04953275,-0.04901313,-0.3717309,0.044300443934480974,-0.04293456885796011,-0.37079321805224097,-188.89877967775735,0.23337391204357402,-0.0520974865407901,0.0021087501120512497,-0.0077947644429361435,0.008074972430661149
hylesinus_crenatus_trochanter_aligned,31,C.1.31,0.07594496,-0.03096718,-0.3628274,0.07072867818698747,-0.024929347345404165,-0.3628527904164176,-197.02601350382167,0.23244108349894546,-0.055567084031801384,0.0011759215674226886,-0.007891949838803175,0.00797907662520639
hylesinus_crenatus_trochanter_aligned,32,C.1.32,0.09738397,-0.01122983,-0.3487886,0.09529289657096542,-0.0075566511188975075,-0.35075295005441365,-205.024492806936,0.22977978566804122,-0.05541194229470485,-0.0014853762634815526,-0.004417822955976428,0.004660847810695678
hylesinus_crenatus_trochanter_aligned,33,C.1.33,0.1187175,0.007305511,-0.3330533,0.11816646136244272,0.009218665240862706,-0.33447540291760713,-213.09106526793897,0.22989699386636006,-0.056369732521943765,-0.0013681680651627115,-0.002028372644054243,0.0024466670058834496
hylesinus_crenatus_trochanter_aligned,34,C.1.34,0.1397412,0.02363467,-0.3146799,0.1385469874805544,0.024727882268936706,-0.31461506490890867,-221.0846566202241,0.23165745599538773,-0.059230438116156414,0.00039229406386495635,-0.0015721213576081106,0.0016203271878207702
hylesinus_crenatus_trochanter_aligned,35,C.1.35,0.1632928,0.04332349,-0.2853578,0.16110008852031701,0.04269011262896429,-0.28380416968222455,-231.49832618736082,0.23395340183583188,-0.06260900083218314,0.0026882399043091088,-0.0006295108485679105,0.0027609631818596623
hylesinus_crenatus_trochanter_aligned,36,C.1.36,0.1794231,0.06062065,-0.2501054,0.17850813630974868,0.057449710997466506,-0.24839735214566927,-241.89419176413205,0.23429827711681864,-0.06414626528637693,0.003033115185295865,0.002147010120534611,0.003716105513161614
hylesinus_crenatus_trochanter_aligned,37,C.1.37,0.1886165,0.07343599,-0.2106929,0.1903436551783269,0.06845981963626185,-0.20942258575213318,-252.3070961861139,0.2330769574887571,-0.06550762238029197,0.0018117955572343192,0.005106508753158708,0.005418397806298536
hylesinus_crenatus_trochanter_aligned,38,C.1.38,0.1927425,0.08399484,-0.1652389,0.1965485448526138,0.07567550281509787,-0.16372155504142344,-263.83095038282335,0.2334466459093164,-0.06638260919801987,0.0021814839777936357,0.009013368515385959,0.009273601476207663
hylesinus_crenatus_trochanter_aligned,39,C.1.39,0.1880922,0.08833779,-0.1188265,0.19538376138951263,0.0772472055026878,-0.11701913510476492,-275.3701606272354,0.23242367238711367,-0.0668390716119078,0.0011585104555908998,0.013345124704470418,0.013395316340183294
hylesinus_crenatus_trochanter_aligned,40,C.1.40,0.1723234,0.08661415,-0.07474742,0.18692219456617962,0.07289910425711779,-0.07093476279554282,-286.9868251630069,0.228170459795354,-0.06485048675354332,-0.0030947021361687754,0.020154067980483678,0.0203902829179383
hylurgops_palliatus_trochanter_aligned,1,C.1.01,0.05066031,0.1004052,-0.3012108,0.07545844223773612,0.11125049139398285,-0.3303321939955845,138.17876525233714,0.19302706810643275,0.0902350626054757,-0.03974674277725476,0.00090539203964679,0.039757053413786984
hylurgops_palliatus_trochanter_aligned,2,C.1.02,0.07350335,0.1172714,-0.2796302,0.09740958764823421,0.12941802480015308,-0.299968667691968,127.96625990342024,0.19913097986119568,0.08613668687011222,-0.033642831022491826,0.0009283756668671831,0.033655637872231324
hylurgops_palliatus_trochanter_aligned,3,C.1.03,0.09224033,0.1318969,-0.2530384,0.11386288844217665,0.14439622013525782,-0.26608598561544183,118.02532860717169,0.20460222706382564,0.08180432530057549,-0.028171583819861873,0.0006077770164991415,0.028178139183084663
hylurgops_palliatus_trochanter_aligned,4,C.1.04,0.1056805,0.1436465,-0.2221619,0.12488746776272999,0.15597383588795732,-0.22963164171542938,108.26368405299334,0.208761967318962,0.07757214730531127,-0.02401184356472552,0.0003150089704150789,0.024013909761392366
hylurgops_palliatus_trochanter_aligned,5,C.1.05,0.1145985,0.1535544,-0.183446,0.13091212212608425,0.16478875225124245,-0.1859634717501929,97.23576163091477,0.21280988095568448,0.07315899207201496,-0.019963929928003027,0.0003522828699565976,0.019967037872220327
hylurgops_palliatus_trochanter_aligned,6,C.1.06,0.119047,0.1598615,-0.1432337,0.13012698817112484,0.16860685621021831,-0.1425049587477064,86.53298010708704,0.218640938914544,0.06828652919825517,-0.014132871969143507,-0.0002009647542762942,0.014134300723016505
hylurgops_palliatus_trochanter_aligned,7,C.1.07,0.1141791,0.1608938,-0.1025909,0.12301090670893564,0.16753416077994374,-0.09984009634484003,75.92009352179079,0.22139736972441273,0.06469313457605219,-0.011376441159274775,0.0004885778654571755,0.011386927670845055
hylurgops_palliatus_trochanter_aligned,8,C.1.08,0.1014683,0.1558501,-0.06380332,0.10990862047830954,0.16154096322926373,-0.059024939728045414,65.30326911788944,0.22161190538844297,0.061287406572430266,-0.01116190549524454,0.0013673762501194135,0.011245348020144257
hylurgops_palliatus_trochanter_aligned,9,C.1.09,0.08380547,0.1465777,-0.0278373,0.09139849546842183,0.15074258828807036,-0.021516867972365822,54.70743643035826,0.2223116305878403,0.0579872582397092,-0.010462180295847223,0.0023432828871771403,0.01072138942638275
hylurgops_palliatus_trochanter_aligned,10,C.1.10,0.06649458,0.1329302,0.006883502,0.06895422003981982,0.13592240754134474,0.010575853562237086,44.437599099202885,0.22742781590664868,0.05126087301295824,-0.0053459949770388315,-0.00023860607828576238,0.005351317142080059
hylurgops_palliatus_trochanter_aligned,11,C.1.11,0.04683488,0.1189726,0.03188958,0.04730854141293692,0.1204659204482663,0.03349927268381733,35.82907539588205,0.23061097608067377,0.047419108193883966,-0.002162834803013741,-0.000606314478239605,0.0022462127307204733
hylurgops_palliatus_trochanter_aligned,12,C.1.12,0.02513809,0.1017699,0.05286429,0.023990441920889373,0.1028129677097254,0.05202232314850763,27.341920881997897,0.2334008707775918,0.042950864144620696,0.0006270598939042971,-0.0016494818668378263,0.0017646513932134216
hylurgops_palliatus_trochanter_aligned,13,C.1.13,0.001775444,0.0810613,0.06809437,-0.0005275035542775114,0.08326033659615503,0.06600650247217632,18.92411873847879,0.23435324974419922,0.03773859370964664,0.001579438860511706,-0.003464663488511981,0.0038076922410723323
hylurgops_palliatus_trochanter_aligned,14,C.1.14,-0.02975833,0.04897493,0.08150592,-0.03445821364267046,0.05459012022923671,0.0773861391888454,7.6743567771543635,0.23554365087764997,0.028731099266731713,0.002769839993962464,-0.007932203218839043,0.008401896303639696
hylurgops_palliatus_trochanter_aligned,15,C.1.15,-0.06218264,0.01520158,0.08493207,-0.06847900979866531,0.023858033767168486,0.08004834293385016,-3.5920108651455673,0.23566562249000617,0.02071196838887089,0.002891811606318656,-0.011404677994352838,0.011765596224642193
hylurgops_palliatus_trochanter_aligned,16,C.1.16,-0.09468162,-0.01793396,0.07789195,-0.1014167991279143,-0.008143190257801053,0.07380147183727348,-14.962507067458674,0.23473449634454177,0.015113882033694981,0.001960685460854261,-0.01241408611832496,0.012567968078794341
hylurgops_palliatus_trochanter_aligned,17,C.1.17,-0.1342541,-0.05719788,0.0597843,-0.13849156792036713,-0.047834658341352046,0.05383326243702957,-29.172568883129987,0.23740658120565325,0.010858166405323565,0.00463277032196574,-0.010935188220826989,0.011876064258878011
hylurgops_palliatus_trochanter_aligned,18,C.1.18,-0.1712216,-0.08714971,0.02555043,-0.16858026620398703,-0.08498437751452866,0.021803085212167395,-43.302830162084206,0.23777837234851684,0.015277147832207091,0.005004561464829332,-0.0008137975781724889,0.005070296041997353
hylurgops_palliatus_trochanter_aligned,19,C.1.19,-0.1973759,-0.1145161,-0.01919998,-0.18991729253209141,-0.11790789319277442,-0.020466930525788685,-57.4644021054853,0.2374471416806387,0.017224274670688842,0.004673330796951203,0.006848374209982746,0.008290974011398708
hylurgops_palliatus_trochanter_aligned,20,C.1.20,-0.2058633,-0.1297341,-0.05392423,-0.19845408059537145,-0.13654568711596482,-0.05292935410223279,-66.87889293438309,0.23477105734071174,0.016490973192291206,0.001997246457024232,0.009914385299460812,0.010113556707521858
hylurgops_palliatus_trochanter_aligned,21,C.1.21,-0.2070961,-0.1406684,-0.09118454,-0.20213424939509997,-0.1522257719137758,-0.08820928355292586,-76.38901159949839,0.22970900487995802,0.015294635407814523,-0.003064806003729492,0.012555951659035638,0.012924587339816173
hylurgops_palliatus_trochanter_aligned,22,C.1.22,-0.2014443,-0.1482788,-0.1288614,-0.20060629492627713,-0.1645907810663336,-0.12570758154842723,-86.07890962913488,0.22362117772350393,0.01271919093296171,-0.009152633160183582,0.01389096310097318,0.016635190099229168
hylurgops_palliatus_trochanter_aligned,23,C.1.23,-0.1914107,-0.1533844,-0.1647369,-0.1937886891683911,-0.17300751767602507,-0.16345362189161838,-95.70869909562116,0.21902522323687654,0.009201928357149718,-0.013748587646810972,0.014259899026063194,0.019808290751994837
hylurgops_palliatus_trochanter_aligned,24,C.1.24,-0.177966,-0.156811,-0.1996816,-0.18154131969642373,-0.1774574401636218,-0.20128250253726815,-105.52061482098213,0.21696050316668306,0.00482287349263087,-0.015813307717004454,0.013840541548032277,0.02101478744349993
hylurgops_palliatus_trochanter_aligned,25,C.1.25,-0.1621059,-0.1616709,-0.2334239,-0.1645381608572063,-0.17773252165183234,-0.23681204976235654,-115.17992517425867,0.21999747525876515,-0.0023263329125154442,-0.012776335624922364,0.010589447094895997,0.016594310524281022
hylurgops_palliatus_trochanter_aligned,26,C.1.26,-0.1333727,-0.1665293,-0.2791893,-0.13378454303944193,-0.17158150166453115,-0.28118991872670995,-128.52008472443472,0.2284929908601689,-0.014927183351334366,-0.004280820023518622,0.0033721523637185395,0.005449479941966098
hylurgops_palliatus_trochanter_aligned,27,C.1.27,-0.09673291,-0.1595372,-0.3185909,-0.0963897170638517,-0.15855569037940415,-0.31759584752423203,-141.72438662355702,0.23415888359384757,-0.02401901935669108,0.0013850727101600568,-0.00039095465702099213,0.001439191424472878
hylurgops_palliatus_trochanter_aligned,28,C.1.28,-0.05364593,-0.1419149,-0.3464578,-0.054009350474766044,-0.13959762304582685,-0.3444796529463283,-154.8938222010026,0.23533939668566284,-0.030625780420427,0.0025655858019753286,-0.0016830573913190234,0.0030683729710990347
hylurgops_palliatus_trochanter_aligned,29,C.1.29,-0.01673135,-0.1253995,-0.3607376,-0.01859125098633457,-0.12136192492718725,-0.35799560642607964,-165.21152340855394,0.23637432676215714,-0.03689019197829644,0.003600515878469629,-0.0037836567386426607,0.005223004203232815
hylurgops_palliatus_trochanter_aligned,30,C.1.30,0.02087267,-0.1055015,-0.3661583,0.01768018340590343,-0.10086739514202214,-0.3643661495523366,-175.5483907544136,0.23555396710124066,-0.04248859392902115,0.002780156217553148,-0.005210511790724695,0.0059058193093998726
hylurgops_palliatus_trochanter_aligned,31,C.1.31,0.05792284,-0.08390191,-0.3658229,0.053704136324588175,-0.07887863820226616,-0.3633205279509713,-185.90303294762737,0.2364266346350782,-0.047452589507281734,0.003652823751390699,-0.005995787251719103,0.0070208679040843274
hylurgops_palliatus_trochanter_aligned,32,C.1.32,0.08852214,-0.06296371,-0.3590376,0.08428514140315861,-0.05897019682343094,-0.35625178351865106,-195.0165710280472,0.23667016389424503,-0.05028048695737728,0.0038963530105575184,-0.005145824645860201,0.006454539338234926
hylurgops_palliatus_trochanter_aligned,33,C.1.33,0.1166679,-0.04136831,-0.3463002,0.11310092444581044,-0.03911567848408719,-0.34356885946218135,-204.1429800367924,0.23648375565103272,-0.05220802544102586,0.003709944767345208,-0.003390308880832101,0.005025722284826441
hylurgops_palliatus_trochanter_aligned,34,C.1.34,0.1423887,-0.02096191,-0.3277861,0.13944845315294005,-0.01990733153931913,-0.3255692666179855,-213.27509873251228,0.23593032748395076,-0.05467285390417239,0.003156516600263254,-0.0021697788936328568,0.0038303443050190563
hylurgops_palliatus_trochanter_aligned,35,C.1.35,0.1673304,-0.001809073,-0.3033055,0.16387639547590088,-0.0009728572160384863,-0.30130740699290814,-222.91049409568953,0.23611183897191218,-0.058732336595835544,0.0033380280882246705,-0.0023408007683389616,0.004076981696651687
hylurgops_palliatus_trochanter_aligned,36,C.1.36,0.1886922,0.01515702,-0.274253,0.1841754635723026,0.015936744412186926,-0.27238288289171214,-232.51687745362835,0.2367512121742275,-0.06321557461244566,0.00397740129054,-0.0029472860548259406,0.004950375350916326
hylurgops_palliatus_trochanter_aligned,37,C.1.37,0.2040597,0.02949813,-0.2403946,0.19994565896547273,0.030346333670021347,-0.2394548682606499,-242.141986086966,0.23592716626929228,-0.06708248349470713,0.003153355385604767,-0.0029298854335335256,0.00430440226298077
hylurgops_palliatus_trochanter_aligned,38,C.1.38,0.2166269,0.04524078,-0.1918873,0.2131659789959559,0.04470175726424698,-0.19132061712006154,-254.89008859843986,0.23598012017180317,-0.07081683825297584,0.0032063092881156607,-0.00151961506351148,0.003548189565441463
hylurgops_palliatus_trochanter_aligned,39,C.1.39,0.2185374,0.0562777,-0.1405715,0.21721178090512852,0.05286005445946895,-0.14007252169357845,-267.6655220378281,0.2358897744680488,-0.07245855672175659,0.003115963584361281,0.0019943212671516466,0.0036995332645725627
hylurgops_palliatus_trochanter_aligned,40,C.1.40,0.2120105,0.0612602,-0.08869366,0.2120203097225417,0.0541852522197484,-0.08842999669178983,-280.4086337517336,0.23708216397057053,-0.07397742937063566,0.0043083530868830155,0.005618059659952587,0.0070798658648338585
hylurgops_palliatus_trochanter_aligned,41,C.1.41,0.2060203,0.06012826,-0.06104304,0.20559912739242703,0.05200178372161428,-0.06151688709115338,-287.21073394846013,0.23822705278245349,-0.07628218827040081,0.005453241898765976,0.006058356784465126,0.008151167654657229
hylurgops_palliatus_trochanter_aligned,42,C.1.42,0.1979916,0.05423212,-0.03453882,0.1968858457780848,0.047857098337926784,-0.03582674576482871,-293.9362365502429,0.2379180250374543,-0.08092438583574076,0.005144214153766785,0.00413030351270728,0.0065971468353293195
hylurgops_palliatus_trochanter_aligned,43,C.1.43,0.1909972,0.04649117,-0.008216528,0.18623845810135692,0.041926977642512894,-0.01194404646100114,-300.5072343769132,0.24034743114003004,-0.08759627086877066,0.007573620256342534,0.00011021081556465997,0.007574422104104656
larinus_turbinatus_trochanter_aligned,1,C.1.01,0.09008127,0.1237238,-0.3418263,0.101785837158781,0.13085864233758193,-0.3566057163543864,136.83015628446495,0.22838086071541597,0.09784668459740198,-0.020075806740431357,-0.0018154886542531307,0.020157728426905414
larinus_turbinatus_trochanter_aligned,2,C.1.02,0.1140349,0.1408798,-0.3062317,0.12953572702687888,0.14882534411901416,-0.3184212885303014,125.22415642547953,0.22719679761731998,0.09439441001217846,-0.021259869838527345,-0.00010636188860994918,0.021260135898024606
larinus_turbinatus_trochanter_aligned,3,C.1.03,0.131203,0.1534726,-0.265221,0.14991857244586915,0.16308740204027478,-0.2742266718444324,113.57004283349512,0.22557910400651263,0.08997849316430344,-0.022877563449334698,0.0006605196753427447,0.022887096705782754
larinus_turbinatus_trochanter_aligned,4,C.1.04,0.1442252,0.1622795,-0.2217698,0.16205079650010581,0.17277197415339265,-0.22613184889423027,101.95677625932291,0.2273176221675512,0.0842635189843529,-0.021139045288296132,0.00011017848799915129,0.02113933241613494
larinus_turbinatus_trochanter_aligned,5,C.1.05,0.1478939,0.1684105,-0.1596736,0.16485239188771114,0.17769264104798402,-0.15826501395870632,86.28549787859765,0.22912898673526236,0.07865830174822544,-0.019327680720584967,0.0014742666445011151,0.019383825839497274
larinus_turbinatus_trochanter_aligned,6,C.1.06,0.1412544,0.1692327,-0.09752636,0.15267185921455415,0.1728076281290153,-0.09308800775070981,70.98866186357753,0.23624956738255778,0.0740993372484697,-0.01220710007328954,0.0037180861384730085,0.012760778061404065
larinus_turbinatus_trochanter_aligned,7,C.1.07,0.1199042,0.1575995,-0.03994346,0.12754908470412368,0.15869226647404,-0.034719787280294206,56.013696719575385,0.23998526206315343,0.06761525101047088,-0.008471405392693893,0.0038936420047772135,0.009323366204795805
larinus_turbinatus_trochanter_aligned,8,C.1.08,0.0995255,0.1405969,-0.002774595,0.1027805578607359,0.14333062347234224,0.001332154000582647,45.36350047328465,0.24254624200912966,0.05901533921226516,-0.00591042544671766,3.006813182509761e-05,0.005910501929088595
larinus_turbinatus_trochanter_aligned,9,C.1.09,0.07549565,0.1182746,0.02900883,0.07390642291051815,0.12436769364274135,0.030942237844401116,34.911771840326196,0.24508557805909423,0.048678109287239604,-0.0033710893967530964,-0.00565908606164002,0.00658707057605654
larinus_turbinatus_trochanter_aligned,10,C.1.10,0.04697606,0.09359351,0.05476534,0.04173460223808831,0.1021841291325564,0.05376525228367007,24.515981406758694,0.24798237135346432,0.039612173002152355,-0.0004742961023830039,-0.010101823360075467,0.010112951695271872
larinus_turbinatus_trochanter_aligned,11,C.1.11,0.01622702,0.07026895,0.07314485,0.009645137975040047,0.07905013641236158,0.06844132199486078,14.825188278512076,0.2516762519849777,0.03390702481777648,0.003219584529130348,-0.011497297810966192,0.011939580457213043
larinus_turbinatus_trochanter_aligned,12,C.1.12,-0.0171084,0.04612878,0.08469255,-0.023129546510510177,0.05437635222454381,0.07629017658717105,5.232339741541252,0.25536536571138685,0.029862284506563846,0.006908698255539525,-0.011275922147772016,0.013224089075195703
larinus_turbinatus_trochanter_aligned,13,C.1.13,-0.05166042,0.02103359,0.08662158,-0.05580322790384861,0.028628863074022966,0.07729938551148793,-4.324455146365529,0.2564878117655115,0.02702632631060516,0.008031144309664173,-0.009861798089403495,0.012718267982662325
larinus_turbinatus_trochanter_aligned,14,C.1.14,-0.09895147,-0.01101068,0.07505755,-0.09875714677238184,-0.007339070838834,0.0676879645693857,-17.39241813206504,0.255654466002667,0.027073941940597333,0.007197798546819678,-0.004002619248401445,0.008235852400830936
larinus_turbinatus_trochanter_aligned,15,C.1.15,-0.1428265,-0.03957709,0.04944234,-0.1376940655510817,-0.04284956946778243,0.04580543986514293,-30.510679861004444,0.25353436587553657,0.0301918742552737,0.005077698419689247,0.004949245052440719,0.007090701504817703
larinus_turbinatus_trochanter_aligned,16,C.1.16,-0.1765245,-0.06848529,0.01168495,-0.17059036521905654,-0.07654289834393718,0.012397422263573321,-43.78499250478756,0.2494312366971643,0.029324128969429517,0.0009745692413169749,0.009984830461401363,0.010032279130339734
larinus_turbinatus_trochanter_aligned,17,C.1.17,-0.197693,-0.09310821,-0.02458025,-0.1917899488418927,-0.10202915868773936,-0.023184127056356835,-54.9587328459272,0.24868006569420437,0.025155704185181062,0.0002233982383570421,0.010785573279403207,0.010787886620570194
larinus_turbinatus_trochanter_aligned,18,C.1.18,-0.2111001,-0.1153547,-0.06574942,-0.20608259079402205,-0.12401975612855766,-0.06413033902051292,-66.13114558542979,0.24798979799285764,0.019533782118090457,-0.000466869462989683,0.010132228405725564,0.010142978830760962
larinus_turbinatus_trochanter_aligned,19,C.1.19,-0.217806,-0.1344513,-0.1100207,-0.21282556758655824,-0.1418214401176469,-0.10880677556880287,-77.28907637538053,0.2487009855671996,0.013413690893293112,0.0002443181113522819,0.008974273985327885,0.008977599061178166
larinus_turbinatus_trochanter_aligned,20,C.1.20,-0.2182788,-0.1438032,-0.1422291,-0.21289251578132617,-0.1514029416121299,-0.14094307453009924,-84.98769926589206,0.2489155475649432,0.010407791403799709,0.0004588801090958661,0.009392093526481887,0.009403296856140766
larinus_turbinatus_trochanter_aligned,21,C.1.21,-0.2132594,-0.1492456,-0.1749437,-0.2091510677610774,-0.1586516469929274,-0.17356965091090293,-92.70851900179719,0.2468635273651726,0.007814508459940708,-0.0015931400906747106,0.0102324009581946,0.010355680794509721
larinus_turbinatus_trochanter_aligned,22,C.1.22,-0.2007083,-0.1519726,-0.2059291,-0.20165813477544278,-0.16344656856703252,-0.20589918277148017,-100.40639653711813,0.24137441593599643,0.003235985459146464,-0.007082251519850896,0.009077265514901605,0.011513254788219216
larinus_turbinatus_trochanter_aligned,23,C.1.23,-0.1711878,-0.1547797,-0.252923,-0.18076919611530995,-0.1659531030760491,-0.2584410429020667,-113.41771142221363,0.23312053537000382,-0.008178022149794455,-0.015336132085843501,0.0034496286659509118,0.015719315674907385
larinus_turbinatus_trochanter_aligned,24,C.1.24,-0.1357386,-0.1547465,-0.2957132,-0.1493629341546278,-0.1613316451127462,-0.30727786160703086,-126.80999059024015,0.22971467160322986,-0.02096953359339696,-0.01874199585261746,-0.0033860902023552263,0.019045419801044464
larinus_turbinatus_trochanter_aligned,25,C.1.25,-0.09941536,-0.1504402,-0.3375421,-0.10937484840356423,-0.14990509225782478,-0.34816973699141807,-140.22012640481333,0.23581162125709632,-0.03079474392363307,-0.012645046198751009,-0.00724756677853159,0.014574787050856826
larinus_turbinatus_trochanter_aligned,26,C.1.26,-0.06017554,-0.1386196,-0.3709227,-0.06624359854107038,-0.13394085382883641,-0.3770175577479643,-152.69873748672984,0.24280615896393826,-0.037092333884988386,-0.0056505084919090676,-0.007995689147460593,0.009790775820125585
larinus_turbinatus_trochanter_aligned,27,C.1.27,-0.01802713,-0.1219497,-0.3981111,-0.021278318811735395,-0.11470456748397703,-0.3950167845559599,-164.6754693194504,0.252786072771107,-0.04176411700650735,0.00432940531525966,-0.0073411995986836535,0.008522732069677639
larinus_turbinatus_trochanter_aligned,28,C.1.28,0.02790526,-0.09937268,-0.4113066,0.024592201762110136,-0.09303851404142782,-0.4026560549962982,-176.46486643160623,0.25804597270845625,-0.045494700972490906,0.009589305252608926,-0.005828822086128606,0.011221851101286952
larinus_turbinatus_trochanter_aligned,29,C.1.29,0.0665937,-0.07895338,-0.4103779,0.06217513942858467,-0.07399178745042816,-0.40118658833831466,-186.14777752751186,0.25853806228915893,-0.049166926200873234,0.010081394833311608,-0.005194878865608476,0.011341132580719893
larinus_turbinatus_trochanter_aligned,30,C.1.30,0.1040406,-0.05845859,-0.4007694,0.09858350805650402,-0.05451335976058278,-0.3927520180751325,-195.82715523018464,0.2576201946129663,-0.05334151135650192,0.009163527157118989,-0.005064866937217229,0.010470105398274311
larinus_turbinatus_trochanter_aligned,31,C.1.31,0.1386603,-0.03708757,-0.3846642,0.1330392681237867,-0.035150002845367956,-0.3774752544140364,-205.55937196796188,0.2570659976207665,-0.05619786378448022,0.00860933016491916,-0.0035931237915598586,0.009329046278696478
larinus_turbinatus_trochanter_aligned,32,C.1.32,0.166595,-0.01718375,-0.3671594,0.1608034140040741,-0.01884078730025597,-0.35875454127564177,-214.1117094114317,0.2587847073431673,-0.0569194758735981,0.01032803988731995,-0.0005113543047579388,0.010340691037791696
larinus_turbinatus_trochanter_aligned,33,C.1.33,0.1901548,0.002367935,-0.3438012,0.1855522346125438,-0.003685534152706338,-0.33556695273343584,-222.64099988780842,0.2590130709041363,-0.05643385792201347,0.010556403448288953,0.0037673958130848622,0.011208520195614406
larinus_turbinatus_trochanter_aligned,34,C.1.34,0.2119598,0.01865888,-0.3165601,0.20678209830579963,0.009903628830178146,-0.3084875900791934,-231.13558566531353,0.26012745680013444,-0.05828499823968324,0.011670789344287114,0.005693953844525742,0.012985701147890064
larinus_turbinatus_trochanter_aligned,35,C.1.35,0.2290577,0.02997982,-0.2807913,0.22519109702225734,0.022328840285624416,-0.27588080783614277,-240.1954054267652,0.25696367270871057,-0.06298488349176143,0.008507005252863242,0.005023136878120722,0.009879323988440636
larinus_turbinatus_trochanter_aligned,36,C.1.36,0.2368959,0.03497882,-0.240622,0.23883671506972873,0.0322360027900456,-0.2402056190719809,-249.25695878495983,0.24828298340114022,-0.06865658525626692,-0.00017368405470710724,0.003381274361607892,0.0033857321895457496
larinus_turbinatus_trochanter_aligned,37,C.1.37,0.2465652,0.0401305,-0.2008741,0.24765811443530006,0.039504979631882806,-0.20083473756855214,-258.67220271576014,0.2478594109142097,-0.07511568018993653,-0.0005972565416376141,0.0011093113712106006,0.001259875825161423
larinus_turbinatus_trochanter_aligned,38,C.1.38,0.2484511,0.04223835,-0.1393118,0.25028990804759127,0.044029753095588584,-0.13926364480887293,-272.8838027621769,0.2459402475541999,-0.08305533731333066,-0.0025164199016474154,-0.0005101861305406087,0.0025676173798296407
larinus_turbinatus_trochanter_aligned,39,C.1.39,0.2477731,0.04321446,-0.07769507,0.24064101916895572,0.0405312555121191,-0.08015896694944531,-286.6784811716086,0.2562357807855052,-0.0905831446053961,0.007779113329657861,-0.001903246512188912,0.008008554893476056
larinus_turbinatus_trochanter_aligned,40,C.1.40,0.2244244,0.03118576,-0.02194576,0.2197015502990713,0.0291523935114108,-0.025066926127181477,-300.48157166622786,0.25433906696733033,-0.09607494582210421,0.005882399511483005,-0.0012565598096587643,0.006015111517498652
leiosoma_deflexum_trochanter_aligned,1,C.1.01,0.002844632,0.06685114,-0.3000861,0.014116011806511189,0.061733538293642476,-0.34198428585807306,171.25688107517493,0.21457147679138996,0.10326409956236277,-0.043645343032060996,0.0019431571678316046,0.04368857777686489
leiosoma_deflexum_trochanter_aligned,2,C.1.02,0.05766169,0.09467875,-0.2887854,0.07315034169063706,0.09804053483905881,-0.32029091137055626,155.15591619140557,0.2229551120709838,0.0941194881251959,-0.03526170775246715,-0.0006396417730628142,0.03526750877533382
leiosoma_deflexum_trochanter_aligned,3,C.1.03,0.1024498,0.1245345,-0.2570077,0.12258258142887307,0.1323411323677251,-0.28111741082983976,139.23915089294908,0.2258522350715265,0.08798220175644658,-0.03236458475192447,-0.0002901846336058729,0.03236588564037886
leiosoma_deflexum_trochanter_aligned,4,C.1.04,0.1359199,0.1515384,-0.2116472,0.15932617118676884,0.1617669850950777,-0.22778259039298981,123.46920876397171,0.2280233169039662,0.08293207433795467,-0.03019350291948475,0.0010865949112066349,0.030213048622242646
leiosoma_deflexum_trochanter_aligned,5,C.1.05,0.1548031,0.1688364,-0.163595,0.17928735164110893,0.18148763045467403,-0.17313713850138057,109.8624951018367,0.22906921610183814,0.07730108503113402,-0.02914760372161282,0.0010009070435191422,0.0291647838603674
leiosoma_deflexum_trochanter_aligned,6,C.1.06,0.1618893,0.1801483,-0.1108066,0.18734071980137781,0.1945034640280569,-0.11369195198743606,96.26570984678256,0.2288901653464243,0.0722142912816159,-0.029326654477026648,0.00145536849453162,0.029362744426735487
leiosoma_deflexum_trochanter_aligned,7,C.1.07,0.1661853,0.1854856,-0.05678821,0.1835252945886076,0.19980446855022854,-0.05453335513742032,83.0840932076694,0.23569436917457454,0.06350830380988243,-0.022522450648876424,-0.001878562245943596,0.022600658825418438
leiosoma_deflexum_trochanter_aligned,8,C.1.08,0.1592797,0.1866182,-0.006823568,0.1704256562809758,0.19793114205578863,-0.0020887290918627233,71.10958941666755,0.24180201413947672,0.05822907205404647,-0.016414805683974243,-0.002277685934985055,0.016572075876638552
leiosoma_deflexum_trochanter_aligned,9,C.1.09,0.1428712,0.1827531,0.04072867,0.14936421929208274,0.18981860199997544,0.04586836448339095,59.376291226721236,0.24740221601343945,0.05448341111765043,-0.010814603810011508,-0.0012415401137691746,0.010885636289239817
leiosoma_deflexum_trochanter_aligned,10,C.1.10,0.118834,0.1724821,0.08388102,0.12177930375266095,0.1760077130192191,0.0876647323689644,47.87722888493193,0.2522894615588438,0.05050226153855703,-0.005927358264607163,-0.0005363437803991681,0.005951574635991735
leiosoma_deflexum_trochanter_aligned,11,C.1.11,0.087442,0.1555596,0.1198734,0.0888064164336161,0.15696244224149575,0.1224212551849255,36.46540053206684,0.2550056581412455,0.04648581727554376,-0.0032111616822054767,9.800639230686964e-05,0.003212656938142978
leiosoma_deflexum_trochanter_aligned,12,C.1.12,0.05209346,0.1335991,0.1487784,0.05216420207768076,0.13353630701860492,0.14884957523327075,25.201096236619012,0.2581597879682314,0.04190087233759628,-5.703185521954701e-05,0.00010373370420664135,0.00011837784378091174
leiosoma_deflexum_trochanter_aligned,13,C.1.13,0.01382691,0.1069717,0.1686262,0.013396113147044954,0.10658449946025585,0.1663219724095324,14.057954568921415,0.2605629820699545,0.036881014978438605,0.002346162246503525,-0.0003748302125598536,0.0023759156077534215
leiosoma_deflexum_trochanter_aligned,14,C.1.14,-0.02608619,0.07630157,0.1770203,-0.026457542536271042,0.07664610561511964,0.1745538050649644,2.875773560052569,0.2605391884115156,0.031725600535494,0.002322368588064616,-0.000973041058747183,0.002517976322533043
leiosoma_deflexum_trochanter_aligned,15,C.1.15,-0.06536627,0.04383805,0.1742717,-0.06578136169193718,0.04470006979748385,0.1731701633191791,-8.342480742740172,0.2591171271404904,0.026978603782061496,0.0009003073170394393,-0.0011481328486061915,0.0014590278623670357
leiosoma_deflexum_trochanter_aligned,16,C.1.16,-0.1020012,0.009235382,0.1662211,-0.10257196810128644,0.012174598496474578,0.16233914773011138,-19.472641666500326,0.26166672908715105,0.020107566813592742,0.0034499092637000905,-0.003483166567438954,0.004902481337474721
leiosoma_deflexum_trochanter_aligned,17,C.1.17,-0.1375403,-0.02487414,0.1428474,-0.1379430113689082,-0.022451216888266033,0.1407157946138737,-31.430864132975028,0.2601405993806322,0.016095134281892978,0.00192377955718126,-0.00262212634889259,0.00325214919310065
leiosoma_deflexum_trochanter_aligned,18,C.1.18,-0.168679,-0.05758296,0.1122992,-0.16742007973613504,-0.055471540156551084,0.10968622318681655,-43.3982281781547,0.2614451435501023,0.012275278702918108,0.0032283237266513276,-0.0015647836042898587,0.0035875648861468726
leiosoma_deflexum_trochanter_aligned,19,C.1.19,-0.1936758,-0.08729506,0.07401989,-0.1894563630406655,-0.08540726881027738,0.07093955194585858,-55.28512584131549,0.2637702010783151,0.009121526341683802,0.005553381254864154,0.00012586896244808665,0.005554807499597468
leiosoma_deflexum_trochanter_aligned,20,C.1.20,-0.2037644,-0.1041117,0.04161191,-0.19992771834397402,-0.10389916318893382,0.040314605501636944,-63.52970557416841,0.26192483747787304,0.007278481963100697,0.00370801765442208,0.001642833546562867,0.0040556500079786915
leiosoma_deflexum_trochanter_aligned,21,C.1.21,-0.2090406,-0.1186285,0.007024586,-0.20618271154706422,-0.12025508535554419,0.007120123784469606,-71.8306424478743,0.2597815036873011,0.005146492269132869,0.0015646838638501137,0.002893820692918446,0.0032897467678463977
leiosoma_deflexum_trochanter_aligned,22,C.1.22,-0.2091109,-0.1302726,-0.02902082,-0.20796219419105577,-0.134158314654402,-0.028023678171392702,-80.19931022056703,0.25701303499531314,0.0028375261392265265,-0.0012037848281378216,0.003995434560199955,0.004172840188324384
leiosoma_deflexum_trochanter_aligned,23,C.1.23,-0.2031496,-0.1386002,-0.06827457,-0.20467484964121804,-0.14601697525806656,-0.06711229714935349,-89.2647783623129,0.2528519606982628,0.0006160011904183531,-0.005364859125188137,0.005468464724485214,0.007660667064691816
leiosoma_deflexum_trochanter_aligned,24,C.1.24,-0.1926373,-0.1440803,-0.1070726,-0.1958095981969922,-0.15443894400268818,-0.10693477981845223,-98.48046904349904,0.24976490086380898,-0.0018296683282031374,-0.00845191895964198,0.006778572248427649,0.01083438857654227
leiosoma_deflexum_trochanter_aligned,25,C.1.25,-0.1768971,-0.1473961,-0.1443138,-0.1813924491420077,-0.1590861049870239,-0.1461609799027222,-107.78301442906555,0.2475104418078577,-0.005642941781789404,-0.010706378015593265,0.00675647273993117,0.012660033732112013
leiosoma_deflexum_trochanter_aligned,26,C.1.26,-0.1483777,-0.1470992,-0.1904858,-0.15381333468868144,-0.15916207036992167,-0.1957146120943391,-120.34048011859228,0.24526214002373659,-0.011636992126900994,-0.012954679799714375,0.005880111668591783,0.014226715782225969
leiosoma_deflexum_trochanter_aligned,27,C.1.27,-0.1143558,-0.1432768,-0.2325932,-0.11806452643102117,-0.15232958448766226,-0.23912021660438115,-132.88329772819998,0.24719243040730887,-0.018533418323675735,-0.011024389416142089,0.004095405044111533,0.011760506131713916
leiosoma_deflexum_trochanter_aligned,28,C.1.28,-0.07730505,-0.1377733,-0.2718624,-0.07737010187878392,-0.13971634687869336,-0.2731749825402921,-144.95866038980944,0.2562588468359193,-0.026258185151606262,-0.001957972987531642,0.0012918504653826148,0.0023457484615390933
leiosoma_deflexum_trochanter_aligned,29,C.1.29,-0.04332227,-0.1309738,-0.3004234,-0.04223730479484043,-0.1261531857030775,-0.29354166735993936,-154.4308491719697,0.2664530547241386,-0.033394823681764246,0.008236234900687645,-0.0019844773836132476,0.00847193695829807
leiosoma_deflexum_trochanter_aligned,30,C.1.30,-0.003982692,-0.1174599,-0.3173513,-0.005241453952879543,-0.10984704246261504,-0.30769283813351833,-163.90760558712932,0.26953092827472824,-0.04025417654874633,0.011314108451277283,-0.004981658069112579,0.012362280014819954
leiosoma_deflexum_trochanter_aligned,31,C.1.31,0.0364362,-0.09946107,-0.3250399,0.03265911338242762,-0.09132943578011266,-0.3152112012342163,-173.38705766293424,0.26969081484621704,-0.04586933334761663,0.011473995022766081,-0.006733544092730408,0.013303878300375606
leiosoma_deflexum_trochanter_aligned,32,C.1.32,0.08438115,-0.07380059,-0.3221847,0.07871590019784888,-0.0665970338017494,-0.31507744091724144,-184.95928250541328,0.2670309044266159,-0.05138928046636482,0.008814084603164962,-0.007537328538668847,0.011597388020221703
leiosoma_deflexum_trochanter_aligned,33,C.1.33,0.1290037,-0.04556571,-0.3088819,0.12343611498962366,-0.04028026854590267,-0.3044908672431085,-196.68265404585188,0.2642600907624795,-0.05508679758570268,0.006043270939028567,-0.006457084422713209,0.008843928023483234
leiosoma_deflexum_trochanter_aligned,34,C.1.34,0.168632,-0.01672149,-0.2851552,0.1649233431201916,-0.013635479656761467,-0.2834770248364503,-208.54815350190134,0.26113320599119855,-0.05765926906705419,0.0029163861677475866,-0.004193871634999233,0.005108215693398268
leiosoma_deflexum_trochanter_aligned,35,C.1.35,0.1984409,0.005445488,-0.2597917,0.19534513872257797,0.007598311884270431,-0.2587043979316893,-218.41852703089634,0.2604639948774942,-0.06070525376478009,0.00224717505404326,-0.003217268814959307,0.003924361648882994
leiosoma_deflexum_trochanter_aligned,36,C.1.36,0.2259649,0.02640646,-0.2310456,0.22100026575347306,0.02708760571467711,-0.22827587500656263,-228.2237285550305,0.2632710489600345,-0.0641743090014839,0.0050542291365835434,-0.0026902968350339157,0.005725637888103179
leiosoma_deflexum_trochanter_aligned,37,C.1.37,0.2477002,0.045415,-0.1965547,0.24128096388566833,0.04418926640552609,-0.19320294524347034,-237.95349752337611,0.265336810401267,-0.06725179831472744,0.007119990577816038,-0.0018025008338120293,0.007344608572557231
leiosoma_deflexum_trochanter_aligned,38,C.1.38,0.2630815,0.06162523,-0.1588204,0.25551155001981957,0.05807278975777397,-0.15553537664194447,-247.3764433786957,0.2671849712904183,-0.06982583441588418,0.008968151466967333,-0.0005362947934891256,0.008984172351418438
leiosoma_deflexum_trochanter_aligned,39,C.1.39,0.2732534,0.07542257,-0.1184556,0.26403344790368616,0.06877221154221728,-0.11560902382575686,-256.7133799731156,0.26989178681931336,-0.0720783998241666,0.011674966995862401,0.001016329590545096,0.011719120282303291
leiosoma_deflexum_trochanter_aligned,40,C.1.40,0.2776244,0.08532027,-0.07595718,0.26683053541585805,0.07600624309349821,-0.07455014104522455,-265.9573255518858,0.27239465829974435,-0.07480599021968722,0.014177838476293392,0.002056031282890746,0.014326142833857573
leiosoma_deflexum_trochanter_aligned,41,C.1.41,0.2714256,0.08821612,-0.02926458,0.26355400991279165,0.07975107884873958,-0.029882803321339895,-275.90172673494317,0.2695107301927013,-0.07837536094528286,0.011293910369250315,0.002539417421370478,0.011575882353782683
leiosoma_deflexum_trochanter_aligned,42,C.1.42,0.2540327,0.08325654,0.0143241,0.25384237879867544,0.079087214818168,0.01429684930805708,-285.9117221796567,0.2607730080136676,-0.08169485264547371,0.002556188190216635,0.0032994149735885827,0.004173755770495383
leiosoma_deflexum_trochanter_aligned,43,C.1.43,0.2358219,0.07701558,0.05741066,0.23736871415805819,0.07361741916748436,0.057865296110016534,-296.28991190237303,0.25886877716187634,-0.08551951968503607,0.0006519573384253796,0.0037042916603065713,0.0037612265387428584
leperisinus_fraxini_trochanter_aligned,1,C.1.01,0.1148478,0.2066612,-0.2552743,0.1449476227962368,0.19700600762248166,-0.2591358244117029,113.32497231332326,0.22608949650664065,0.10001691545242197,-0.019526182843982,0.02515674117482832,0.03184546189010173
leperisinus_fraxini_trochanter_aligned,2,C.1.02,0.1363095,0.2127722,-0.2201345,0.15384627094768122,0.2067772964400813,-0.22031961036475106,103.78511386075081,0.23509264520362994,0.08654204821841406,-0.01052303414699271,0.015257038446321286,0.018534062420616264
leperisinus_fraxini_trochanter_aligned,3,C.1.03,0.1500742,0.2156299,-0.1809532,0.157366816721853,0.21267960847497241,-0.18022358346929027,94.32073131579378,0.2416341944561644,0.07456210290839906,-0.003981484894458237,0.006823972234086627,0.007900558145877071
leperisinus_fraxini_trochanter_aligned,4,C.1.04,0.1531631,0.21504,-0.139446,0.15549639221180278,0.21456524798659488,-0.13902653594375342,84.71600910845335,0.24405216633064722,0.06598284300624631,-0.0015635130199754266,0.0018441852267984918,0.0024177659345715383
leperisinus_fraxini_trochanter_aligned,5,C.1.05,0.1490311,0.2130779,-0.1001902,0.14870924099527597,0.2123918448795284,-0.1003126920912121,75.55854903118306,0.24631158796714533,0.06103080789961041,0.0006959086165226891,0.0003240067238598637,0.0007676386908284116
leperisinus_fraxini_trochanter_aligned,6,C.1.06,0.1404423,0.2088519,-0.06184544,0.1374165091683517,0.20641555112885263,-0.06353940010478176,66.5024239525314,0.2498500164745767,0.057136580553654934,0.004234337123954046,-0.00017634039844919398,0.004238007410968052
leperisinus_fraxini_trochanter_aligned,7,C.1.07,0.1268907,0.1985728,-0.02617157,0.12209056984845235,0.1968403784295007,-0.029532130073206125,57.54398873865092,0.2513718192840289,0.05190558982647566,0.005756139933406262,-0.0020500612289395675,0.006110310792042845
leperisinus_fraxini_trochanter_aligned,8,C.1.08,0.1036334,0.1767807,0.01227667,0.09763679839685489,0.17991329547146545,0.008603457128907005,46.28740636889705,0.24953312436827346,0.0431100221790825,0.003917445017650817,-0.006627103628640088,0.007698368526580907
leperisinus_fraxini_trochanter_aligned,9,C.1.09,0.07300256,0.1509857,0.04211829,0.06783048102527296,0.15761239513925596,0.04077225763997247,34.835163162944106,0.24569438556253712,0.0369323962063765,7.870621191446991e-05,-0.008512878351996994,0.008513242185189684
leperisinus_fraxini_trochanter_aligned,10,C.1.10,0.03606483,0.1206301,0.05654806,0.03385259437774779,0.13054133690934244,0.06528371651731346,23.223633843966113,0.23470881910551675,0.033316924004015015,-0.010906860245105898,-0.007776805121878944,0.013395458122436674
leperisinus_fraxini_trochanter_aligned,11,C.1.11,0.006169915,0.0964101,0.06701342,0.003458562186624669,0.10501755788622194,0.07885167743989807,13.464516490889363,0.2322685214558127,0.030845683292478696,-0.013347157894809947,-0.006590711697987987,0.01488570134575407
leperisinus_fraxini_trochanter_aligned,12,C.1.12,-0.02404007,0.07349515,0.07934909,-0.02704681196311327,0.07816596493600338,0.08552595378716416,3.8827530570900497,0.2386595012286445,0.029304354313882022,-0.006956178121978157,-0.004541171828903995,0.008307265232573139
leperisinus_fraxini_trochanter_aligned,13,C.1.13,-0.05306059,0.04971159,0.09284109,-0.0546673690424923,0.05269742347752069,0.08572033342802307,-4.856692131243174,0.2521746470982711,0.02619059262160667,0.006558967747648442,-0.004379732490636374,0.007886831721561481
leperisinus_fraxini_trochanter_aligned,14,C.1.14,-0.07256536,0.03138585,0.09751613,-0.07248470315921465,0.03560463664208573,0.08275537410821276,-10.638118660226832,0.2599578637147124,0.022927695977927993,0.014342184364089766,-0.0054759773941092105,0.015352022041227605
leperisinus_fraxini_trochanter_aligned,15,C.1.15,-0.09167833,0.01218224,0.0954918,-0.08990158264045378,0.01830818798402188,0.07728814222776526,-16.484647445012165,0.2637896704512126,0.019750172805972483,0.018173991100589953,-0.006462451055668964,0.01928878498431767
leperisinus_fraxini_trochanter_aligned,16,C.1.16,-0.1102926,-0.005707026,0.08702892,-0.10664542434048012,0.0010296319754068695,0.06932770366449548,-22.37665302729144,0.2640311451969341,0.018269714226311008,0.018415465846311457,-0.005734817206212929,0.01928775546105195
leperisinus_fraxini_trochanter_aligned,17,C.1.17,-0.133961,-0.02423727,0.07091355,-0.12623931014264347,-0.02020985063535035,0.05597640325789255,-29.77919120608503,0.26289050883975495,0.020493316138203863,0.01727482948913231,-0.000737034536920943,0.01729054521370593
leperisinus_fraxini_trochanter_aligned,18,C.1.18,-0.1536988,-0.03888233,0.04726562,-0.14379350701475832,-0.040506539391157136,0.0392274998548198,-37.13526965060299,0.25696625070147955,0.024517486458883294,0.011350571350856903,0.006043905256310681,0.012859403591852649
leperisinus_fraxini_trochanter_aligned,19,C.1.19,-0.1687319,-0.05213869,0.01966907,-0.15939356841532948,-0.060056835864127155,0.018874680329743487,-44.63418804448975,0.24925218285744624,0.027381146254019068,0.0036365035068235962,0.011717865330507955,0.012269169721666542
leperisinus_fraxini_trochanter_aligned,20,C.1.20,-0.1772991,-0.06143378,-0.001326728,-0.1692960785675317,-0.07364381649913929,0.0018405091976293475,-50.19828969814781,0.2441498807772858,0.028444686588551614,-0.0014657985733368406,0.014866612572045806,0.014938699234702707
leperisinus_fraxini_trochanter_aligned,21,C.1.21,-0.1849016,-0.07087804,-0.02262536,-0.17788663217723766,-0.08669564910855519,-0.01724929188531696,-55.93348156852647,0.2406501006858079,0.02885435302792095,-0.004965578664814757,0.0174256038163011,0.018119289164841727
leperisinus_fraxini_trochanter_aligned,22,C.1.22,-0.1899674,-0.08096331,-0.04437909,-0.1848272391783198,-0.09883787325497476,-0.038016894958700254,-61.75447940836464,0.23783435444067486,0.027298577157223444,-0.00778132490994779,0.018051309459930987,0.019657029037277455
leperisinus_fraxini_trochanter_aligned,23,C.1.23,-0.1939411,-0.09998641,-0.08464941,-0.19264916219303527,-0.11793097773277811,-0.07918375715842085,-72.47102133795372,0.23518789206548268,0.020877572981466603,-0.010427787285139961,0.015646444571654605,0.018802924650117285
leperisinus_fraxini_trochanter_aligned,24,C.1.24,-0.191503,-0.1156694,-0.1264548,-0.19375159361707156,-0.1324203007852762,-0.12320215474244525,-83.25913766176309,0.2335159035724434,0.013428426371339128,-0.01209977577817925,0.012240260522643286,0.0172112913967661
leperisinus_fraxini_trochanter_aligned,25,C.1.25,-0.1843948,-0.1283072,-0.1687534,-0.18793246995304874,-0.1417653371543722,-0.16824454317565538,-94.05035909579449,0.2345644703052905,0.00561553760839892,-0.011051209045332133,0.008471497994253861,0.013924636427220612
leperisinus_fraxini_trochanter_aligned,26,C.1.26,-0.1772948,-0.135266,-0.1970157,-0.18033224271905662,-0.14500183403621955,-0.19779135348334898,-101.1845509799739,0.23710120048664274,0.00013768228721240412,-0.008514478863979907,0.005667257771923756,0.010228106421943049
leperisinus_fraxini_trochanter_aligned,27,C.1.27,-0.1676426,-0.1405646,-0.224879,-0.17003181304831053,-0.1458752280983073,-0.22616746448611524,-108.20712097173143,0.2402093889651971,-0.005642773208566413,-0.005406290385425533,0.002518585870916929,0.005964163857635737
leperisinus_fraxini_trochanter_aligned,28,C.1.28,-0.156312,-0.1442252,-0.2523709,-0.15733715342079496,-0.14451996710172546,-0.25290005116809494,-115.09565365316546,0.24452090582042166,-0.011211204523140896,-0.0010947735302009876,-0.0004682937717871153,0.0011907258874835382
leperisinus_fraxini_trochanter_aligned,29,C.1.29,-0.1410282,-0.1435611,-0.2775562,-0.14248961186813877,-0.1410930909516723,-0.2777691673657634,-121.87744505222392,0.24602916767681726,-0.016130716436329177,0.0004134883261946165,-0.0028462564561095396,0.002876134282304022
leperisinus_fraxini_trochanter_aligned,30,C.1.30,-0.1235803,-0.1404043,-0.3010925,-0.1255530859451443,-0.13568559404865665,-0.30077743357361675,-128.6384579856702,0.24730720041639914,-0.020655173111147455,0.0016915210657764967,-0.004836950855411935,0.005124191359974371
leperisinus_fraxini_trochanter_aligned,31,C.1.31,-0.1040198,-0.1348741,-0.322426,-0.10674920195171608,-0.12841340275699273,-0.321628698795925,-135.38255252369834,0.24815911720932263,-0.02493023657118249,0.0025434378586999817,-0.006584592390481301,0.00705874869150707
leperisinus_fraxini_trochanter_aligned,32,C.1.32,-0.08048507,-0.1272924,-0.3434172,-0.08429428420516828,-0.11846936283320252,-0.3416775622153582,-142.75492978859896,0.24953918201975173,-0.03005215441424179,0.003923502669129081,-0.008943632602842951,0.00976639326104058
leperisinus_fraxini_trochanter_aligned,33,C.1.33,-0.05521368,-0.1154364,-0.3599337,-0.060038197328968736,-0.10655955072852885,-0.3586243550534658,-150.17245686726326,0.24884033078796108,-0.03355219211559299,0.0032246514373384383,-0.009663872295442634,0.010187679060264517
leperisinus_fraxini_trochanter_aligned,34,C.1.34,-0.02958972,-0.1002113,-0.3727247,-0.03428264406417429,-0.09285997478566663,-0.37213869483781326,-157.6491384065311,0.24765708313014337,-0.03518979195733955,0.002041403779520723,-0.008499505358435145,0.008741219636246954
leperisinus_fraxini_trochanter_aligned,35,C.1.35,-0.0070734,-0.08492477,-0.3823165,-0.010514950374028179,-0.07941190356128697,-0.38098324584453314,-164.32358611905718,0.24799658409879471,-0.035383927432644596,0.002380904748172069,-0.006192319805312328,0.006634269514508108
leperisinus_fraxini_trochanter_aligned,36,C.1.36,0.01553305,-0.06851435,-0.3895455,0.01358174138037681,-0.06508543422193007,-0.3866443640895991,-170.97352542089214,0.24911570435669414,-0.03510886915793711,0.0035000250060714944,-0.003425125292540982,0.004897107137150478
leperisinus_fraxini_trochanter_aligned,37,C.1.37,0.03873998,-0.05149721,-0.3916651,0.03777904895425572,-0.05005884455918594,-0.38907860727062105,-177.6205628801518,0.24843507774651186,-0.03549131109899378,0.002819398395889211,-0.001316518492232762,0.003111627910778145
leperisinus_fraxini_trochanter_aligned,38,C.1.38,0.07252062,-0.02835601,-0.3886513,0.07185882484515198,-0.027872026220324055,-0.38691080573853953,-187.09486355101745,0.2474690253011243,-0.03824176270633415,0.0018533459505016558,-0.0005163740774918707,0.0019239369532670415
leperisinus_fraxini_trochanter_aligned,39,C.1.39,0.1047478,-0.005117058,-0.3782982,0.10482363834833273,-0.005291118066458189,-0.3781128552563541,-196.6137079817848,0.2457779310242971,-0.04108273641145127,0.0001622516736744517,0.00020994149232648796,0.0002653319351499739
leperisinus_fraxini_trochanter_aligned,40,C.1.40,0.1349725,0.0174087,-0.3620289,0.135833908944729,0.0170084094948359,-0.3628008252987469,-206.18763223430412,0.24462394097718476,-0.04416326555452777,-0.0009917383734378837,0.0007173433794772847,0.0012239797896326477
leperisinus_fraxini_trochanter_aligned,41,C.1.41,0.1617578,0.03729017,-0.3414156,0.1627471289877153,0.037311316824823845,-0.3424623902241695,-215.34695938986258,0.2442388320233192,-0.047889750265881235,-0.0013768473273034487,0.0004234149794800851,0.0014404821441277164
leperisinus_fraxini_trochanter_aligned,42,C.1.42,0.1857586,0.0553348,-0.3161953,0.1863086204188644,0.055998685221782515,-0.31709063084629435,-224.50008625668923,0.24441521526409937,-0.052065530435910126,-0.001200464086523273,-0.0003221325040458969,0.0012429333743990962
leperisinus_fraxini_trochanter_aligned,43,C.1.43,0.2061566,0.07167283,-0.2869617,0.20596455705037645,0.07251797888288875,-0.2873531124128346,-233.63979831237697,0.24516303563127784,-0.05600494917641411,-0.0004526437193448085,-0.0008363459027261641,0.000950978867099173
leperisinus_fraxini_trochanter_aligned,44,C.1.44,0.2235203,0.08682032,-0.2550244,0.22125341054506836,0.08636081715138248,-0.2540974326011852,-242.74309631077213,0.2479506349553835,-0.0594503238519937,0.002334955604760852,-0.0008701617958917831,0.0024918264841744696
leperisinus_fraxini_trochanter_aligned,45,C.1.45,0.2337092,0.09995171,-0.2193212,0.23191167736199642,0.09716323327595357,-0.2181125894259739,-251.82816601977825,0.24890706385280162,-0.060706524364296875,0.0032913845021789734,0.001278365226822218,0.003530924750590391
leperisinus_fraxini_trochanter_aligned,46,C.1.46,0.2364699,0.1075925,-0.1807864,0.23776255824781328,0.1046245022072843,-0.18018005539194457,-260.92391619439377,0.2464160716068603,-0.062198779802170576,0.0008003922562376531,0.0031948399432644038,0.0032935740506208227
leperisinus_fraxini_trochanter_aligned,47,C.1.47,0.2369566,0.1111358,-0.1364298,0.23844442978217487,0.10870870980370899,-0.13600517332152737,-271.2484760091498,0.24592105113374113,-0.06640078681615925,0.00030537178311848545,0.002862072705541249,0.002878317581110397
leperisinus_fraxini_trochanter_aligned,48,C.1.48,0.2302568,0.1084724,-0.09251666,0.23281969920265116,0.10790322029735197,-0.09186095002365913,-281.60567624211615,0.24389975730394287,-0.07105196815906223,-0.0017159220466797798,0.0020923634865021175,0.002705988438617091
leperisinus_fraxini_trochanter_aligned,49,C.1.49,0.2127293,0.1011328,-0.05227736,0.22093403587605348,0.10200028111812252,-0.04873534798585272,-292.10588996463315,0.2380346955117643,-0.07226850079477655,-0.007580983838858357,0.004810898817209581,0.008978644852897443
limnobaris_t_trochanter_aligned,1,C.1.01,0.1278685,0.09862322,-0.247739,0.1462629812273263,0.10545553377494786,-0.26241419601794636,127.91729656856998,0.2318903112436722,0.11044825928312507,-0.02446151595063384,0.0014258564807997289,0.02450303714454499
limnobaris_t_trochanter_aligned,2,C.1.02,0.1510732,0.116283,-0.2146899,0.16659053772649549,0.12175585658607321,-0.22256107322166113,117.32238741636579,0.23825842189537197,0.10618399209990467,-0.01809340529893408,0.0023073755445839634,0.018239936875308557
limnobaris_t_trochanter_aligned,3,C.1.03,0.1665161,0.131062,-0.1761466,0.17986103688000854,0.1343233777729692,-0.1794172900348306,106.89693411594284,0.24276343940839917,0.1026572260888464,-0.013588387785906875,0.003844093650418242,0.014121662034384261
limnobaris_t_trochanter_aligned,4,C.1.04,0.1772709,0.1413402,-0.134659,0.18602892640073806,0.14271853325953782,-0.1350117217043717,96.74907413511536,0.24819573104285436,0.09737808494598173,-0.008156096151451686,0.003493613770779872,0.00887283729204519
limnobaris_t_trochanter_aligned,5,C.1.05,0.1821956,0.1474775,-0.08916019,0.18533824524060324,0.14697678865339958,-0.08861550462989844,86.3814339709168,0.2539895104221978,0.0910497642225357,-0.0023623167721082416,0.0022006982031889935,0.0032285620813766666
limnobaris_t_trochanter_aligned,6,C.1.06,0.1780387,0.1487757,-0.04319182,0.17782183133240115,0.14663078662279647,-0.04318864715478277,76.13661385640319,0.25774209181063934,0.08552099584844496,0.0013902646163332921,0.0016476831546784994,0.002155851451663492
limnobaris_t_trochanter_aligned,7,C.1.07,0.1651673,0.1431254,0.0007905066,0.16395674678268546,0.14168887059570268,0.00010193377559433725,65.96344842797699,0.2583122515583567,0.07933226678428762,0.001960424364050639,0.00039990582479893384,0.002000796930193421
limnobaris_t_trochanter_aligned,8,C.1.08,0.1454819,0.1296279,0.04006073,0.14443414837471114,0.13229734215671932,0.03990311697046735,55.881601084154006,0.25565574336003793,0.07124936298621835,-0.000696083834268113,-0.0027863980439116784,0.0028720283361144336
limnobaris_t_trochanter_aligned,9,C.1.09,0.1223059,0.1116379,0.07543134,0.11971329453952126,0.11852287323704863,0.0755705866765949,45.751732041891984,0.2541562010017373,0.062092798833655344,-0.002195626192568745,-0.007023038858501999,0.007358250416065141
limnobaris_t_trochanter_aligned,10,C.1.10,0.09477433,0.09223564,0.1066952,0.09042199980357205,0.10050778515161779,0.10609280755803877,35.52166560152209,0.25487214069681063,0.05489821934596032,-0.0014796864974954138,-0.009249030655773312,0.009366645087879889
limnobaris_t_trochanter_aligned,11,C.1.11,0.0691326,0.07664592,0.131542,0.06328999981254319,0.0825716657692239,0.12670953893749956,26.957246650096497,0.2599354421265504,0.05105675041919427,0.00358361493224435,-0.008930891546196456,0.009623051480301249
limnobaris_t_trochanter_aligned,12,C.1.12,0.039199,0.06043972,0.1504957,0.034775510177567255,0.06259318417726822,0.14221804415090614,18.480556686662553,0.2640904786395808,0.050140238535243194,0.007738651445274747,-0.005730404029082728,0.00962934351490181
limnobaris_t_trochanter_aligned,13,C.1.13,0.006391853,0.04186562,0.1603234,0.005348837631808321,0.040814122602069784,0.15251474385417757,10.022742337535409,0.26420955832001863,0.050569202704188444,0.007857731125712586,-0.0011936080578796512,0.007947870069385164
limnobaris_t_trochanter_aligned,14,C.1.14,-0.02116798,0.02097057,0.1633313,-0.02108022186759641,0.020222653609245023,0.15715683470536382,2.5017764510843454,0.26254998749439445,0.04758662695007584,0.006198160300088407,-0.0005233650603902702,0.00622021720617775
limnobaris_t_trochanter_aligned,15,C.1.15,-0.04720242,-0.001900829,0.1612549,-0.047295192087364865,-0.0012475703743736882,0.15747307791267628,-5.033141100173469,0.2599593561171404,0.043137664553490315,0.0036075289228343355,-0.0013127325939551993,0.0038389493083809748
limnobaris_t_trochanter_aligned,16,C.1.16,-0.07288188,-0.02459908,0.1557271,-0.07305816453672742,-0.023504985973953084,0.15338367010086468,-12.65804705149129,0.2585047920933097,0.039303308279241125,0.0021529648990036288,-0.0014437880078253993,0.0025922541672996056
limnobaris_t_trochanter_aligned,17,C.1.17,-0.09530473,-0.04287231,0.149236,-0.09419682791306913,-0.04278848113504705,0.14639377101874962,-19.20628586216753,0.25940343545757427,0.03754605467020018,0.003051608263268224,-2.0661612657465207e-05,0.003051678209556949
limnobaris_t_trochanter_aligned,18,C.1.18,-0.1167825,-0.05933721,0.1371347,-0.11414743539870845,-0.06203693164954756,0.1362696918618629,-25.767627422943946,0.25807474713643724,0.03784578383319694,0.0017229199421311958,0.0034658113610041555,0.0038704394475380915
limnobaris_t_trochanter_aligned,19,C.1.19,-0.1347035,-0.07806569,0.1227504,-0.1325822326334253,-0.0809932475846822,0.12316344199562006,-32.328708373546164,0.2566902077810388,0.03481640242314211,0.00033838058673274496,0.0036230471872159553,0.003638814689190815
limnobaris_t_trochanter_aligned,20,C.1.20,-0.1592091,-0.1132637,0.08628151,-0.1626022661155357,-0.1155651814039009,0.09058498096588097,-44.83953963470235,0.25047633269054487,0.026016378758231387,-0.0058754945037611805,0.0008993440001320595,0.005943925915949971
limnobaris_t_trochanter_aligned,21,C.1.21,-0.1777486,-0.1427763,0.04206818,-0.1851517566363889,-0.14783920828808178,0.048004844850190825,-57.752474255062516,0.2456791844262221,0.020179005838252082,-0.01067264276808394,0.0013335870443250905,0.010755638431070805
limnobaris_t_trochanter_aligned,22,C.1.22,-0.190355,-0.1678438,-0.006737495,-0.19796420032370685,-0.17571348124319,-0.002365020584692068,-70.88545354358492,0.24501536174072228,0.015697239439474014,-0.011336465453583772,0.003230308958588943,0.011787720091189795
limnobaris_t_trochanter_aligned,23,C.1.23,-0.1938805,-0.1827422,-0.04897501,-0.2002800944412603,-0.19362386263914566,-0.04600999566923567,-81.39531319470886,0.24490045178458428,0.013447079821152603,-0.01145137540972177,0.006084628338037071,0.012967524851968707
limnobaris_t_trochanter_aligned,24,C.1.24,-0.1921027,-0.1978409,-0.09125111,-0.1954760908442185,-0.20693790413556284,-0.09027900506083739,-91.73627110777034,0.24855594663932862,0.008197008514205474,-0.00779588055497743,0.005857003023353602,0.009750909600803883
limnobaris_t_trochanter_aligned,25,C.1.25,-0.184213,-0.2080891,-0.1342759,-0.18391735556563255,-0.21559170001546335,-0.133801944257045,-101.93866909542949,0.25242506756065286,0.003802145519008524,-0.003926759633653187,0.006417289571882766,0.007523366711112994
limnobaris_t_trochanter_aligned,26,C.1.26,-0.1741167,-0.2152714,-0.1635155,-0.17220534765018347,-0.2188728680594199,-0.1628448406610607,-108.93934206017812,0.2559662985353994,-0.001901264981007131,-0.0003855286589066753,0.004113999464054348,0.004132024193670403
limnobaris_t_trochanter_aligned,27,C.1.27,-0.1585402,-0.2192737,-0.1908985,-0.1576839421702233,-0.21997881345104411,-0.19053152332067302,-115.89469129508504,0.25671921035177087,-0.008284289310394544,0.00036738315746481787,0.0011090824805569436,0.001168346837658706
limnobaris_t_trochanter_aligned,28,C.1.28,-0.1404074,-0.2218546,-0.2168397,-0.14061846617258866,-0.21897842195868422,-0.21643898587645688,-122.7956823602515,0.25799929809557753,-0.01514577820107112,0.001647470901271486,-0.0024007000005891958,0.0029116182550886203
limnobaris_t_trochanter_aligned,29,C.1.29,-0.1107292,-0.2196828,-0.2526356,-0.11112490251580517,-0.21381893612920772,-0.25097018112736014,-132.96435013483958,0.2602379900938855,-0.022396895239455525,0.0038861628995794373,-0.00471304974676434,0.006108608679359224
limnobaris_t_trochanter_aligned,30,C.1.30,-0.07709163,-0.2095782,-0.2831855,-0.077065146418891,-0.20448966851211897,-0.2802856500702832,-143.17589002933835,0.26096199077251725,-0.02625582705490315,0.004610163578211202,-0.0036123919333646928,0.0058568749088659285
limnobaris_t_trochanter_aligned,31,C.1.31,-0.03958017,-0.1936737,-0.3056978,-0.03943211063601165,-0.1913840153806112,-0.30332927672305676,-153.41779485037154,0.25936123742224954,-0.028966078813490625,0.0030094102279434876,-0.001348306280079356,0.0032976476077580382
limnobaris_t_trochanter_aligned,32,C.1.32,-0.008215846,-0.1826309,-0.3161695,-0.009838731993903886,-0.17952033249102423,-0.31587897322098857,-161.03673482832596,0.25736579626410655,-0.034689475517887536,0.0010139690698005022,-0.003371299706628867,0.0035204822093610963
limnobaris_t_trochanter_aligned,33,C.1.33,0.02455908,-0.172106,-0.3216787,0.020433621284764576,-0.16620874925262705,-0.3242138548408074,-168.62008723957436,0.2552200007891281,-0.04254735034424727,-0.0011318264051779492,-0.007546055595071786,0.007630464340744416
limnobaris_t_trochanter_aligned,34,C.1.34,0.0568395,-0.1594791,-0.3254013,0.05151388657523674,-0.151443457219617,-0.32827265121234556,-176.3245359609037,0.25538168265622463,-0.048755080829351725,-0.0009701445380814189,-0.010011852506095438,0.010058745996821803
limnobaris_t_trochanter_aligned,35,C.1.35,0.08503193,-0.1424357,-0.3277206,0.08105393596269611,-0.13645195116923078,-0.3279179828071739,-183.69063290715366,0.2575391104770162,-0.0494101881612,0.001187283282710172,-0.007089358575338233,0.00718809060899521
limnobaris_t_trochanter_aligned,36,C.1.36,0.1118559,-0.1231718,-0.3274911,0.10954983882146342,-0.12113228883766179,-0.32351089433622254,-190.95060317626593,0.26090184057115,-0.047995593168770785,0.004550013376843964,-0.0021487064334063935,0.0050318546348659164
limnobaris_t_trochanter_aligned,37,C.1.37,0.1385848,-0.1049543,-0.3208316,0.13689757093975194,-0.10562725898351003,-0.3151761547059939,-198.18202010521364,0.2622462492437965,-0.04862459255748002,0.0058944220494904775,0.0007344834043105355,0.0059400064956806175
limnobaris_t_trochanter_aligned,38,C.1.38,0.1783703,-0.08014259,-0.2984721,0.17673033659328458,-0.08152502993513913,-0.29449522482509255,-209.51995600863222,0.2607534187164247,-0.05384488231316099,0.004401591522118664,0.0010208566886891319,0.0045184240954594425
limnobaris_t_trochanter_aligned,39,C.1.39,0.2131511,-0.05692352,-0.2676559,0.21174616106148955,-0.05855146045854322,-0.2650583855764484,-220.91288073486405,0.2595449985904052,-0.05931523604941896,0.003193171396099148,0.0010838732274566984,0.0033721098348160946
limnobaris_t_trochanter_aligned,40,C.1.40,0.2418258,-0.03604551,-0.2297044,0.24057153224561909,-0.03783905696382535,-0.22791375170305161,-232.3476244849992,0.25893704507265314,-0.06480689855532172,0.0025852178783470903,0.001145891860502285,0.002827794128731977
limnobaris_t_trochanter_aligned,41,C.1.41,0.2594065,-0.02179189,-0.191763,0.25937548165589486,-0.022787701931923574,-0.1912879173144669,-242.09954693788313,0.25700025745539723,-0.06979592898046538,0.0006484302610911818,0.0008932218627121829,0.0011037694956492114
limnobaris_t_trochanter_aligned,42,C.1.42,0.2730597,-0.01130198,-0.1510782,0.27236339584239194,-0.010715150012535743,-0.15115792195272604,-251.85977158793042,0.2566292950047612,-0.0763005062749404,0.00027746781045517865,-0.0008709627535075227,0.0009140921746935824
limnobaris_t_trochanter_aligned,43,C.1.43,0.2803636,-0.003476411,-0.1082144,0.279227600634483,-0.002073785606401979,-0.10853583476125109,-261.6544579675359,0.25653962784454554,-0.08201037979255228,0.0001878006502394891,-0.0018237060549143778,0.0018333501735788452
limnobaris_t_trochanter_aligned,44,C.1.44,0.2797701,0.001066727,-0.067021,0.27992171450254566,0.002559414995783965,-0.06724431837394249,-270.8981680839074,0.2554095443301422,-0.08586493295062973,-0.0009422828641638681,-0.0011887297885487399,0.001516896669612017
limnobaris_t_trochanter_aligned,45,C.1.45,0.2727499,0.002400687,-0.02619541,0.27499097937648237,0.003544618841601399,-0.025711850487483645,-280.2041387030226,0.2538141568136372,-0.08884231117628201,-0.0025376703806688217,0.0003536603895619909,0.002562195666234192
limnobaris_t_trochanter_aligned,46,C.1.46,0.260364,0.00081864,0.01332775,0.26451587358676654,0.0006822967607921504,0.014986231208873838,-289.57390464756566,0.2527527606535212,-0.09109080200407332,-0.0035990665407848454,0.0026559223848896126,0.00447294127834863
limnobaris_t_trochanter_aligned,47,C.1.47,0.2491409,-0.002738667,0.04296685,0.25293106610164906,-0.00415825249909163,0.04480596173894742,-296.7678582458028,0.2536781366568574,-0.09368905765272605,-0.0026736905374486475,0.0035516605926822877,0.004445549916000841
limnobaris_t_trochanter_aligned,48,C.1.48,0.2375823,-0.00832379,0.07216115,0.23877881467767303,-0.01111759321761116,0.0723970987266737,-303.833845443202,0.256977856509862,-0.09768914948295476,0.0006260293155559427,0.0029834112841351282,0.0030483857358018906
limnobaris_t_trochanter_aligned,49,C.1.49,0.223331,-0.01638278,0.09953061,0.22234789011526312,-0.020070880880368458,0.09758503628661241,-310.8102331407957,0.2600680688268631,-0.10192936128547199,0.0037162416325570713,0.0021315248888802625,0.0042841393795564975
n_marmoratus_trochanter_aligned,1,C.1.01,-0.03249976,0.3014791,-0.203084,-0.029220349391908707,0.3041508368558293,-0.19312707218357394,23.13751575709426,0.15938776053499765,-0.012466898725130203,-0.01075953575698313,-0.0011249504873454257,0.01081818484334488
n_marmoratus_trochanter_aligned,2,C.1.02,-0.07225037,0.2679146,-0.1925644,-0.0698080914497087,0.26657235244480515,-0.1797404238217193,3.893423468986012,0.1570502637969378,-0.00866276871093766,-0.013097032495042987,0.0008297336087797172,0.013123289147075539
n_marmoratus_trochanter_aligned,3,C.1.03,-0.1114881,0.2329351,-0.1852033,-0.11086079397255924,0.23189013768564817,-0.18438919929398148,-14.338526574575235,0.16914334943910853,-0.00667247505698691,-0.0010039468528722506,0.0010678528768640302,0.0014656804051425684
n_marmoratus_trochanter_aligned,4,C.1.04,-0.1520088,0.2001158,-0.1951136,-0.14804392038086955,0.2034487914024776,-0.20368140065126444,-31.443198460809185,0.18005519382383395,-0.004657783606396773,0.009907897531853171,0.0014387065653880548,0.010011808532078155
n_marmoratus_trochanter_aligned,5,C.1.05,-0.1805021,0.1793964,-0.2219078,-0.17539325897469493,0.18491181830012537,-0.22924557099928472,-45.53865224699546,0.1806430215136178,-0.004291595585496399,0.010495725221637026,0.0004502565457985204,0.010505378569339703
n_marmoratus_trochanter_aligned,6,C.1.06,-0.2032163,0.162641,-0.2560016,-0.19791283372794272,0.17214582508638276,-0.261664157875618,-59.53608920351257,0.18214812555115917,-0.005948714132447978,0.012000829259178392,-0.002552080172790768,0.012269189709035525
n_marmoratus_trochanter_aligned,7,C.1.07,-0.2182481,0.1575377,-0.29732,-0.2145680593484554,0.1658108117661257,-0.29928670111460015,-73.58215054855071,0.17881916398221653,-0.005310743607264657,0.008671867690235757,-0.0032640008469734818,0.009265796823047527
n_marmoratus_trochanter_aligned,8,C.1.08,-0.2233085,0.1661149,-0.3403095,-0.22438915564090828,0.16643913904170354,-0.34015040878433933,-87.76484662706291,0.1695738788522799,-0.0016683268667801918,-0.0005734174397008795,-0.0009846065331588177,0.0011394110694969161
n_marmoratus_trochanter_aligned,9,C.1.09,-0.2202031,0.1810769,-0.3817071,-0.22653274786159744,0.17481487657646316,-0.3837937204141272,-102.7820501325001,0.1610210482298237,0.0013451303699235065,-0.009126248062157089,0.0005856282689340919,0.009145018543524187
n_marmoratus_trochanter_aligned,10,C.1.10,-0.2196601,0.1956588,-0.4233527,-0.21991160086956765,0.19098995487932025,-0.42562218178464134,-118.08503972604265,0.166342733792457,0.005770983479417834,-0.003804562499523767,0.0035407935842582455,0.005197298819493363
n_marmoratus_trochanter_aligned,11,C.1.11,-0.1974555,0.2216252,-0.4577744,-0.20287770148887924,0.21659702629066482,-0.4652612360220971,-135.03254751263347,0.15967693516801745,0.004911088560964977,-0.010470361123963323,0.0010521650977017704,0.01052309429108303
n_marmoratus_trochanter_aligned,12,C.1.12,-0.1747341,0.2505325,-0.4894024,-0.17683325316047677,0.2486351499371811,-0.4948224699678958,-152.1873506642311,0.16407600653501445,0.0062307529060235895,-0.0060712897569663304,0.0007231738351598394,0.006114208019760555
n_marmoratus_trochanter_aligned,13,C.1.13,-0.1443515,0.2816999,-0.5107969,-0.1455072380277908,0.2828790467036046,-0.5108067617488095,-168.7658315274044,0.1699027233020371,0.005467936356677376,-0.00024457298994368104,-0.0016329110950027094,0.0016511252501227574
n_marmoratus_trochanter_aligned,14,C.1.14,-0.123757,0.3017856,-0.5158085,-0.12526887193326047,0.30347918697489207,-0.5138319826945735,-178.55035069834187,0.171788463757258,0.005517856936309712,0.0016411674652772323,-0.0025233278807302753,0.0030100854211724914
n_marmoratus_trochanter_aligned,15,C.1.15,-0.1049729,0.3241175,-0.5168216,-0.10500879182855478,0.32314700974155525,-0.5120665481190951,-188.08330007417075,0.17500047346422826,0.008975491514748383,0.00485317717224748,1.8146348531281844e-05,0.004853211097324122
n_marmoratus_trochanter_aligned,16,C.1.16,-0.08512473,0.3453171,-0.5137793,-0.08516836854128738,0.34154989891079696,-0.5058545449179905,-197.43844840882755,0.17877421718451939,0.011460066167375542,0.008626920892538609,0.0016036481510901808,0.008774705207504913
n_quadrimaculatus_trochanter_mirrored_aligned,1,C.1.01,-0.09180647,-0.01228474,-0.3853298,-0.0942757023413123,-0.011480244597864793,-0.4009333194427702,-173.60911025781442,0.2244237832922796,0.07885573923648766,-0.015178169534283636,-0.004453909495812931,0.01581815855933767
n_quadrimaculatus_trochanter_mirrored_aligned,2,C.1.02,-0.04160672,0.0114871,-0.3893586,-0.041882910366094525,0.014476176097449597,-0.3997053919225547,-187.58762212091202,0.229747961106908,0.07447506778364442,-0.00985399171965523,-0.004354975007078399,0.010773437711487989
n_quadrimaculatus_trochanter_mirrored_aligned,3,C.1.03,0.00460232,0.0394963,-0.3758793,0.007493780195077973,0.041305098220961046,-0.38471474096493297,-201.48854211838423,0.2302532025136156,0.07285932805366785,-0.009348750312947629,-0.0015159741735430046,0.009470866386381307
n_quadrimaculatus_trochanter_mirrored_aligned,4,C.1.04,0.04599178,0.06633663,-0.3500361,0.05126871066234795,0.0672783040560517,-0.35692774813961947,-215.34893420161737,0.23090203755323732,0.07066773980144743,-0.00869991527332592,0.0007341904115010296,0.008730839668862848
n_quadrimaculatus_trochanter_mirrored_aligned,5,C.1.05,0.08092035,0.08759283,-0.3142621,0.08616246059341859,0.09004328016776611,-0.31930393206427643,-228.7641339763765,0.23193159293100404,0.06536973989640092,-0.007670359895559198,-0.000264724640521116,0.007674926713832672
n_quadrimaculatus_trochanter_mirrored_aligned,6,C.1.06,0.1077419,0.1047426,-0.270238,0.11175361622047497,0.10890184211214601,-0.2734934620060693,-242.0887640721472,0.2332923414733782,0.05931989929074066,-0.0063096113531850295,-0.0020445046895983857,0.006632585834652387
n_quadrimaculatus_trochanter_mirrored_aligned,7,C.1.07,0.1281127,0.1186952,-0.221844,0.12685033537071075,0.12259172672058899,-0.2227434288596772,-255.15640524925882,0.2386729585894385,0.05308739263823754,-0.0009289942371247528,-0.00408930641093984,0.004193501784328318
n_quadrimaculatus_trochanter_mirrored_aligned,8,C.1.08,0.1280673,0.1291375,-0.1780588,0.13135575621443013,0.1296887602816948,-0.1780871619467077,-266.00691955203393,0.23648307263025506,0.054879003969214385,-0.0031188801963081825,0.001179501120599873,0.003334461961459369
n_quadrimaculatus_trochanter_mirrored_aligned,9,C.1.09,0.1190943,0.1354077,-0.1343969,0.1283953057502082,0.13252533813153838,-0.13241426470659373,-276.95705666956263,0.23301750154689746,0.05763299910062208,-0.006584451279665782,0.0074426179505960996,0.009937180717528865
n_quadrimaculatus_trochanter_mirrored_aligned,10,C.1.10,0.1080503,0.1360281,-0.09076381,0.1179122258955352,0.130761152846881,-0.08729015033593404,-288.027636027144,0.23349972052857715,0.056634027711566816,-0.006102232297986093,0.009991365628679106,0.011707460277299042
n_quadrimaculatus_trochanter_mirrored_aligned,11,C.1.11,0.09278776,0.1287498,-0.05100404,0.10133774645646744,0.1247060320400693,-0.046803955622316845,-298.57258326031234,0.23357307798127638,0.05167455451491439,-0.006028874845286858,0.008411165472101028,0.010348673175784268
n_quadrimaculatus_trochanter_mirrored_aligned,12,C.1.12,0.07308012,0.1155716,-0.01488329,0.07914220739389782,0.11457955838524506,-0.010376785228353197,-309.040310293251,0.23354342707689482,0.04452794239327302,-0.00605852574966842,0.004619080117744278,0.0076185061129814624
n_quadrimaculatus_trochanter_mirrored_aligned,13,C.1.13,0.04748431,0.1003516,0.0164212,0.05183340741978211,0.10049337424524941,0.021288290705387986,-319.57538141047587,0.23373013066370413,0.03938670314272199,-0.005871822162859114,0.0028539489703920864,0.006528653784498421
n_quadrimaculatus_trochanter_mirrored_aligned,14,C.1.14,0.02404637,0.08623327,0.04096298,0.025730765110382803,0.08590300425316837,0.04325605822984682,-328.4311777461186,0.23716092070403355,0.035193402837668586,-0.0024410321225296905,0.0014986101215417084,0.0028643446230523957
n_quadrimaculatus_trochanter_mirrored_aligned,15,C.1.15,-0.001801837,0.06992353,0.06137927,-0.0020876136417310592,0.0693901957878299,0.060192409403422104,-337.1458937815694,0.2409290107516685,0.031018956919289097,0.0013270579251052628,0.00011691454124561555,0.0013321980883259893
n_quadrimaculatus_trochanter_mirrored_aligned,16,C.1.16,-0.02933773,0.05024096,0.07570857,-0.030974109700929564,0.05130436734474349,0.07198626763727675,-345.7527068871436,0.24310059803856357,0.02581501072101712,0.0034986452120003286,-0.0023288602934806624,0.004202869089800897
n_quadrimaculatus_trochanter_mirrored_aligned,17,C.1.17,-0.06078077,0.02354333,0.08296173,-0.06439746114281905,0.029222133995529996,0.07909076552949398,-355.4646380987977,0.24233956252059008,0.017763872405723063,0.002737609694026838,-0.007267676983554175,0.00776618539400864
n_quadrimaculatus_trochanter_mirrored_aligned,18,C.1.18,-0.09239002,-0.003886559,0.08137495,-0.09803732938831708,0.005682937651266751,0.0794121568285934,-365.2662003687899,0.23973764360760047,0.01060770697837763,0.00013569078103722876,-0.011282797283105005,0.011283613185487179
n_quadrimaculatus_trochanter_mirrored_aligned,19,C.1.19,-0.1252021,-0.02840751,0.07264936,-0.13129000742981928,-0.01906925463005511,0.07262796039703764,-375.2942182972815,0.2377526262908815,0.007683886921592556,-0.0018493265356817334,-0.010993001388873906,0.011147470034557624
n_quadrimaculatus_trochanter_mirrored_aligned,20,C.1.20,-0.1571532,-0.04985176,0.06224472,-0.160818493020484,-0.04259643266785285,0.05972386835896509,-384.81836685093117,0.24089261631051034,0.007212667872408961,0.001290663483947102,-0.008412076342373741,0.008510513534371397
n_quadrimaculatus_trochanter_mirrored_aligned,21,C.1.21,-0.1884202,-0.06989009,0.04776371,-0.1868536022495451,-0.06499584372547958,0.041434239723944194,-394.10603640035697,0.24646839027548426,0.008252691324433552,0.0068664374489210145,-0.0043956917365661225,0.008152917826328281
n_quadrimaculatus_trochanter_mirrored_aligned,22,C.1.22,-0.216217,-0.08969259,0.0271696,-0.20904428394187632,-0.08594284455443604,0.01849231945148702,-403.2182819464241,0.25142685238684387,0.00874061822777912,0.011824899560280627,-0.000987620708505937,0.011866071138948832
n_quadrimaculatus_trochanter_mirrored_aligned,23,C.1.23,-0.2353897,-0.1065273,0.001821253,-0.22564833282526034,-0.10350176709323364,-0.005848009030336332,-411.4032486426521,0.25231792949248505,0.008186735122469644,0.012715976665921808,0.0010814810792212771,0.012761883242412939
n_quadrimaculatus_trochanter_mirrored_aligned,24,C.1.24,-0.2488537,-0.1211855,-0.02813545,-0.23872838958699077,-0.11955602505044635,-0.03321732780605345,-419.59324860989506,0.2506794422324674,0.007360206493500884,0.011077489405904167,0.0028795503240531773,0.011445635919715199
n_quadrimaculatus_trochanter_mirrored_aligned,25,C.1.25,-0.2567582,-0.1323334,-0.06140386,-0.24802730082654967,-0.1338998926252165,-0.0632381581784703,-427.8372573818732,0.24685960176290733,0.007258499619698238,0.007257648936344091,0.005419749186644784,0.00905798815021044
n_quadrimaculatus_trochanter_mirrored_aligned,26,C.1.26,-0.2590556,-0.139548,-0.09657987,-0.2532661623509536,-0.14631388546734986,-0.0955246324439171,-436.1861355525629,0.24118608049019835,0.007989270959504982,0.0015841276636351098,0.008826033100695107,0.008967068682086663
n_quadrimaculatus_trochanter_mirrored_aligned,27,C.1.27,-0.2573243,-0.1469751,-0.1317449,-0.25412582034546966,-0.15662054970821615,-0.12990859570641505,-444.7550801955441,0.2374340299897341,0.006513592219981616,-0.0021679228368291503,0.010096390256243312,0.010326518563040022
n_quadrimaculatus_trochanter_mirrored_aligned,28,C.1.28,-0.2509782,-0.1532071,-0.1666117,-0.25027465646177427,-0.1643732034739004,-0.16527466397527812,-453.44461056522096,0.23451320042508203,0.0036858358348238677,-0.005088752401481211,0.010053313116970544,0.0112678527515864
n_quadrimaculatus_trochanter_mirrored_aligned,29,C.1.29,-0.2411381,-0.156882,-0.1923948,-0.24404854695347666,-0.1684325907610054,-0.1925159181541588,-460.1810172843934,0.23108415554502285,-0.00019866772164024878,-0.008517797281540396,0.008327583531557905,0.011912242358367785
n_quadrimaculatus_trochanter_mirrored_aligned,30,C.1.30,-0.2273261,-0.1597214,-0.2163994,-0.2350439859574049,-0.17075586190781897,-0.21924401265474636,-466.9323862389896,0.22679203028382483,-0.00565764173734504,-0.012809922542738411,0.005032178340559957,0.0137628824888596
n_quadrimaculatus_trochanter_mirrored_aligned,31,C.1.31,-0.2119882,-0.161392,-0.2395748,-0.22308013751092248,-0.17131782620702304,-0.24560703532651978,-473.8405581741329,0.22365165071576684,-0.011025120736886392,-0.0159503021107964,0.001878517832513711,0.01606054067186868
n_quadrimaculatus_trochanter_mirrored_aligned,32,C.1.32,-0.1865984,-0.1593574,-0.2771008,-0.1972151797093123,-0.1682024929059386,-0.28653684219098763,-485.4282127787586,0.22288156723974867,-0.015969544723546718,-0.016720385586814573,0.0006475167712841297,0.01673291881713557
n_quadrimaculatus_trochanter_mirrored_aligned,33,C.1.33,-0.1597068,-0.1553181,-0.3133961,-0.16554072429585642,-0.16041146332780282,-0.3213595074101833,-496.8232290629903,0.2284941973270618,-0.02016556157062132,-0.011107755499501437,0.00010318925646070049,0.011108234794932672
n_quadrimaculatus_trochanter_mirrored_aligned,34,C.1.34,-0.1285192,-0.1481588,-0.3455361,-0.13023893852021334,-0.14885973471586758,-0.34852721400470643,-507.81225964150576,0.23616285661264413,-0.024544120439570816,-0.0034390962139191072,-0.0007537839706256735,0.003520734730559064
n_quadrimaculatus_trochanter_mirrored_aligned,35,C.1.35,-0.09835187,-0.1396241,-0.3666704,-0.09901008140675396,-0.13693734588109577,-0.36522548289588075,-516.7303776100126,0.24162279536570597,-0.029026477228272864,0.0020208425391427254,-0.0023782074806874367,0.003120845300428441
n_quadrimaculatus_trochanter_mirrored_aligned,36,C.1.36,-0.06549907,-0.1290341,-0.3821014,-0.06689130137217425,-0.123388337736001,-0.3765051555797333,-525.4746675729203,0.24624208157359137,-0.034037389821694915,0.006640128747028129,-0.004586892365155031,0.00807037120253012
n_quadrimaculatus_trochanter_mirrored_aligned,37,C.1.37,-0.0323475,-0.1124288,-0.3895043,-0.03387664289362707,-0.1083094291637957,-0.3824794223941278,-534.2535135517679,0.24727487681354698,-0.035391519841449164,0.007672923986983743,-0.003127720726464549,0.008285915728076514
n_quadrimaculatus_trochanter_mirrored_aligned,38,C.1.38,0.0009180807,-0.09268318,-0.3913442,-0.00013907368505353124,-0.09181101268639773,-0.38289285721748423,-543.2175164539232,0.24816312970358026,-0.035037965916648046,0.008561176877017018,9.847093360383286e-05,0.008561743166221183
n_quadrimaculatus_trochanter_mirrored_aligned,39,C.1.39,0.0338224,-0.07261751,-0.3875371,0.03269222605700372,-0.07473934137154359,-0.37757743917548836,-552.1400264979012,0.2494435567828179,-0.0351467186941954,0.009841603956254663,0.0028490589355501706,0.010245696913827124
n_quadrimaculatus_trochanter_mirrored_aligned,40,C.1.40,0.06840616,-0.05592522,-0.3825115,0.0629701155970262,-0.05808302503382612,-0.3671315715448792,-560.7557113928093,0.2559789132680668,-0.03916177882067741,0.01637696044150358,0.001595013259245802,0.016454449264552827
n_quadrimaculatus_trochanter_mirrored_aligned,41,C.1.41,0.09828077,-0.04295628,-0.370452,0.0879418789950282,-0.04362460451142283,-0.3537922458976752,-568.3407864439893,0.2591257288533925,-0.04511338425455948,0.01952377602682928,-0.0019258507910502756,0.019618530312313993
n_quadrimaculatus_trochanter_mirrored_aligned,42,C.1.42,0.1226178,-0.03070684,-0.3489159,0.11096491797654467,-0.029621087975669515,-0.3367530669359954,-575.9480780921435,0.25578268307410873,-0.05043028714499162,0.01618073024754549,-0.004804892684536819,0.016879070621741883
n_quadrimaculatus_trochanter_mirrored_aligned,43,C.1.43,0.1413379,-0.01752127,-0.322804,0.13194652873612556,-0.016155901261435998,-0.31592148496133715,-583.700155123712,0.25031419150608436,-0.052871905671139925,0.010712238679521119,-0.004762251750859669,0.01172310109423246
n_quadrimaculatus_trochanter_mirrored_aligned,44,C.1.44,0.1525581,-0.005390214,-0.2985157,0.14775637410077883,-0.0054123390884738,-0.2954262545152445,-590.3860492587759,0.24498885849217555,-0.05214511705673557,0.005386905665612313,-0.0018928766161220056,0.005709792862623602
n_quadrimaculatus_trochanter_mirrored_aligned,45,C.1.45,0.1648726,0.003614475,-0.2734103,0.1615494743685609,0.0045806133351653094,-0.27227503356954186,-597.2430089071909,0.24242103375996232,-0.05475576949604187,0.002819080933399082,-0.0023061222439572796,0.0036421720323357473
n_quadrimaculatus_trochanter_mirrored_aligned,46,C.1.46,0.1769994,0.009251595,-0.2472547,0.17267540956879612,0.01333748224179486,-0.24738235225778576,-604.0751048309338,0.24142811837444234,-0.06030236984407679,0.001826165547879094,-0.005663283702275764,0.005950433841386904
n_quadrimaculatus_trochanter_mirrored_aligned,47,C.1.47,0.1890042,0.02068365,-0.2151697,0.182647296661154,0.02232227867518949,-0.21444844562797383,-612.5623708559395,0.2444647090592889,-0.06182763066648272,0.004862756232725668,-0.0044686836635455425,0.006604205619433088
n_quadrimaculatus_trochanter_mirrored_aligned,48,C.1.48,0.1937933,0.03697859,-0.1832989,0.1880714453916728,0.028799707646460546,-0.18110783199846556,-620.7700018348754,0.24881288501923213,-0.05556276934824997,0.009210932192668886,0.0044264256281200415,0.010219320706349433
n_quadrimaculatus_trochanter_mirrored_aligned,49,C.1.49,0.1888225,0.04556066,-0.1485733,0.18925189175002216,0.03295051805782866,-0.14664268984671788,-629.058873529748,0.24565425967665108,-0.05140728854376011,0.006052306850087841,0.011238189108260811,0.012764298360687593
n_quadrimaculatus_trochanter_mirrored_aligned,50,C.1.50,0.1835887,0.04261302,-0.1153693,0.1864313301608575,0.03454134519483387,-0.11418923433901862,-636.8411203763894,0.24127696250707018,-0.05666477401002102,0.0016750096805069337,0.00847463143305983,0.00863857831798716
n_quadrimaculatus_trochanter_mirrored_aligned,51,C.1.51,0.177568,0.03372098,-0.08337965,0.17998445878791586,0.03385112686134188,-0.08263633775146728,-644.527194504555,0.23738604986932554,-0.06637838164916819,-0.0022159029572376976,0.001224131717641847,0.002531545847507342
n_quadrimaculatus_trochanter_mirrored_aligned,52,C.1.52,0.1704412,0.01933056,-0.05370234,0.17035866710668648,0.031000803914739555,-0.052967621351652824,-652.0003543974298,0.2332739864389011,-0.07983090705343261,-0.006327966387662143,-0.009833517051230579,0.011693639989337085
orchestes_testaceus_trochanter_aligned,1,C.1.01,0.1305119,0.0936473,-0.168626,0.1482361911653432,0.09993773254266522,-0.16977187509023844,95.00262773149825,0.22913169331755842,0.0720682661669454,-0.018505575277193043,0.0035463717050324066,0.018842321210777457
orchestes_testaceus_trochanter_aligned,2,C.1.02,0.1315273,0.10013,-0.1167376,0.14454254109894898,0.10476106406972772,-0.11447708934772396,82.14939262416452,0.23400616399495675,0.0670996247233187,-0.013631104599794719,0.0031853023530273596,0.013998327174728663
orchestes_testaceus_trochanter_aligned,3,C.1.03,0.1228732,0.1010261,-0.06516468,0.13088738703763092,0.10304685326692983,-0.061815205036852255,69.57386739551877,0.23925031408001485,0.062437575206557176,-0.008386954514736616,0.0030312726925222273,0.008917938111956859
orchestes_testaceus_trochanter_aligned,4,C.1.04,0.1053303,0.09466991,-0.01630473,0.1086585061276972,0.09511509308477761,-0.01408751747475756,57.27342684603635,0.2440123641815724,0.056743674686403074,-0.0036249044131790586,0.0017467808634228136,0.004023825964117393
orchestes_testaceus_trochanter_aligned,5,C.1.05,0.07915173,0.07955173,0.02498752,0.07989831240212994,0.08175250092344118,0.026441736511018693,45.38627803571882,0.24516658438557587,0.04954768261604543,-0.0024706842091755943,-0.0011879575497818864,0.002741445531385516
orchestes_testaceus_trochanter_aligned,6,C.1.06,0.04871162,0.05804344,0.06005494,0.04580283149817945,0.0634835404475223,0.05936705958467095,33.65325839747668,0.2470330659176996,0.04035194739686785,-0.0006042026770518572,-0.006177690670330806,0.006207167058590337
orchestes_testaceus_trochanter_aligned,7,C.1.07,0.01233152,0.03441027,0.08720088,0.007591676806608917,0.04080778282630584,0.08389328618865241,21.930545241171387,0.24951881494365466,0.033913399048121066,0.0018815463489031958,-0.008413931543486516,0.008621743482703966
orchestes_testaceus_trochanter_aligned,8,C.1.08,-0.02061469,0.01569914,0.1014915,-0.024412775665801738,0.020294104181857245,0.09668646597080477,12.67220479035556,0.2513309482442974,0.032301412133948645,0.00369367964954595,-0.006707028643562943,0.007656859838017395
orchestes_testaceus_trochanter_aligned,9,C.1.09,-0.055815,-0.003570289,0.1069146,-0.05704204054107382,-0.001995999883680509,0.10331539130151196,3.423388671356933,0.25080109643679405,0.03306075864886488,0.0031638278420425825,-0.002632206555798616,0.004115618782938077
orchestes_testaceus_trochanter_aligned,10,C.1.10,-0.08968663,-0.02563924,0.1045791,-0.0895664157623765,-0.025673331082135365,0.10362874164098063,-5.863134270250656,0.24859145873582283,0.03227278137049871,0.0009541901410713705,-9.119128274546468e-05,0.0009585377798326705
orchestes_testaceus_trochanter_aligned,11,C.1.11,-0.1305183,-0.05861799,0.0928025,-0.13115526652454962,-0.058430108662349635,0.0941468428007842,-18.288339436503502,0.24615501743146764,0.027683531999127535,-0.001482251163283821,-0.00022630688323164538,0.001499427662961577
orchestes_testaceus_trochanter_aligned,12,C.1.12,-0.1678793,-0.09116294,0.07186963,-0.16892632862169643,-0.09141642100049384,0.0736128231473428,-30.807743462033464,0.24558809099727477,0.023432664423294294,-0.0020491775974766924,1.0727311194848784e-05,0.0020492056756718554
orchestes_testaceus_trochanter_aligned,13,C.1.13,-0.2002122,-0.1224384,0.04237765,-0.20061778071467434,-0.12296414237660272,0.04311139149970897,-43.31333187147739,0.24672104422798982,0.019312900007165002,-0.0009162243667616421,0.0003739121030656742,0.0009895844335208487
orchestes_testaceus_trochanter_aligned,14,C.1.14,-0.2298922,-0.1564007,0.01286971,-0.2236227826089337,-0.1503807787012018,0.0063196910819171,-55.16936604470244,0.2580699541843706,0.011589393599161996,0.010432685589619156,-0.003099494488223075,0.010883372395281365
orchestes_testaceus_trochanter_aligned,15,C.1.15,-0.2479249,-0.1793783,-0.03242769,-0.23877397163133723,-0.17453030014652515,-0.03691398743767682,-67.13191340076409,0.2589202297044081,0.010147138166102288,0.011282961109656625,-0.00025346771978139546,0.011285807781767094
orchestes_testaceus_trochanter_aligned,16,C.1.16,-0.2529849,-0.1924543,-0.08447027,-0.24508532837323058,-0.19432915304885773,-0.0845712922811344,-79.14168150778659,0.2535331884923596,0.011678105205135614,0.005895919897608154,0.005582709011183219,0.008119637389844293
orchestes_testaceus_trochanter_aligned,17,C.1.17,-0.2488952,-0.1985319,-0.1340525,-0.24249048863799963,-0.2083447516074194,-0.13178040305722435,-90.53102104325795,0.24801071212032255,0.013943032962183676,0.00037344352557108773,0.011930437911088984,0.011936281197137582
orchestes_testaceus_trochanter_aligned,18,C.1.18,-0.2353857,-0.1974254,-0.1823062,-0.2312500295055253,-0.21742737657783442,-0.17998061524688835,-102.15348901596106,0.24063963994033163,0.01717558865107548,-0.00699762865441983,0.019329365616021967,0.020557022690628396
orchestes_testaceus_trochanter_aligned,19,C.1.19,-0.2136022,-0.1967179,-0.2274396,-0.21091523837651316,-0.22103480145278834,-0.2276956142428328,-114.163684912901,0.2363703569157463,0.015258449717624096,-0.011266911679005176,0.021717589726779982,0.024466242096473332
orchestes_testaceus_trochanter_aligned,20,C.1.20,-0.1819101,-0.201729,-0.2689046,-0.18160476928850558,-0.21862538772403833,-0.2723201520396491,-126.51040381967874,0.2371399014435245,0.002791572627790927,-0.010497367151226955,0.01367671099322891,0.01724085672755175
orchestes_testaceus_trochanter_aligned,21,C.1.21,-0.1432539,-0.2067495,-0.3039664,-0.14652700783713402,-0.2107167903006979,-0.3090643564719312,-138.38584348043605,0.24042821385209306,-0.014455669158593027,-0.0072090547426583995,0.0006865254187415413,0.007241670210194934
orchestes_testaceus_trochanter_aligned,22,C.1.22,-0.1007802,-0.2047762,-0.3346406,-0.10618143753870012,-0.19784272377640658,-0.33808527524709364,-150.24456244905824,0.2456434090115366,-0.028620215753388016,-0.001993859583214852,-0.009226958925505206,0.009439928339269215
orchestes_testaceus_trochanter_aligned,23,C.1.23,-0.05383975,-0.1892357,-0.3572314,-0.05955564202607959,-0.17960365520642038,-0.35902501916263313,-162.78258440253114,0.24802993229443274,-0.03522408396981772,0.0003926636996812727,-0.011336251297445818,0.011343049777722457
orchestes_testaceus_trochanter_aligned,24,C.1.24,-0.006338216,-0.1661827,-0.3701794,-0.01112757197293535,-0.15773705576126926,-0.3689185106108944,-175.26965433571343,0.2507385878830504,-0.037650611998328525,0.0031013192882989593,-0.009286468541177584,0.009790642435216197
orchestes_testaceus_trochanter_aligned,25,C.1.25,0.04135579,-0.1401173,-0.3712879,0.036657631205478616,-0.13362573915784673,-0.36743158367541706,-187.63964097075345,0.2529836486023451,-0.039904849917706854,0.00534638000759366,-0.007106367189750617,0.00889293167752689
orchestes_testaceus_trochanter_aligned,26,C.1.26,0.08865154,-0.111801,-0.3574005,0.08398466876249519,-0.10729426695564943,-0.35395786001199503,-200.5351757428627,0.2524996717202735,-0.04292568329991992,0.004862403125522025,-0.005504465079589065,0.0073445285735370324
orchestes_testaceus_trochanter_aligned,27,C.1.27,0.1291524,-0.08297593,-0.3298275,0.12679229231137923,-0.08108044423077904,-0.3287469696830527,-213.51465437249686,0.24954355643104026,-0.044661822012582425,0.0019062878362887947,-0.002587776469146005,0.0032141126876710857
orchestes_testaceus_trochanter_aligned,28,C.1.28,0.1633843,-0.05669224,-0.2928255,0.16300572017892997,-0.05646814870991432,-0.29269626238183766,-226.62073515102637,0.24792570559172591,-0.04712869185151978,0.00028843699697445047,-0.0003564351945843121,0.0004585214816799363
orchestes_testaceus_trochanter_aligned,29,C.1.29,0.1827795,-0.04100955,-0.2643463,0.18233251699635777,-0.04184831197204755,-0.2636602270679046,-235.34958937839343,0.24864049664649138,-0.04929508364799776,0.0010032280517399128,0.0006062548933033273,0.0011721823746551104
orchestes_testaceus_trochanter_aligned,30,C.1.30,0.1978066,-0.02719297,-0.2324632,0.19730224420029308,-0.02914715268672287,-0.23144905568965363,-244.05583954052497,0.24925617372316128,-0.05144724928849129,0.0016189051284098144,0.0015750681297016832,0.002258692858268551
orchestes_testaceus_trochanter_aligned,31,C.1.31,0.2089639,-0.01608932,-0.198033,0.20762244870002416,-0.018723439337703346,-0.196897386548812,-252.71909379134934,0.25028203366223467,-0.05438635756093784,0.002644765067483207,0.0017415257459507726,0.003166653467935617
orchestes_testaceus_trochanter_aligned,32,C.1.32,0.216043,-0.00581732,-0.1499305,0.21391386976252935,-0.008910067981426836,-0.14922240063141773,-264.05407755299666,0.25108696450098594,-0.05854824806693275,0.003449695906234479,0.0016429511602685343,0.003820954116515697
orchestes_testaceus_trochanter_aligned,33,C.1.33,0.2122563,-0.001014814,-0.1006132,0.21188138739738266,-0.003892611198856366,-0.10032458714302828,-275.41620674157554,0.24945894172123415,-0.06198672980466196,0.0018216731264826813,0.0022775163180111984,0.002916431648188629
orchestes_testaceus_trochanter_aligned,34,C.1.34,0.2003655,-0.00276041,-0.05239515,0.20158502166216763,-0.00404548388460782,-0.05194906122356402,-286.8392333537726,0.2472477780106301,-0.06657420302535469,-0.00038949058412135473,0.0017849202376408989,0.0018269217744225606
otiorynchus_singularis_trochanter_aligned,1,C.1.01,0.001802146,-0.01852421,-0.3195117,0.0002690355308114026,-0.019191249749129988,-0.34223192277837794,-175.57076599970577,0.21065847832507842,0.11222682811056482,-0.022182475256577378,-0.005190537961339974,0.022781656937913414
otiorynchus_singularis_trochanter_aligned,2,C.1.02,0.04319092,0.006078848,-0.3120106,0.04905269674172821,0.004797568533532897,-0.3387375268539088,-188.92771737790616,0.20550549502529403,0.10978515831041682,-0.02733545855636177,-0.0017616549630036478,0.027392165352436916
otiorynchus_singularis_trochanter_aligned,3,C.1.03,0.08319387,0.02889471,-0.296072,0.09550918896430916,0.030513773187466203,-0.3227092158421383,-202.52870111116295,0.20346196812010933,0.10472940527378193,-0.029378985461546464,-0.0008395998264558389,0.029390980157496353
otiorynchus_singularis_trochanter_aligned,4,C.1.04,0.1194592,0.05022264,-0.271482,0.13641034386175122,0.055892863352785184,-0.2948233801839946,-216.1700161606275,0.20346255938255214,0.09846771572525137,-0.029378394199103652,-0.001105755066960024,0.02939919624727916
otiorynchus_singularis_trochanter_aligned,5,C.1.05,0.154917,0.07543775,-0.2280988,0.17669387644975587,0.08474072582186758,-0.2450165846447782,-233.42181075630248,0.20373890357888882,0.09174648238691073,-0.02910205000276697,-0.0002446016633821925,0.029103077918620195
otiorynchus_singularis_trochanter_aligned,6,C.1.06,0.1777782,0.09725631,-0.1754058,0.2011202788636374,0.10693568522255245,-0.18344121857029688,-250.57669287465126,0.20641481506302634,0.08663534859268927,-0.02642613851862946,0.0021840569977245425,0.026516238458256146
otiorynchus_singularis_trochanter_aligned,7,C.1.07,0.185697,0.112578,-0.116434,0.208150706153216,0.12000567760274523,-0.11617977727271774,-267.48834051763725,0.20981549531616403,0.0824250863163502,-0.023025458265491766,0.00540668248045498,0.023651721793145623
otiorynchus_singularis_trochanter_aligned,8,C.1.08,0.1821468,0.1161069,-0.06375495,0.20069533006018064,0.1229710839431613,-0.058703950120701905,-281.7220674920932,0.2130295834510849,0.07568054541816704,-0.01981137013057091,0.004918048589549708,0.020412682047679275
otiorynchus_singularis_trochanter_aligned,9,C.1.09,0.1687951,0.1118534,-0.01272712,0.18213360377991494,0.11820373577614415,-0.005080538008513866,-295.6875832354921,0.21652456378069637,0.06786300382465785,-0.016316389800959424,0.003238531700053007,0.016634682555104606
otiorynchus_singularis_trochanter_aligned,10,C.1.10,0.1484871,0.1021749,0.03516954,0.1546928959497208,0.10628714878127267,0.041376921641793254,-309.2370756883067,0.22321332903450142,0.05979309476543837,-0.009627624547154379,0.001123799730624602,0.00969299129554553
otiorynchus_singularis_trochanter_aligned,11,C.1.11,0.1284398,0.09028407,0.06591554,0.1304715388852861,0.09365380892192432,0.06964092090121964,-318.8648432268811,0.22750491573619372,0.05349528795100854,-0.005336037845462077,-0.0009424787906813833,0.005418631391697297
otiorynchus_singularis_trochanter_aligned,12,C.1.12,0.1058403,0.07463539,0.09298935,0.10390602809940383,0.07829191216355956,0.0925267390507002,-328.2405993653316,0.23231351462647873,0.04618815352203878,-0.0005274389551770675,-0.004128847194679416,0.004162399669475564
otiorynchus_singularis_trochanter_aligned,13,C.1.13,0.08041412,0.05593063,0.115176,0.07573883656709983,0.06060080343965149,0.10995506587758008,-337.43716900603937,0.23683449080073804,0.03886023332652004,0.003993537219082244,-0.007414756147361177,0.008421813833434322
otiorynchus_singularis_trochanter_aligned,14,C.1.14,0.05468332,0.03605997,0.130399,0.04869987194060272,0.04238188212365896,0.12121153406313322,-345.8832129498379,0.24016357228252974,0.032240198517571116,0.007322618700873945,-0.010322645459448342,0.012656135030879628
otiorynchus_singularis_trochanter_aligned,15,C.1.15,0.02788516,0.01428849,0.1402284,0.021465105864499553,0.02281927954258725,0.1276438174103217,-354.24369638375504,0.24285008872173583,0.025766550573820157,0.010009135140080033,-0.013121752856486866,0.01650342947023758
otiorynchus_singularis_trochanter_aligned,16,C.1.16,-0.0008015633,-0.007210374,0.1421162,-0.0058409609992639624,0.0019103127955471602,0.12926276894778627,-362.67438066788816,0.24312594947145155,0.02222096416641107,0.010284995889795756,-0.012961944536014307,0.0165466959423272
otiorynchus_singularis_trochanter_aligned,17,C.1.17,-0.03834811,-0.03049771,0.1367264,-0.03860781332826892,-0.025147282714929376,0.12444712612301122,-373.15144578422206,0.2441034430480188,0.02332335187980318,0.01126248946636299,-0.007254751265047166,0.013396831151344756
otiorynchus_singularis_trochanter_aligned,18,C.1.18,-0.07506815,-0.05001535,0.120857,-0.06872466420489982,-0.05241712913293595,0.11240165936364156,-383.5327005073505,0.24313278607501984,0.029418248107228408,0.010291832493364045,0.0034028406135807143,0.010839794292923583
otiorynchus_singularis_trochanter_aligned,19,C.1.19,-0.1047945,-0.0720365,0.09610814,-0.09579670928572745,-0.07976191834751052,0.0932197762587645,-394.0659309951342,0.23923210207340556,0.03178486803602257,0.006391148491749765,0.010398951506762141,0.012205940008192131
otiorynchus_singularis_trochanter_aligned,20,C.1.20,-0.1198904,-0.09078339,0.07156306,-0.11378920320279565,-0.10029959486218476,0.07387895318859945,-402.2587621719158,0.2331203723015863,0.029320573606158678,0.0002794187199305076,0.01153551228932809,0.01153889590031415
otiorynchus_singularis_trochanter_aligned,21,C.1.21,-0.1277529,-0.1076551,0.04266071,-0.1287236152737029,-0.1199060022980347,0.050981903449855634,-410.495928408567,0.22344534649773432,0.0256534853589735,-0.009395607083921481,0.011488765086512913,0.01484146743716781
otiorynchus_singularis_trochanter_aligned,22,C.1.22,-0.1361782,-0.1255363,0.01453455,-0.14076434532133925,-0.13925733725831546,0.023334842382062612,-419.2701488335009,0.21993208496277508,0.021267618394305996,-0.012908868618880714,0.01095928142456383,0.016933538861156946
otiorynchus_singularis_trochanter_aligned,23,C.1.23,-0.1469773,-0.1436511,-0.01126137,-0.14829230507208532,-0.15606095248094737,-0.005871779343161229,-427.72442295198465,0.2245919364221119,0.01739697517322233,-0.008249017159543903,0.010804400968509051,0.013593430927722748
otiorynchus_singularis_trochanter_aligned,24,C.1.24,-0.1542026,-0.1545198,-0.0419191,-0.15161409253081984,-0.17075840634473702,-0.03694772533675684,-436.1812026969904,0.22632306523218956,0.01876987277463257,-0.006517888349466233,0.01589416259019529,0.017178686590646863
otiorynchus_singularis_trochanter_aligned,25,C.1.25,-0.1512843,-0.1627753,-0.07406679,-0.15061436935055242,-0.18308776443155075,-0.06917902200696661,-444.63480390822195,0.22269215970868728,0.017434193954290335,-0.01014879387296852,0.018273950783445816,0.020902997256656876
otiorynchus_singularis_trochanter_aligned,26,C.1.26,-0.1432062,-0.1710375,-0.09506373,-0.14732597007986922,-0.1902092729955364,-0.09207320442477336,-450.5580100829098,0.2192580131261594,0.0110129320516389,-0.013582940455496406,0.014456014564944475,0.019836144497342424
otiorynchus_singularis_trochanter_aligned,27,C.1.27,-0.1349912,-0.1816213,-0.1149355,-0.1420144229357741,-0.19594769016495323,-0.11462486497931143,-456.399915325133,0.21924713217728412,0.0023484890037811373,-0.013593821404371681,0.008359164390426528,0.01595830848430151
otiorynchus_singularis_trochanter_aligned,28,C.1.28,-0.12772,-0.1937518,-0.1342842,-0.13501800866322594,-0.2002221246261116,-0.13603315024766166,-462.0105310411754,0.22301084848272085,-0.007230061507353707,-0.00983010509893495,0.0012465520159528243,0.009908827286040613
otiorynchus_singularis_trochanter_aligned,29,C.1.29,-0.1171533,-0.2120718,-0.1676994,-0.12025093059924852,-0.20446816489289082,-0.16897260397290265,-470.9115179565672,0.23429986956312757,-0.02056814964602297,0.00145891598147177,-0.00817943730870805,0.008308527578824002
otiorynchus_singularis_trochanter_aligned,30,C.1.30,-0.1010212,-0.2171941,-0.2034411,-0.10019133411572168,-0.20556335460576441,-0.20145366279889554,-480.2652271092241,0.2407486593684648,-0.025296436176538505,0.007907705786808994,-0.008796647749513602,0.011828475068230704
otiorynchus_singularis_trochanter_aligned,31,C.1.31,-0.07764272,-0.2132023,-0.2350862,-0.07583954747457536,-0.2032534677548856,-0.23099080448779283,-489.65800092146685,0.2416452653704812,-0.027069078305591847,0.008804311788825403,-0.006441044365972958,0.010908847720968576
otiorynchus_singularis_trochanter_aligned,32,C.1.32,-0.05375221,-0.2077484,-0.2556573,-0.05355007118886844,-0.1990078502700141,-0.25198914415921825,-497.22682405949655,0.2398794504538252,-0.030307030573542927,0.0070384968721693975,-0.0063524010211922595,0.009481214951343695
otiorynchus_singularis_trochanter_aligned,33,C.1.33,-0.02751894,-0.1999613,-0.2722363,-0.029093846622308447,-0.19271468488315802,-0.2701866609685003,-504.8473532190534,0.23714567314730803,-0.03368079711871383,0.004304719565652232,-0.006376846488756959,0.007693814507777066
otiorynchus_singularis_trochanter_aligned,34,C.1.34,-0.000614129,-0.1904116,-0.2866793,-0.0026594873123072793,-0.18443524089579705,-0.2852720765824725,-512.569739144586,0.23589835106846077,-0.03640180599687044,0.0030573974868049747,-0.005703766923939884,0.006471525053258442
otiorynchus_singularis_trochanter_aligned,35,C.1.35,0.02776096,-0.1769619,-0.299992,0.02703364666500173,-0.17365517080100024,-0.2973746635504967,-520.8528633720988,0.23627977490144075,-0.036885813180184066,0.003438821319784957,-0.0025472339317924556,0.004279473422359633
otiorynchus_singularis_trochanter_aligned,36,C.1.36,0.05626506,-0.1607915,-0.3094374,0.05745668595779199,-0.1612292508617092,-0.30497932195389044,-529.1121383351367,0.23704729342553782,-0.03602113557352158,0.004206339843882023,0.001947501790290553,0.004635305610789287
otiorynchus_singularis_trochanter_aligned,37,C.1.37,0.0859164,-0.1442118,-0.3124601,0.0880980938259725,-0.14745075044689931,-0.30795285901717917,-537.3706469847104,0.23639137761316711,-0.036806668114699875,0.003550424031511318,0.0047916905598590145,0.0059637076743394805
otiorynchus_singularis_trochanter_aligned,38,C.1.38,0.116376,-0.1306263,-0.309834,0.1175633808572429,-0.13307267015297652,-0.30632593493993154,-545.4080304145382,0.23568752840054003,-0.04172528949021104,0.002846574818884229,0.0034056031024898856,0.004438594449957595
otiorynchus_singularis_trochanter_aligned,39,C.1.39,0.1463271,-0.1180094,-0.3018978,0.14597810802588979,-0.11816454516794671,-0.3003005835474767,-553.4018706602698,0.23445587428490744,-0.04834596517010708,0.0016149207032516433,0.00029832354843481565,0.0016422441406020276
otiorynchus_singularis_trochanter_aligned,40,C.1.40,0.1748394,-0.1046942,-0.2905391,0.17318090135587572,-0.10288404207388073,-0.28988963842494436,-561.455279273689,0.23408869980598015,-0.054395702064918665,0.0012477462243243587,-0.0022118361528857735,0.0025395058195499913
otiorynchus_singularis_trochanter_aligned,41,C.1.41,0.2005236,-0.08917116,-0.2759004,0.1986899417553618,-0.08755381656157579,-0.2751503658344913,-569.5869700998246,0.23427192847145606,-0.05787751055457755,0.0014309748898002628,-0.002119661404596255,0.0025574701572792053
otiorynchus_singularis_trochanter_aligned,42,C.1.42,0.2235045,-0.07301089,-0.2578534,0.22178034259918478,-0.07267393381786122,-0.25642126745626503,-577.7274571351999,0.23494141851734504,-0.06018734911999668,0.0021004649356892446,-0.0008516506843959894,0.0022665528527462675
otiorynchus_singularis_trochanter_aligned,43,C.1.43,0.2435742,-0.05803923,-0.2357631,0.24194424763427733,-0.05865763392362467,-0.2341430737876754,-585.8457873377303,0.23522059697339445,-0.06287298120721721,0.002379643391738656,3.082829954211076e-05,0.0023798430737966923
otiorynchus_singularis_trochanter_aligned,44,C.1.44,0.2594821,-0.04712261,-0.2125959,0.2572905416979187,-0.0470678957856286,-0.2114606649092487,-593.1258008021254,0.2351311129795277,-0.06702534267119743,0.002290159397871916,-0.0009218731367644394,0.002468740599566674
otiorynchus_singularis_trochanter_aligned,45,C.1.45,0.2723362,-0.03803683,-0.1868813,0.26980698241270906,-0.03665417764892408,-0.18661713025434518,-600.3975068615094,0.23447731143718648,-0.07168711059806009,0.001636357855530679,-0.002387632247847177,0.0028945560596258567
otiorynchus_singularis_trochanter_aligned,46,C.1.46,0.281792,-0.02946839,-0.159565,0.27939466108848143,-0.027553675084067725,-0.1597805549193433,-607.7211704312442,0.23395612898087959,-0.07538471720792989,0.001115175399223789,-0.0028663940444736006,0.0030756838246522662
otiorynchus_singularis_trochanter_aligned,47,C.1.47,0.2884734,-0.01949878,-0.1295538,0.2861889798934994,-0.019524739734370175,-0.12930860097423477,-615.6137704288186,0.23485999067394783,-0.07708397305126118,0.0020190370922920364,-0.0010967501597802624,0.00229768833679178
otiorynchus_singularis_trochanter_aligned,48,C.1.48,0.2901074,-0.01016807,-0.0986524,0.289219667651189,-0.013549087843551313,-0.09782461904154963,-623.4948300073694,0.23538896000585205,-0.0769188113365333,0.002548006424196253,0.002532239119626258,0.0035922933756461083
otiorynchus_singularis_trochanter_aligned,49,C.1.49,0.2883739,-0.004836172,-0.0668211,0.2884813288430228,-0.009786444333003852,-0.06593461780270213,-631.3588838057052,0.23535241535709045,-0.07854906146519686,0.0025114617754346535,0.004358342295400047,0.005030167771888197
otiorynchus_singularis_trochanter_aligned,50,C.1.50,0.283035,-0.004795128,-0.02970733,0.2830400937120542,-0.00833648954737054,-0.029388023660210524,-640.4146847880927,0.2347300732257682,-0.08387516240396048,0.001889119644112397,0.003012382954399326,0.0035557311616216027
otiorynchus_singularis_trochanter_aligned,51,C.1.51,0.2736501,-0.009342902,0.006309397,0.2729122636535046,-0.010071053084957898,0.005992749488030455,-649.4373021521009,0.23391344594272848,-0.0906961556511779,0.00107249236107268,0.00015694667569633654,0.0010839151828309801
otiorynchus_singularis_trochanter_aligned,52,C.1.52,0.2636318,-0.01616337,0.0417922,0.2586491815302445,-0.014914746033504789,0.03897851765565434,-658.3175217093284,0.23691622719910885,-0.09896255693627015,0.004075273617453051,-0.004206483317764183,0.00585682140411823
oxystoma_trochanter_aligned,1,C.1.01,-0.1344129,0.2537302,-0.3659378,-0.13780213390224044,0.25201411070816865,-0.36545095639345954,89.34192359840235,0.14630049969462136,-0.03463460594327534,-0.003439480211353735,0.0016848921254992392,0.0038299981199556164
oxystoma_trochanter_aligned,2,C.1.02,-0.1390981,0.2583488,-0.394105,-0.14005367820256326,0.25727193033433565,-0.3943700988317347,100.56731130533097,0.14827610542179695,-0.03297390889886953,-0.001463874484178146,1.1263356575546703e-05,0.0014639178148479334
oxystoma_trochanter_aligned,3,C.1.03,-0.1387998,0.2669895,-0.421708,-0.13864116787495467,0.26662300645698556,-0.4218917261448294,111.64825019767146,0.14953382477696675,-0.03008200136956076,-0.0002061551290083452,-0.00038824866676532215,0.0004395872660365977
oxystoma_trochanter_aligned,4,C.1.04,-0.1336549,0.2795333,-0.4472593,-0.1336264305175313,0.2795780255383841,-0.44722195794551295,122.64833048672541,0.14980296644631766,-0.026410923361109954,6.298654034256335e-05,1.5427572225797802e-05,6.484839434482024e-05
oxystoma_trochanter_aligned,5,C.1.05,-0.1179799,0.3075974,-0.4827537,-0.11766135375718281,0.3076389832931693,-0.4825214068583014,140.9114845093718,0.15010661090006083,-0.02115237355157154,0.00036663099408573707,-0.0001508068199374458,0.0003964353449983361
oxystoma_trochanter_aligned,6,C.1.06,-0.09541608,0.3416837,-0.5076989,-0.09338920059634592,0.3409415912688004,-0.5064468849467867,159.1031854251687,0.15163945208185353,-0.017216188448558444,0.001899472175878436,-0.0016181818910172572,0.002495297012251717
oxystoma_trochanter_aligned,7,C.1.07,-0.06480823,0.3768859,-0.5185195,-0.06306383912045951,0.3756383830629667,-0.516886030029805,177.14010942419958,0.1519126427677457,-0.011836339704366108,0.002172662861770591,-0.0015959192590542883,0.002695815682189291
oxystoma_trochanter_aligned,8,C.1.08,-0.04319213,0.3963918,-0.5168362,-0.042724399539699025,0.39590040896753464,-0.516343941383203,188.07346329375784,0.15040868586106584,-0.007498197816670849,0.0006687059550907481,-0.0005053591017461986,0.0008381858243203349
oxystoma_trochanter_aligned,9,C.1.09,-0.02103343,0.4146698,-0.5117896,-0.021604981584908485,0.41466512243241527,-0.5106110141753559,199.0497879662015,0.1508059851112026,-0.002971316102901686,0.0010660052052275104,0.0007611770768549742,0.0013098693216889077
oxystoma_trochanter_aligned,10,C.1.10,0.0008187294,0.4299746,-0.5000073,-0.0003754381748543312,0.4311586889703617,-0.49986603463211543,210.07354078248224,0.14935140528723734,0.0011842155639785828,-0.0003885746187377581,0.0016422754203854093,0.0016876192671124901
oxystoma_trochanter_aligned,11,C.1.11,0.02294042,0.4447374,-0.4837377,0.021740367009842533,0.44552226336679257,-0.4831804823164579,221.95878405606075,0.14991915434109368,0.004600181223055459,0.00017917443511858422,0.0015279154925488497,0.0015383852672756825
oxystoma_trochanter_aligned,12,C.1.12,0.04194294,0.454601,-0.4610742,0.04235656146915738,0.4556991736925352,-0.4618082165401139,233.9145045508077,0.1483619237766654,0.00675317794877597,-0.0013780561293096905,0.00012965247532239864,0.0013841417773787336
oxystoma_trochanter_aligned,13,C.1.13,0.0601732,0.4603381,-0.4364423,0.06057648016507967,0.4610630072243356,-0.4367789644089061,245.88135500265997,0.1488451945214793,0.010206856024525144,-0.0008947853844958054,2.8764828478614618e-05,0.0008952476191896487
oxystoma_trochanter_aligned,14,C.1.14,0.08025862,0.4575621,-0.3948837,0.08183508750802182,0.4594572736129372,-0.3951677547436446,263.7280343583156,0.14726316200592837,0.015327533636717633,-0.002476817900046724,-0.00015163447634692416,0.0024814552029824833
oxystoma_trochanter_aligned,15,C.1.15,0.09117972,0.4444006,-0.3519189,0.09468616289109234,0.446076140255612,-0.3516404035345522,281.79086262030967,0.1461794161178437,0.019262512308257877,-0.0035605637881313823,-0.0015819363731144006,0.00389616955200043
oxystoma_trochanter_aligned,16,C.1.16,0.0981096,0.4246653,-0.3106776,0.09799518239902533,0.42258916063732777,-0.3120467699153421,299.40666399086666,0.15170700706257023,0.024550881223598272,0.001967027156595136,-0.0015260656810718448,0.0024895927975730927
oxystoma_trochanter_aligned,17,C.1.17,0.09347364,0.400619,-0.2874976,0.0947124511032893,0.4002468861958848,-0.2874012487439698,312.14099862881886,0.14910182771666924,0.02873024888163426,-0.0006381521893058517,-0.0011292329169257404,0.001297075632869789
oxystoma_trochanter_aligned,18,C.1.18,0.08836161,0.3745299,-0.266755,0.08701861996540325,0.3745941333862157,-0.26760050950148345,324.8293221285021,0.15110317723361105,0.03444341269931055,0.0013631973276359566,0.0008150628957055129,0.0015882803524660443
oxystoma_trochanter_aligned,19,C.1.19,0.07975787,0.3465931,-0.2499461,0.07570527963922583,0.3473042944011755,-0.25379801815328684,337.2502048623404,0.15484008629730772,0.039716835687029876,0.005100106391332626,0.0023990569741486646,0.005636183067300403
p_pollinarius_trochanter_aligned,1,C.1.01,-0.05440466,-0.02230212,-0.3850144,-0.06305176742376213,-0.011419842283057424,-0.4017417083064225,-173.06804696282973,0.2369535615459151,0.07425447344225547,-0.014077103741270608,-0.0165781310328506,0.021748546578676427
p_pollinarius_trochanter_aligned,2,C.1.02,-0.03016911,-0.008805173,-0.3869669,-0.03657891761878006,0.0015827458660116062,-0.4030343955873111,-179.7857606095122,0.23741602230168482,0.07343443945823577,-0.013614642985500885,-0.01489296487950682,0.020178178969492554
p_pollinarius_trochanter_aligned,3,C.1.03,-0.006975594,0.005968895,-0.3828296,-0.010407960311381477,0.015124789566750091,-0.4009336777183037,-186.50798251239516,0.23483590434144286,0.07312804913786174,-0.016194760945742848,-0.01269247382323768,0.02057593676709108
p_pollinarius_trochanter_aligned,4,C.1.04,0.01557477,0.02106864,-0.3767603,0.015393090016206049,0.029145094309493517,-0.3953768602618357,-193.30849328791012,0.23348965925928575,0.0730789793001097,-0.017541006027899958,-0.010205466444096818,0.02029380294110517
p_pollinarius_trochanter_aligned,5,C.1.05,0.03690701,0.03580971,-0.3699567,0.03934437834565503,0.042779060437708565,-0.3868008665150079,-199.8761759043044,0.23428786781738442,0.07322485496781987,-0.016742797469801285,-0.007610340888982473,0.018391263022459928
p_pollinarius_trochanter_aligned,6,C.1.06,0.0584593,0.05028679,-0.3632778,0.061584687869343194,0.05601665424986872,-0.3754523102610947,-206.3065202054926,0.23830713102422726,0.07305852266797427,-0.012723534262958441,-0.005378640126703321,0.013813692256354277
p_pollinarius_trochanter_aligned,7,C.1.07,0.07931948,0.06449899,-0.3542507,0.08193943510314214,0.06868218590005794,-0.36164729503510007,-212.60105765679626,0.24284962261256013,0.07260502988661566,-0.008181042674625577,-0.0034847455502466877,0.008892295024008673
p_pollinarius_trochanter_aligned,8,C.1.08,0.1068208,0.08413702,-0.3343711,0.10844406394996452,0.08613659663060269,-0.33728663144247584,-221.7090560009467,0.24738718610487617,0.0713298469938815,-0.0036434791823095336,-0.0013633325320878329,0.003890194872364646
p_pollinarius_trochanter_aligned,9,C.1.09,0.1286035,0.1017855,-0.3069622,0.13080565482090725,0.10202581192784452,-0.3084434822908829,-230.7708675875233,0.24845060183915157,0.06998067022454857,-0.002580063448034131,0.000666862435072482,0.002664851384822924
p_pollinarius_trochanter_aligned,10,C.1.10,0.1437368,0.1174771,-0.2743749,0.1486666950805706,0.11598525752536562,-0.27568151887285697,-239.84068196628738,0.24708111447497239,0.06948641444730938,-0.0039495508122133205,0.0035549628317619072,0.005313822762707038
p_pollinarius_trochanter_aligned,11,C.1.11,0.1525983,0.1302484,-0.2446555,0.16008673520995237,0.12610086019012345,-0.2450449915209449,-247.6300425495329,0.24648366709657396,0.07028988964955418,-0.004546998190611745,0.0072632815908256695,0.008569157018811892
p_pollinarius_trochanter_aligned,12,C.1.12,0.1579167,0.1414394,-0.2134874,0.16769770526376643,0.13425092865966642,-0.2126315816354835,-255.4315155054361,0.2463119084827011,0.07133366152140594,-0.0047187568044846084,0.011216414020256112,0.012168591095671982
p_pollinarius_trochanter_aligned,13,C.1.13,0.1604663,0.1490031,-0.180911,0.17136670709647533,0.1402248837349187,-0.17905949652331582,-263.23716011568416,0.24630807735633659,0.07051051042533693,-0.00472258793084912,0.013304179193960087,0.014117507598354643
p_pollinarius_trochanter_aligned,14,C.1.14,0.1601228,0.1512781,-0.1462179,0.17097537636006543,0.14393561705929675,-0.14390434346407208,-271.28360889205,0.2456271895564459,0.06636478516429867,-0.005403475730739793,0.012159171980764594,0.01330575113364533
p_pollinarius_trochanter_aligned,15,C.1.15,0.1559405,0.14918,-0.1117632,0.1664069274818697,0.14504137065723283,-0.10898035031655848,-279.3041287433059,0.2441879805349509,0.060573852824987486,-0.006842684752234818,0.00935928815734478,0.011593903977120089
p_pollinarius_trochanter_aligned,16,C.1.16,0.1479046,0.1446498,-0.07824045,0.15771995783532577,0.1434692902959889,-0.0746373620809137,-287.37494347079763,0.24291061454426405,0.05489668577180545,-0.008120050742921658,0.0066919258126341245,0.010522219117154952
p_pollinarius_trochanter_aligned,17,C.1.17,0.1309414,0.1363222,-0.03901274,0.14111337669378432,0.1375724175686061,-0.03325244828372638,-297.6179814802957,0.24049950040552176,0.04961055507071937,-0.010531164881663946,0.005225675144851702,0.011756407379991259
p_pollinarius_trochanter_aligned,18,C.1.18,0.1111796,0.1260215,-0.001605255,0.11874146188737354,0.12735759618397297,0.004584984877327669,-307.89460348036766,0.24196529532919067,0.04443899659856614,-0.009065369957995034,0.0038865209995674606,0.009863365447726109
p_pollinarius_trochanter_aligned,19,C.1.19,0.08701073,0.1120502,0.0318101,0.091680431297506,0.11319962299051194,0.037285885538175134,-318.0837807702915,0.24415820778213132,0.039177725573106684,-0.006872457505054386,0.0024250440244161626,0.007287764450030928
p_pollinarius_trochanter_aligned,20,C.1.20,0.06584318,0.09811351,0.05484801,0.06791454368889879,0.0996653676138021,0.05870502046298068,-325.99026174602864,0.24640845113052248,0.03426293710937105,-0.0046222141566632235,0.00045877618365470206,0.00464492618851434
p_pollinarius_trochanter_aligned,21,C.1.21,0.04220619,0.0815585,0.07329165,0.04239923886843246,0.08422217524033457,0.07614160532163919,-333.85326367995555,0.24747737176412674,0.02925050214289827,-0.00355329352305897,-0.001621352560642174,0.0039057238748936123
p_pollinarius_trochanter_aligned,22,C.1.22,0.01784489,0.06344762,0.0891493,0.01584675019593051,0.06726104732971577,0.0892719823489865,-341.62188968466535,0.2500914733241151,0.023771440105904557,-0.0009391919630706291,-0.004203303473565341,0.0043069527086308824
p_pollinarius_trochanter_aligned,23,C.1.23,-0.0163144,0.03821614,0.1008496,-0.019468487577307892,0.043366872168764614,0.0998142293093788,-351.62346993856033,0.2509640415908393,0.01811744106551655,-6.662369634641285e-05,-0.00612746799826461,0.006127830185854694
p_pollinarius_trochanter_aligned,24,C.1.24,-0.05140768,0.01204816,0.1057783,-0.05490079234190058,0.017823249620440813,0.10293032654718501,-361.59485627154197,0.2526212024039863,0.013375485811008846,0.0015905371168005722,-0.007150848790547894,0.007325602142158715
p_pollinarius_trochanter_aligned,25,C.1.25,-0.08679059,-0.01401457,0.1027337,-0.08933629552277833,-0.008688862606628371,0.09861066517837941,-371.5394138805771,0.254095897751947,0.010302587416040657,0.003065232464761314,-0.006515177812292348,0.007200221662477708
p_pollinarius_trochanter_aligned,26,C.1.26,-0.1129103,-0.03344082,0.09340818,-0.11451002867521971,-0.029334266383125137,0.09033254714600608,-379.1847141545668,0.2534115820041183,0.009148588892305182,0.0023809167169325796,-0.004818056400892949,0.005374237796669867
p_pollinarius_trochanter_aligned,27,C.1.27,-0.1373892,-0.05303834,0.08062913,-0.1380550037793058,-0.04987343829809826,0.07789529460289701,-386.8382601211211,0.2534345392978265,0.007626027646933394,0.002403874010640794,-0.0034864226901879184,0.004234826257792833
p_pollinarius_trochanter_aligned,28,C.1.28,-0.1604407,-0.07229686,0.06499824,-0.15942977590405197,-0.06989463129031123,0.061597312771928564,-394.4661594955001,0.2547636071438048,0.006164460071605841,0.0037329418566190986,-0.002103359552515937,0.004284737601307572
p_pollinarius_trochanter_aligned,29,C.1.29,-0.1788772,-0.08852612,0.0488201,-0.17587811230261494,-0.08656379280930859,0.044636664077741695,-401.0455726898962,0.25647327106376955,0.004963058525704638,0.005442605776583842,-0.0008511365908420072,0.0055087558609521236
p_pollinarius_trochanter_aligned,30,C.1.30,-0.1942277,-0.102954,0.02829828,-0.19023587329741753,-0.10247161349447209,0.025230668766624303,-407.623900177727,0.25596681439908586,0.004461905914983021,0.004936149111900157,0.0011009304194117937,0.0050574317438101535
p_pollinarius_trochanter_aligned,31,C.1.31,-0.2063033,-0.1165945,0.005209267,-0.20232444144343076,-0.11747069829587264,0.0035876895022635136,-414.21689789282675,0.2546383839339726,0.0033948576768785535,0.003607718646786884,0.002492572689745654,0.004385037337131769
p_pollinarius_trochanter_aligned,32,C.1.32,-0.2185118,-0.1341562,-0.03044083,-0.21521259344880883,-0.13684819426548264,-0.03041042384180813,-423.597056029019,0.2525936402967374,0.001365207857194187,0.0015629750095517148,0.003961013840771958,0.004258229858435329
p_pollinarius_trochanter_aligned,33,C.1.33,-0.2257804,-0.1486192,-0.06873222,-0.22273135198244465,-0.1536539580598114,-0.06764611531727,-433.0544311755677,0.2509906136577844,-0.0001374193274477082,-4.005162940129425e-05,0.005985273743365802,0.005985407748519906
p_pollinarius_trochanter_aligned,34,C.1.34,-0.2272129,-0.1605775,-0.1085224,-0.22449319427827694,-0.16740585101609762,-0.10703643311973876,-442.5620863346442,0.2497623283146941,-0.002277620712796275,-0.001268336972491596,0.007390710094791846,0.0074987515214899395
p_pollinarius_trochanter_aligned,35,C.1.35,-0.2223149,-0.1688927,-0.145178,-0.2209265880829286,-0.17697444958479086,-0.1438633445874463,-451.2615677652364,0.24798120145712138,-0.005187868741314545,-0.003049463830064325,0.0077247120032552415,0.008304842273282886
p_pollinarius_trochanter_aligned,36,C.1.36,-0.2116525,-0.1740475,-0.1811846,-0.2123808704224998,-0.183531384154794,-0.18079493686553239,-460.01894066474995,0.24535596408493296,-0.008534848298294128,-0.0056747012022527465,0.007643571531518443,0.009519790937425495
p_pollinarius_trochanter_aligned,37,C.1.37,-0.1961772,-0.1753798,-0.2157612,-0.1988368707702551,-0.18693497630454917,-0.21712936090771717,-468.88019507379704,0.24223546495714957,-0.011413781848249437,-0.00879520033003614,0.008069217028888338,0.011935988115978057
p_pollinarius_trochanter_aligned,38,C.1.38,-0.178154,-0.1752966,-0.2480174,-0.18096404886610623,-0.1870960637627123,-0.2510306738661694,-477.60429699552367,0.24134686922563722,-0.014835314468386351,-0.009683796061548483,0.007901115930572229,0.012498141426228336
p_pollinarius_trochanter_aligned,39,C.1.39,-0.1571242,-0.1736582,-0.2783556,-0.15900132089593502,-0.18415845588339513,-0.28222784044455407,-486.3149730057756,0.24220937505898746,-0.01884636494556366,-0.008821290228198247,0.007138490123623089,0.011347828097709721
p_pollinarius_trochanter_aligned,40,C.1.40,-0.1338394,-0.170389,-0.3068595,-0.13371124600014672,-0.17834090560221327,-0.30973830109439193,-494.9237417096341,0.24529265998874789,-0.022981419144981318,-0.0057380052984378205,0.006213856861109672,0.008457938395097305
p_pollinarius_trochanter_aligned,41,C.1.41,-0.1139782,-0.1672341,-0.3282236,-0.11202963960262799,-0.17196972065142072,-0.328355799942223,-501.58623041726895,0.24970851832449312,-0.0267309022410779,-0.0013221469626925886,0.004948979168488723,0.00512254501210997
p_pollinarius_trochanter_aligned,42,C.1.42,-0.09215119,-0.1616741,-0.3470231,-0.08907553862131048,-0.16418745154722125,-0.3441917407458376,-508.17414312700726,0.2535127893550041,-0.029937601561032173,0.002482124067818392,0.004199074033789061,0.004877823554546148
p_pollinarius_trochanter_aligned,43,C.1.43,-0.06845821,-0.1550802,-0.3630219,-0.06530599430325648,-0.15522090446354092,-0.35706274093230267,-514.6542581935564,0.25715954080046394,-0.03374173542266175,0.006128875513278231,0.0028115339730678092,0.006742984379262347
p_pollinarius_trochanter_aligned,44,C.1.44,-0.03929446,-0.1450243,-0.3778592,-0.03676391400796052,-0.143432263262887,-0.36836624753851,-522.138130610315,0.2608415523970036,-0.037670604584218996,0.009810887109817867,0.001673584340468611,0.009952607217521134
p_pollinarius_trochanter_aligned,45,C.1.45,-0.009171067,-0.1324179,-0.3881267,-0.007721357653436451,-0.130443278559063,-0.3756220898792186,-529.5643968798756,0.2637026230088212,-0.04077663326371438,0.012671957721635485,0.0013369924451369429,0.01274229419285518
p_pollinarius_trochanter_aligned,46,C.1.46,0.0221047,-0.1200779,-0.3945548,0.021027545102283503,-0.11669523173717375,-0.3787804874434493,-536.8519774423823,0.26718989783124797,-0.04538888015847286,0.016159232544062263,-0.0005575369661953771,0.016168847945409095
p_pollinarius_trochanter_aligned,47,C.1.47,0.05020804,-0.1075833,-0.3929504,0.04671143246840433,-0.103705932142408,-0.37821974395110725,-543.4022805768294,0.2664729750609308,-0.049679842963437686,0.015442309773745111,-0.002405731118719494,0.015628578737808478
p_pollinarius_trochanter_aligned,48,C.1.48,0.07796265,-0.09543474,-0.3874121,0.07189004163077553,-0.09033587068162478,-0.3744466015588075,-549.9456923264162,0.2653569057770865,-0.05478757614434777,0.014326240489900777,-0.005073265613580193,0.015197999557849978
p_pollinarius_trochanter_aligned,49,C.1.49,0.105407,-0.08421749,-0.3790762,0.09619398239271996,-0.076820784598685,-0.3675357939162243,-556.4658572374464,0.2649608353152696,-0.061018397581161836,0.013930170028083888,-0.008872557680455726,0.016515808088142125
p_pollinarius_trochanter_aligned,50,C.1.50,0.1427155,-0.06710261,-0.3614892,0.129649331284621,-0.05716433021954796,-0.35198382283796775,-565.9835746453793,0.26450471907248313,-0.06904799158934688,0.013474053785297424,-0.013352761492540997,0.018969616888218244
p_pollinarius_trochanter_aligned,51,C.1.51,0.1750364,-0.04772197,-0.3375322,0.1603061204689591,-0.03790612882451338,-0.3300015486804838,-575.6272153766973,0.2637152110641753,-0.0737534224208525,0.012684545776989575,-0.014461842233013389,0.019236490905077067
p_pollinarius_trochanter_aligned,52,C.1.52,0.204447,-0.02861482,-0.3098915,0.18684415458397227,-0.019969665562374228,-0.30241204943174504,-585.2525914767947,0.265743180858792,-0.0778505186824677,0.0147125155716063,-0.014969399732426747,0.020989069602865625
p_pollinarius_trochanter_aligned,53,C.1.53,0.2222628,-0.0132985,-0.2849689,0.2039838886915526,-0.007473097142176824,-0.2779391784893307,-592.6228646734747,0.26676466083935946,-0.07866471522554615,0.015733995552173752,-0.013035040681170262,0.020432104678558896
p_pollinarius_trochanter_aligned,54,C.1.54,0.2374675,0.001066259,-0.2578464,0.2179953434701197,0.0036129845479537376,-0.25117367368368637,-599.9464018807979,0.2686354332296433,-0.07932657120762898,0.017604767942457578,-0.010965770065317034,0.02074068387091381
p_pollinarius_trochanter_aligned,55,C.1.55,0.249032,0.01330641,-0.2280214,0.22874252300203693,0.013107508466926474,-0.22255362381732913,-607.2313897310795,0.2698740649003665,-0.08037944972204242,0.018843399613180767,-0.00930189798226651,0.02101425742334272
p_pollinarius_trochanter_aligned,56,C.1.56,0.2508135,0.02829058,-0.1838728,0.23799750618772453,0.023240182676165108,-0.18119846267455342,-617.1529745288678,0.26493548158618535,-0.07666550905836408,0.013904816298999645,-0.0018879550699722747,0.014032401457169018
p_pollinarius_trochanter_aligned,57,C.1.57,0.2471695,0.04076361,-0.1390611,0.24084958165347428,0.029872382989630353,-0.13745368060315155,-627.2489386052083,0.26212916331013153,-0.07238082280068356,0.011098498022945824,0.006161763745080702,0.012694250305375349
p_pollinarius_trochanter_aligned,58,C.1.58,0.2381624,0.0454106,-0.09351841,0.23694264103219626,0.03250094276933105,-0.09268798640107478,-637.4992788839111,0.25889851287279975,-0.07202431749600678,0.00786784758561404,0.010340872278299386,0.012993716370098001
p_pollinarius_trochanter_aligned,59,C.1.59,0.2316551,0.04082737,-0.06561642,0.2311984894165985,0.03197596756617607,-0.06555040501274385,-643.811941441395,0.25620632329645227,-0.07752400874882051,0.005175658009266559,0.007195327679823611,0.008863417864961623
p_pollinarius_trochanter_aligned,60,C.1.60,0.2277738,0.03101807,-0.03858872,0.22345942785920433,0.029936543822538936,-0.04039707150068013,-649.8176170474786,0.25554316669032917,-0.08859941838474017,0.004512501403143465,-0.0016404182632633977,0.004801420726391239
p_pollinarius_trochanter_aligned,61,C.1.61,0.2274499,0.01413566,-0.01499414,0.21527526546293171,0.027047801883566175,-0.019878233102343226,-654.8859141987896,0.2550163892404823,-0.106818886619079,0.003985723953296605,-0.0179697942150987,0.01840650698978154
phyllobius_trochanter_aligned,1,C.1.01,0.1451083,0.1490408,-0.1257634,0.16866043242325487,0.1550697207314411,-0.12246973645470592,83.33451881648546,0.20550860994146847,0.08728691846045895,-0.023211787238405113,0.007944304854242806,0.024533630926100874
phyllobius_trochanter_aligned,2,C.1.02,0.1387662,0.1412649,-0.08155198,0.15944149758359338,0.1507420710309805,-0.07374999120610563,70.91090896437743,0.2050336067065489,0.07824450623466596,-0.02368679047332467,0.004134209372233588,0.02404486910050981
phyllobius_trochanter_aligned,3,C.1.03,0.1291697,0.1316398,-0.03830197,0.14223156684398752,0.14078652683696866,-0.02904000384113882,58.69812411865362,0.21028796085035895,0.06951839166799816,-0.018432436329514634,0.0005516206726201749,0.018440688555693165
phyllobius_trochanter_aligned,4,C.1.04,0.1121951,0.1182439,0.001544356,0.1184692040877983,0.1258361633368305,0.00969019859036796,46.759961423557,0.21608311615152614,0.06202560279292154,-0.012637281028347436,-0.0019133019620359865,0.012781298689388362
phyllobius_trochanter_aligned,5,C.1.05,0.09338631,0.1053083,0.02996766,0.09565841776552371,0.11072094020307346,0.03564597639403688,37.353564168955614,0.22096260761075773,0.057424056782778704,-0.007757789569115853,-0.002553257867545788,0.008167155241384137
phyllobius_trochanter_aligned,6,C.1.06,0.0731886,0.09080785,0.0566293,0.07116141315451974,0.09384384418932268,0.05599638025056708,28.365373730505603,0.2288794012300954,0.05249022782844525,0.00015900405022181707,-0.003701628337005844,0.003705041785636374
phyllobius_trochanter_aligned,7,C.1.07,0.04705137,0.07373095,0.0754503,0.04468804604766677,0.07493107622117784,0.07149940370417038,19.377886486516303,0.23257364344711165,0.04961605272913386,0.0038532462672380696,-0.0027906411082126476,0.0047576448575772
phyllobius_trochanter_aligned,8,C.1.08,0.01658521,0.05345445,0.09103588,0.014984013257531775,0.05289269057346505,0.08230152238750496,9.767566147924306,0.23748149879967748,0.046806317228892606,0.008761101619803896,-0.0015529024347371197,0.008897663039491986
phyllobius_trochanter_aligned,9,C.1.09,-0.01493129,0.03169979,0.1017999,-0.014432067980862663,0.030166877327827912,0.08681439269560276,0.4289093381243238,0.24378535482280542,0.0439662413866661,0.015064957642931837,-0.00045991767927623656,0.015071976415024021
phyllobius_trochanter_aligned,10,C.1.10,-0.04669589,0.007820725,0.1035612,-0.04320190538960615,0.006955923535720681,0.08537515540006624,-8.796895556753817,0.24725863256521147,0.04068846827759481,0.018538235385337887,0.00014784119478717333,0.018538824887815
phyllobius_trochanter_aligned,11,C.1.11,-0.07852011,-0.01987818,0.09409735,-0.07307548005343746,-0.01840565665679934,0.07727882337645045,-18.77800526311424,0.246449876942917,0.0357532918547206,0.017729479763043426,-0.0005836997260215101,0.017739085603218713
phyllobius_trochanter_aligned,12,C.1.12,-0.1077012,-0.04837235,0.07974065,-0.10056052904945492,-0.043250493272615625,0.06274086986268501,-28.705401035307418,0.2476578317584332,0.029401219716840708,0.01893743457855962,-0.0027547584757354007,0.019136747965024254
phyllobius_trochanter_aligned,13,C.1.13,-0.1343585,-0.07545418,0.05911219,-0.12483898668920074,-0.06697982791812619,0.0422846272710668,-38.59167653922337,0.2493939826631416,0.0237254917340579,0.02067358548326803,-0.004266791246854613,0.02110930231623549
phyllobius_trochanter_aligned,14,C.1.14,-0.144507,-0.08818273,0.02728344,-0.14125018943459483,-0.08454141144849892,0.02240266996574361,-46.36858008996249,0.23534128424321943,0.022754372160475652,0.006620887063345848,-0.0019625968700056756,0.006905644935828644
phyllobius_trochanter_aligned,15,C.1.15,-0.1550735,-0.100032,-0.004747822,-0.15617251451618125,-0.10243090525947539,-0.0029204039877200882,-54.94854286314905,0.22597597764158026,0.02276783033659694,-0.0027444195382933245,0.0016643909817571924,0.003209678479586524
phyllobius_trochanter_aligned,16,C.1.16,-0.158587,-0.1082771,-0.03935641,-0.1675963172178668,-0.11877250263635629,-0.03189510663090432,-63.71922095795801,0.2138120332281584,0.022382817058584293,-0.014908363951715187,0.004973228878732926,0.015715989348337706
phyllobius_trochanter_aligned,17,C.1.17,-0.16145,-0.1178566,-0.07371523,-0.1752836560466766,-0.13400620994278042,-0.0662843646028239,-73.29404025908086,0.20735166327028687,0.020502717322033417,-0.021368733909586712,0.007125651729767052,0.022525490038457604
phyllobius_trochanter_aligned,18,C.1.18,-0.1620046,-0.1268816,-0.1083382,-0.1777018034834259,-0.14656860435926294,-0.10390002263211087,-83.20431057364092,0.20467500469907723,0.01789215746325506,-0.024045392480796346,0.008688892716279838,0.02556712256376457
phyllobius_trochanter_aligned,19,C.1.19,-0.1586438,-0.1350375,-0.1430176,-0.17431021351955078,-0.15565029618013596,-0.14269430528655133,-93.17849870636365,0.20441566232233532,0.013930492688132273,-0.024304734857538257,0.008927948359276051,0.025892632125783088
phyllobius_trochanter_aligned,20,C.1.20,-0.1518281,-0.1435934,-0.1789841,-0.16473542484187115,-0.16109529038225456,-0.18241240487769558,-103.46027817882936,0.20794892592950473,0.00796710306143347,-0.02077147125036885,0.007294824052406673,0.022015187390991474
phyllobius_trochanter_aligned,21,C.1.21,-0.1391198,-0.1503029,-0.213722,-0.14973322350823526,-0.16252193525336434,-0.21953844772941536,-113.45466995710876,0.21194297204062412,0.0002444053469094346,-0.016777425139249458,0.003781355705831042,0.01719827448545763
phyllobius_trochanter_aligned,22,C.1.22,-0.1246526,-0.1549503,-0.2481056,-0.13037979730966417,-0.1603581320520855,-0.25277545251628375,-123.06249167726844,0.21960228626896908,-0.006738971560774551,-0.009118110910904503,0.0008444006558932499,0.009157126134941527
phyllobius_trochanter_aligned,23,C.1.23,-0.1086714,-0.1571394,-0.2807062,-0.1088487853085743,-0.1554736787925921,-0.2802607110523437,-131.8537365792427,0.22970447121858475,-0.012712823052560029,0.0009840740387111746,-0.0014269377622465143,0.0017333646733998004
phyllobius_trochanter_aligned,24,C.1.24,-0.0861114,-0.1550743,-0.309163,-0.08455759119858937,-0.1481449553203151,-0.3039132202899513,-140.50328299812787,0.2364557911133915,-0.019189472703688145,0.007735393933517909,-0.004260751949897109,0.008831213194417714
phyllobius_trochanter_aligned,25,C.1.25,-0.05934802,-0.1477622,-0.3326839,-0.05781712361465609,-0.13859705427158808,-0.32357430269992316,-149.11515117401848,0.24045461804951787,-0.024180308869961534,0.01173422086964429,-0.0056246211888144135,0.013012620909534457
phyllobius_trochanter_aligned,26,C.1.26,-0.02860512,-0.1350306,-0.3493494,-0.02832497910889368,-0.12676684509374156,-0.33923511133088247,-157.94923836882535,0.24061480676596764,-0.027679019385836105,0.011894409586094057,-0.005402775208173537,0.013063956496858797
phyllobius_trochanter_aligned,27,C.1.27,0.003545753,-0.1188983,-0.3588907,0.0027611419690804287,-0.11315681275813055,-0.34999115904613537,-166.82649452936954,0.2385482092670252,-0.03003943555277048,0.00982781208715161,-0.004024453874445679,0.010619892626947985
phyllobius_trochanter_aligned,28,C.1.28,0.03574472,-0.1003119,-0.3605461,0.03490497306730412,-0.09807574231853694,-0.3555107579045492,-175.78709133249686,0.2340462787422844,-0.031430534932117934,0.005325881562410817,-0.0016417160804257569,0.005573171996767799
phyllobius_trochanter_aligned,29,C.1.29,0.06661291,-0.08171299,-0.3561059,0.06688203284283525,-0.08219232919072363,-0.35553910105194053,-184.69078199544114,0.22920954293636137,-0.03291885834556035,0.0004891457564877855,0.0006198311388843214,0.000789591167516838
phyllobius_trochanter_aligned,30,C.1.30,0.09693004,-0.06384822,-0.3471447,0.09882470311162457,-0.06552473310951883,-0.34994177756569766,-193.7837287362785,0.22554536892955163,-0.03533276144677565,-0.003175028250321954,0.002035505595945663,0.00377148345104002
phyllobius_trochanter_aligned,31,C.1.31,0.1274268,-0.04844958,-0.3348413,0.1295299107627506,-0.04877344363345914,-0.3386782485260015,-202.94771212861514,0.22442139370308217,-0.04035100374204205,-0.004299003476791408,0.0008767585934538791,0.004387497752097389
phyllobius_trochanter_aligned,32,C.1.32,0.1618977,-0.03379461,-0.3171634,0.16138260512123645,-0.0306170430605791,-0.31960656987444647,-213.2571444049575,0.22632828677135844,-0.0488268415542145,-0.0023921104085151412,-0.0032571676680062636,0.004041204452144434
phyllobius_trochanter_aligned,33,C.1.33,0.1930523,-0.01883304,-0.2943351,0.1892881418437899,-0.013977902585934107,-0.2945365912533887,-223.49401795852705,0.22955928910558385,-0.05597020600507846,0.0008388919257102667,-0.006089179336872584,0.006146693799077495
phyllobius_trochanter_aligned,34,C.1.34,0.2169238,-0.001887023,-0.2650348,0.21275807869575142,0.0006894461325895329,-0.26399298527459414,-233.77588525490614,0.23139736353834234,-0.058443427298644164,0.0026769663584687575,-0.0042320983227657144,0.0050076746198140405
phyllobius_trochanter_aligned,35,C.1.35,0.2306232,0.01033266,-0.2413879,0.22638999347229494,0.009614839757953242,-0.23931307009052954,-241.1483490919836,0.23328609163282704,-0.05869277474730399,0.0045656944529534615,-0.0013764652998168485,0.004768670942655821
phyllobius_trochanter_aligned,36,C.1.36,0.2406482,0.02128818,-0.2153949,0.23707147777291898,0.0169564678480309,-0.2129136464387152,-248.4799006574585,0.23450999487174734,-0.05835617021959778,0.00578959769187376,0.002047889122694644,0.006141114824899531
phyllobius_trochanter_aligned,37,C.1.37,0.246488,0.02842386,-0.1869143,0.24473416232100859,0.022602516930758057,-0.18510667973342393,-255.80677734994464,0.23349685272071952,-0.05931647898919734,0.004776455540845936,0.004173361382449402,0.006342828451266658
phyllobius_trochanter_aligned,38,C.1.38,0.2499265,0.02999881,-0.1539644,0.2495748489556851,0.026706689144253323,-0.15335060172973772,-263.8809925407952,0.23080252919398522,-0.06424401521376955,0.002082132014111643,0.0026463546206429802,0.0033672639490225534
phyllobius_trochanter_aligned,39,C.1.39,0.2470055,0.02771398,-0.1210062,0.2505733314909715,0.028461992292890523,-0.12077737549418582,-272.0180777664361,0.22530906585418703,-0.06901195689599009,-0.0034113313256865507,0.0013054206904802826,0.0036525750632593994
phyllobius_trochanter_aligned,40,C.1.40,0.2367599,0.02265532,-0.0898703,0.247610268561197,0.02769985481890483,-0.0877202306215684,-280.29569106776535,0.21670464424105393,-0.07195362161671265,-0.012015752938819652,0.0018499484042185808,0.01215732815157281
polydrusus_marginatus_trochanter_aligned,1,C.1.01,0.1604853,0.1036514,0.0130266,0.1682433773788929,0.12372869299376703,0.02337069236678982,-45.22902953165727,0.2146829469612162,0.06125504460001471,-0.02129403939760663,-0.010809698959744832,0.023880655465609302
polydrusus_marginatus_trochanter_aligned,2,C.1.02,0.1297912,0.09618289,0.04990822,0.1377025865211301,0.10607488945763044,0.06288674617402626,-58.05270546087149,0.21793248146076705,0.06495405640578361,-0.018044504898055785,-0.0018109871867037627,0.018135154579059003
polydrusus_marginatus_trochanter_aligned,3,C.1.03,0.09602366,0.08208007,0.08183198,0.10222684774443708,0.08351327305630347,0.09315743603959675,-70.59325939462173,0.22362637443280042,0.06561496142603242,-0.012350611926022409,0.0040326106619611385,0.012992288624340617
polydrusus_marginatus_trochanter_aligned,4,C.1.04,0.06005496,0.06100923,0.1067411,0.06429062159875548,0.05747878458492266,0.11325239449118944,-82.74530336004001,0.2302136113432015,0.0628519072900065,-0.005763375015621325,0.006291688039653497,0.00853239883965854
polydrusus_marginatus_trochanter_aligned,5,C.1.05,0.01986952,0.03064763,0.1238955,0.0223791575712128,0.026562723288108152,0.12365091842935863,-95.60240961271103,0.23704303015258812,0.0559273138469495,0.0010660437937652922,0.004680610468536543,0.004800475364836209
polydrusus_marginatus_trochanter_aligned,6,C.1.06,-0.02023058,-0.00420909,0.1267133,-0.018373993216941463,-0.00586609216273736,0.1225548655674405,-108.21262267994776,0.24053512320963574,0.047680985251024294,0.0045581368508129105,0.0016457630538754436,0.004846147705161331
polydrusus_marginatus_trochanter_aligned,7,C.1.07,-0.05818397,-0.04091531,0.120145,-0.0558012782926405,-0.03823419618417314,0.11078041591214516,-120.5242195693587,0.24566879822514046,0.03837230996804427,0.009691811866317623,-0.0025748415392304537,0.010028012076390891
polydrusus_marginatus_trochanter_aligned,8,C.1.08,-0.09225442,-0.07798889,0.09905311,-0.08956660648086998,-0.07053665977855772,0.08855123454324755,-133.0502551397869,0.24737127561427533,0.029196294372878025,0.011394289255452494,-0.006574164377258692,0.01315482667678048
polydrusus_marginatus_trochanter_aligned,9,C.1.09,-0.121241,-0.1130441,0.06886844,-0.11705336019977608,-0.10063881880441812,0.05737552617265271,-145.47231664001407,0.2501951095666565,0.020568996801215933,0.014218123207833694,-0.01006773903751838,0.017421664584094925
polydrusus_marginatus_trochanter_aligned,10,C.1.10,-0.1440344,-0.1426325,0.02905622,-0.13711049238378525,-0.12754478167067756,0.018709719176801906,-157.86517010077486,0.25238231268244343,0.014861676500463045,0.0164053263236206,-0.01065340736866888,0.01956092585608584
polydrusus_marginatus_trochanter_aligned,11,C.1.11,-0.1566598,-0.1551125,-0.00349036,-0.1459752348714765,-0.14347931236806932,-0.01090327860953838,-166.27432748798,0.2526040716760025,0.016749954758113583,0.016627085317179685,-0.0052898376754144825,0.017448276384130466
polydrusus_marginatus_trochanter_aligned,12,C.1.12,-0.1610705,-0.1602757,-0.03993586,-0.1507074200693222,-0.15711931032779702,-0.042279143684740415,-174.6257027841945,0.246785211393711,0.021043879075397367,0.01080822503488818,0.0024554982050073765,0.011083645602398943
polydrusus_marginatus_trochanter_aligned,13,C.1.13,-0.1459036,-0.155039,-0.07335651,-0.15141509514266427,-0.1670133975368201,-0.07057206699028697,-181.8736637975714,0.2247950931088644,0.023108377393289626,-0.011181893249958441,0.007515394952914175,0.01347278360071721
polydrusus_marginatus_trochanter_aligned,14,C.1.14,-0.1180679,-0.1485992,-0.1125218,-0.14666138491395053,-0.17801162094829892,-0.11288259245990338,-192.5125039071725,0.1960141418413127,0.020457921203793035,-0.03996284451751014,0.009261701508506817,0.041022043546895294
polydrusus_marginatus_trochanter_aligned,15,C.1.15,-0.1107717,-0.1571388,-0.1596825,-0.13038950705750235,-0.18569445609207574,-0.1669988378261838,-206.3232997369764,0.2027005979483822,0.01759206439053528,-0.033276388410440644,0.012103496277465787,0.0354092169890996
polydrusus_marginatus_trochanter_aligned,16,C.1.16,-0.08898947,-0.1595653,-0.2029256,-0.104077890487963,-0.1858640434947137,-0.21632523340998097,-219.86061151008832,0.20491658609541802,0.011473493793375472,-0.031060400263404814,0.011579553239278492,0.033148672940921865
polydrusus_marginatus_trochanter_aligned,17,C.1.17,-0.06153673,-0.1591272,-0.2347985,-0.07462830873773638,-0.18045814677129784,-0.25322376729109664,-231.35965206518836,0.20585304076626687,0.002786095093414205,-0.030123945592555962,0.0076444163080891,0.031078757998907375
polydrusus_marginatus_trochanter_aligned,18,C.1.18,-0.03791323,-0.1640397,-0.2692581,-0.044048801768066706,-0.17173460228439874,-0.2807314241424204,-241.53076049578328,0.22090727773061578,-0.007879491822000931,-0.015069708628207057,0.0011822904996366468,0.01511601564449406
polydrusus_marginatus_trochanter_aligned,19,C.1.19,-0.008792102,-0.1634098,-0.2996103,-0.011640160104175179,-0.16028069187736577,-0.30169319842701925,-251.26886223597452,0.2344572253737063,-0.01755076864198547,-0.001519760985116525,-0.004464475894580534,0.004716059633335089
polydrusus_marginatus_trochanter_aligned,20,C.1.20,0.03937516,-0.1486843,-0.3237443,0.03571884891465009,-0.1406365057306904,-0.32064220950856775,-264.5034995651998,0.2406992480374873,-0.026646494748487973,0.004722261678664463,-0.008090662111918681,0.009367954353593923
polydrusus_marginatus_trochanter_aligned,21,C.1.21,0.08895789,-0.1233426,-0.3280657,0.08515397414907233,-0.11726935536273564,-0.3276797186211703,-277.8523223197441,0.23758745756164706,-0.031066090927931028,0.0016104712028242318,-0.006993528462419834,0.007176563094532252
polydrusus_marginatus_trochanter_aligned,22,C.1.22,0.1365092,-0.09471405,-0.3218424,0.13435185519894557,-0.09151423540789871,-0.3220127705103211,-291.3688377613407,0.23648145610148152,-0.03348841088119634,0.0005044697426586919,-0.0038298154529937275,0.003862897374413138
polydrusus_marginatus_trochanter_aligned,23,C.1.23,0.1756915,-0.0691781,-0.3065994,0.175029696850451,-0.06836187395002964,-0.3065024178049692,-303.3024872829654,0.2362767579936692,-0.03560227581356567,0.00029977163484637415,-0.0010118057553195016,0.0010552790718839269
polydrusus_marginatus_trochanter_aligned,24,C.1.24,0.2135947,-0.04522201,-0.2863722,0.21085616426610626,-0.046396967097413686,-0.2822500840950455,-315.0446731590839,0.24105798440742202,-0.03920784448984935,0.0050809980485991835,0.00023537313055249523,0.005086446862049664
polydrusus_marginatus_trochanter_aligned,25,C.1.25,0.2450467,-0.022569,-0.2560851,0.240802800549897,-0.026553677849609603,-0.2504780687439777,-326.6505623672112,0.24380061305854994,-0.04221035043682278,0.00782362669972711,0.0020292867902499405,0.008082520622538801
polydrusus_marginatus_trochanter_aligned,26,C.1.26,0.2631559,-0.009490126,-0.2286021,0.258228793853668,-0.0140659176867821,-0.2237359901676273,-334.93808538317836,0.24402457406396263,-0.04563251814964949,0.008047587705139803,0.002032142112856405,0.008300196951805497
polydrusus_marginatus_trochanter_aligned,27,C.1.27,0.2766673,0.0004351902,-0.1974043,0.27196794441922045,-0.0033552457376103406,-0.19425624680443188,-343.21779528553196,0.24267843018042498,-0.04988136633128557,0.006701443821602149,0.0012050880049898566,0.006808934306766266
polydrusus_marginatus_trochanter_aligned,28,C.1.28,0.2852768,0.007127404,-0.1637093,0.2818222863580508,0.005339926576708565,-0.16248116961534853,-351.53220507863944,0.24005374535973348,-0.054653280736523556,0.004076759000910646,-0.00013069174185153642,0.004078853304900036
polydrusus_marginatus_trochanter_aligned,29,C.1.29,0.28814,0.01101659,-0.121743,0.28822327532230774,0.012747493550187075,-0.12213388423807972,-361.575239491786,0.234967414937764,-0.06013480360540681,-0.0010095714210588413,-0.0014616832463690203,0.0017764437415620114
polydrusus_marginatus_trochanter_aligned,30,C.1.30,0.286578,0.01079874,-0.0795305,0.28843742873560274,0.016491023241860234,-0.08001840206042,-371.80357176300697,0.23134910253008312,-0.06673171903522437,-0.004627883828739715,-0.0038314884074728654,0.00600812883924023
polydrusus_marginatus_trochanter_aligned,31,C.1.31,0.2696043,0.01149625,-0.04085444,0.2821799763306606,0.016124444120314288,-0.03739967808438313,-382.2247741995632,0.2225619692008334,-0.06380991655040164,-0.013415017157989428,0.003397132692918085,0.013838467974542756
protapion_trochanter_aligned,1,C.1.01,-0.126784,0.1779689,-0.2258051,-0.12577530097966347,0.17950075621548306,-0.2278058590717808,-37.610903801162564,0.16671891250502704,0.0363142779138726,0.0027140420154543876,3.27105518653545e-05,0.002714239127611103
protapion_trochanter_aligned,2,C.1.02,-0.148059,0.1679483,-0.2556416,-0.14822842449179535,0.16635604223255812,-0.25507241999329894,-50.75425702398809,0.16257508487319158,0.033855987396090005,-0.001429785616381074,0.0009185142500892742,0.0016993985219563256
protapion_trochanter_aligned,3,C.1.03,-0.1638038,0.161549,-0.2896163,-0.16658434165939046,0.1585992646299827,-0.2879666091366823,-64.16785600826859,0.15962841628451044,0.029546510492041496,-0.004376454205062219,2.1890825567072474e-05,0.004376508953178409
protapion_trochanter_aligned,4,C.1.04,-0.1751937,0.1588104,-0.3257544,-0.179330752401707,0.1568542264250356,-0.3246525087684198,-77.72750903718645,0.15951033972292233,0.024676329552519128,-0.004494530766650323,-0.0013982757609733642,0.004707014118960342
protapion_trochanter_aligned,5,C.1.05,-0.1838927,0.1648136,-0.3790278,-0.18585139876279122,0.16479414502545014,-0.3789477045239311,-97.04724615488115,0.16246428067933152,0.019946654130744233,-0.001540589810241133,-0.0012123851126034783,0.00196043225455034
protapion_trochanter_aligned,6,C.1.06,-0.1789827,0.1833982,-0.4298246,-0.17803824072263405,0.1833962282226388,-0.42958225559904595,-116.10147284147052,0.16483195195398773,0.016827432761106355,0.0008270814644150692,0.0005164051456012305,0.0009750579588836466
protapion_trochanter_aligned,7,C.1.07,-0.15765,0.210421,-0.47183,-0.15681376483825135,0.21003123622736988,-0.471616778131695,-135.01233242885561,0.16458982984642487,0.01224413484731499,0.0005849593568522105,0.0007446416320312686,0.0009469258731934371
protapion_trochanter_aligned,8,C.1.08,-0.1327798,0.2348797,-0.4986365,-0.13138403304332813,0.23509160654444283,-0.49639280971150107,-150.17862151281156,0.16665422295460156,0.007730961670721305,0.002649352465028898,9.026299166451728e-05,0.002650889641539062
protapion_trochanter_aligned,9,C.1.09,-0.1025589,0.2612715,-0.5166807,-0.1006993981209039,0.26094275794124056,-0.5112338157501563,-165.10697764021018,0.1697689684536781,0.0037447625540265256,0.00576409796410543,-9.767942951500123e-05,0.005764925551189291
protapion_trochanter_aligned,10,C.1.10,-0.066679,0.2864953,-0.5201025,-0.06647208456327501,0.2859260228573252,-0.5156680729171566,-179.97471768064804,0.16843148674416217,-0.00060077262921281,0.0044266162545895105,-0.0006603806105476891,0.004475604318545457
protapion_trochanter_aligned,11,C.1.11,-0.02601337,0.3112153,-0.5088117,-0.026118860902583564,0.3108873450359617,-0.5080075609117259,-196.75956457720372,0.16487871317603794,-0.0042524900365748285,0.0008738426864652871,-4.1490017673676634e-05,0.0008748271042071272
protapion_trochanter_aligned,12,C.1.12,0.01190174,0.3290604,-0.483583,0.013869829420405856,0.33049476760863583,-0.4870241398454388,-213.95559674453193,0.1599318839030679,-0.00749856417289735,-0.004072986586504762,0.0010876626799868866,0.004215712257648031
protapion_trochanter_aligned,13,C.1.13,0.04576111,0.3394797,-0.449859,0.04999495898667307,0.3422177836040628,-0.45377262481279884,-231.59032419460186,0.15783800797156486,-0.011427215060927363,-0.0061668625180077985,0.0016458568966152155,0.006382714018358084
protapion_trochanter_aligned,14,C.1.14,0.07231568,0.3419961,-0.415264,0.07544163582518305,0.34436024396913156,-0.41680007989274565,-247.27520999478722,0.1598372727087164,-0.01647098487022635,-0.004167597780856264,0.0005928294035184449,0.004209550803194366
protapion_trochanter_aligned,15,C.1.15,0.09099796,0.3361919,-0.3762046,0.09265814732275751,0.33839640005896254,-0.376246232577165,-262.7931131931397,0.16131043429923678,-0.021610225764627886,-0.0026944361903358804,-0.0005981549500759569,0.0027600318346156904
protapion_trochanter_aligned,16,C.1.16,0.1010379,0.3235845,-0.3356022,0.10083963007275547,0.32478349091344005,-0.3351828801190192,-278.15965247503743,0.1633795400377252,-0.02604506129474158,-0.0006253304518474556,-0.0011232458159901708,0.00128558132265024
protapion_trochanter_aligned,17,C.1.17,0.1020189,0.3055737,-0.298548,0.10014467980728427,0.3058586647502964,-0.2987609690654606,-292.48164572112273,0.16539567567911484,-0.02987152083856066,0.0013908051895421825,-0.0013057269956926632,0.0019076850008683402
protapion_trochanter_aligned,18,C.1.18,0.09517457,0.2840277,-0.2640907,0.09178996592751362,0.2823463159344687,-0.2669677127760796,-306.58091699911574,0.16875427880308363,-0.032207144228375596,0.004749408313510978,-5.403969459799095e-05,0.004749715740656406
protapion_trochanter_aligned,19,C.1.19,0.07969308,0.2574148,-0.2366965,0.07666406689595286,0.2555624120464513,-0.24143339560638824,-320.5263750812277,0.16987064459780465,-0.03490307242229234,0.005865774108231997,0.0007982077498728,0.00591983458390197
rhinusa_tetra_trochanter_mirrored_aligned,1,C.1.01,0.108807,0.1824481,-0.08170891,0.1171996841727671,0.17440697631794397,-0.079412540522467,71.12747086916295,0.21014114711208473,0.08696554783644218,-0.0020148623958520517,0.011675207064419227,0.0118477901091842
rhinusa_tetra_trochanter_mirrored_aligned,2,C.1.02,0.1002388,0.1661434,-0.04306116,0.10250741250370751,0.16422684466052512,-0.04225016221158161,60.038187649165025,0.21137705316982403,0.07382579886949936,-0.0007789563381127573,0.002978377326226662,0.003078555582422908
rhinusa_tetra_trochanter_mirrored_aligned,3,C.1.03,0.08481222,0.1462497,-0.008431816,0.0825487226197775,0.1493860372844304,-0.00890267262910116,48.85084247841196,0.2120598100948229,0.06247002657818766,-9.619941311389546e-05,-0.003895187234276062,0.0038963749713228023
rhinusa_tetra_trochanter_mirrored_aligned,4,C.1.04,0.06150916,0.1236497,0.01948071,0.05775484469339019,0.12995469032803136,0.019550262090461096,37.43485706093742,0.21083098928175847,0.05457358003842242,-0.0013250202261783084,-0.0072178213715441576,0.0073384347071634584
rhinusa_tetra_trochanter_mirrored_aligned,5,C.1.05,0.03782804,0.1010723,0.04082742,0.032080747395445024,0.1089175798834478,0.03970797313550775,26.99385532589428,0.21190366914921357,0.04782203831627886,-0.0002523403587232076,-0.009786177719507457,0.009789430525542563
rhinusa_tetra_trochanter_mirrored_aligned,6,C.1.06,0.01027015,0.07746869,0.05530697,0.004348046272338795,0.08522924944060761,0.05364648902346755,16.495838378115426,0.21247002862635303,0.04350490585719639,0.00031401911841624774,-0.009897281670189962,0.009902261987334446
rhinusa_tetra_trochanter_mirrored_aligned,7,C.1.07,-0.02037111,0.05375122,0.06028759,-0.02451774422977164,0.05947738904539197,0.060820073778515255,5.917573529825785,0.21065246680006736,0.04223533643527649,-0.0015035427078694263,-0.006928671277518774,0.0070899313357959196
rhinusa_tetra_trochanter_mirrored_aligned,8,C.1.08,-0.05493414,0.03083052,0.0553537,-0.05544877629602486,0.030473030279211295,0.0605764987434651,-5.486194120833659,0.20694189743155283,0.045290296359767154,-0.005214112076383948,0.0006952060035009461,0.0052602543790577685
rhinusa_tetra_trochanter_mirrored_aligned,9,C.1.09,-0.08778582,0.00561495,0.04994572,-0.08495744595322106,0.001087690043046284,0.05206558055083088,-16.917464213086927,0.2107140634333525,0.04557486482216987,-0.0014419460745842827,0.005559710670465596,0.005743656607188336
rhinusa_tetra_trochanter_mirrored_aligned,10,C.1.10,-0.1155421,-0.02378118,0.03946948,-0.11078902549052554,-0.026579247961938755,0.036362467796866554,-27.937120649726378,0.21648923311899515,0.04021506312050221,0.004333223611058368,0.004614932239939181,0.006330436512805742
rhinusa_tetra_trochanter_mirrored_aligned,11,C.1.11,-0.143494,-0.06082132,0.01039725,-0.13870778976729425,-0.05997806696820397,0.006109224581227535,-42.20693107318349,0.21843996103860713,0.03146975450302542,0.006283951530670351,0.0015868204748853032,0.006481207145226054
rhinusa_tetra_trochanter_mirrored_aligned,12,C.1.12,-0.1639311,-0.0894414,-0.0315761,-0.15874132292846077,-0.08920857740838382,-0.033877184903531074,-56.58981735379275,0.2172165276034359,0.026703869196913227,0.0050605180954991225,0.002583435842018513,0.005681811695638965
rhinusa_tetra_trochanter_mirrored_aligned,13,C.1.13,-0.1740472,-0.1096463,-0.08145525,-0.16922647012343994,-0.112657688883266,-0.08137076024389026,-71.12577276414848,0.21430500403118555,0.02355938625522348,0.002148994523248765,0.005262780691511988,0.0056846317442649135
rhinusa_tetra_trochanter_mirrored_aligned,14,C.1.14,-0.1738979,-0.1186707,-0.1134216,-0.17039482243118342,-0.12343951319045303,-0.1125917403169005,-80.00863993398663,0.21209674646678428,0.020712490830780146,-5.9263041152501916e-05,0.005974804321831117,0.005975098224482889
rhinusa_tetra_trochanter_mirrored_aligned,15,C.1.15,-0.1691269,-0.1262357,-0.145411,-0.16745092901157013,-0.131315842395996,-0.14471799376125935,-88.9339260095308,0.21044886349304848,0.016278669399915773,-0.0017071460148883055,0.0051168970722928276,0.005394161952017014
rhinusa_tetra_trochanter_mirrored_aligned,16,C.1.16,-0.1604474,-0.1327007,-0.1768146,-0.1604130265205485,-0.13610142940736186,-0.17676547953572808,-97.84572407412226,0.21011661414141952,0.010313287353506886,-0.0020393953665172604,0.0027220252381679865,0.0034012578347128613
rhinusa_tetra_trochanter_mirrored_aligned,17,C.1.17,-0.1454017,-0.1363104,-0.2118408,-0.1473496988698407,-0.13774202379346015,-0.21271064215572055,-108.1376034512991,0.20959076080057518,0.0033250965258751317,-0.002565248707361606,-0.0001427260598125762,0.0025692161564902414
rhinusa_tetra_trochanter_mirrored_aligned,18,C.1.18,-0.1258339,-0.135395,-0.2447418,-0.12922105636706374,-0.13524804813194763,-0.24656170627435495,-118.4834442177044,0.20913199934154292,-0.003056699627217248,-0.0030240101663938646,-0.0023794630628457564,0.003847919171955279
rhinusa_tetra_trochanter_mirrored_aligned,19,C.1.19,-0.1023946,-0.1297982,-0.2744999,-0.10644023242488511,-0.12873668360089727,-0.2771806618014635,-128.89257217571458,0.20874708316517773,-0.008461467401287684,-0.00340892634275905,-0.0036138156854873317,0.004967941487078076
rhinusa_tetra_trochanter_mirrored_aligned,20,C.1.20,-0.0806528,-0.1248445,-0.2966748,-0.08509462684286975,-0.12073410832558454,-0.298752163320896,-137.32682945970205,0.21050709842173948,-0.014409203460452337,-0.0016489110861973022,-0.006182368155970784,0.006398482928487516
rhinusa_tetra_trochanter_mirrored_aligned,21,C.1.21,-0.05640708,-0.1166746,-0.3149607,-0.061645049033258056,-0.11055156790660212,-0.3168848629289365,-145.74973848424222,0.21120287266812918,-0.019830796291401227,-0.0009531368398076057,-0.008229324076243803,0.00828433730525528
rhinusa_tetra_trochanter_mirrored_aligned,22,C.1.22,-0.0312871,-0.1049681,-0.3298237,-0.03638821038300857,-0.09838753062556566,-0.33127486910696213,-154.21797466505188,0.2118340186225126,-0.02343982650387895,-0.00032199088542417265,-0.008445557061442772,0.008451692860509208
rhinusa_tetra_trochanter_mirrored_aligned,23,C.1.23,-0.007278509,-0.09148262,-0.3415663,-0.011326431273508991,-0.08535410867620963,-0.34107316399788246,-162.25236457498576,0.21371496457049563,-0.025407491721880015,0.0015589550625588477,-0.007194245478693596,0.0073612165363329376
rhinusa_tetra_trochanter_mirrored_aligned,24,C.1.24,0.01744256,-0.07731079,-0.3507384,0.013914071067921436,-0.07142152302632365,-0.34684872549027235,-170.15326871855873,0.21699960210223623,-0.027607937627347975,0.004843592594299451,-0.006229195630505495,0.007890707662983151
rhinusa_tetra_trochanter_mirrored_aligned,25,C.1.25,0.042413,-0.06135069,-0.3549667,0.039101359235779606,-0.056813470741156114,-0.34867895704739243,-177.99255125457915,0.21915636943165157,-0.029218910248309492,0.007000359923714783,-0.004699361183244463,0.008431431348954724
rhinusa_tetra_trochanter_mirrored_aligned,26,C.1.26,0.069208,-0.03888518,-0.3526725,0.06814129418385999,-0.03917624714117714,-0.345840454604718,-187.15652746326467,0.21905619153587663,-0.027655451197908628,0.00690018202793985,0.0005356432052676425,0.006920941096560042
rhinusa_tetra_trochanter_mirrored_aligned,27,C.1.27,0.09430631,-0.01556614,-0.3453082,0.09604495864124993,-0.021466223988083438,-0.33771697475947254,-196.30391362537125,0.21921805351348922,-0.025104095040169347,0.007062044005552437,0.006751897902088057,0.009770393585551202
rhinusa_tetra_trochanter_mirrored_aligned,28,C.1.28,0.1161427,0.007118702,-0.32993,0.12226358612589464,-0.004140877561666589,-0.32446930064873425,-205.47041097874816,0.21626645500631,-0.02221814439761447,0.004110445498373222,0.01331040397889887,0.013930635889168291
rhinusa_tetra_trochanter_mirrored_aligned,29,C.1.29,0.1305372,0.02094701,-0.308738,0.14210093225584577,0.0094383464955912,-0.3099540934811007,-213.015777160892,0.20800572989871063,-0.022726829293478093,-0.0041502796092261485,0.015824768619560194,0.01635995485010196
rhinusa_tetra_trochanter_mirrored_aligned,30,C.1.30,0.1481595,0.03035237,-0.287559,0.16072328649271067,0.022605308290514367,-0.29165144430997547,-220.8735033149801,0.20412515451712285,-0.028656820645395237,-0.008030854990813935,0.013042973767962797,0.015317107970999229
rhinusa_tetra_trochanter_mirrored_aligned,31,C.1.31,0.1641072,0.03890741,-0.2647549,0.17728782821640401,0.03473409613039366,-0.26993021688141816,-228.90489420342644,0.20170756581299587,-0.03448879034127995,-0.010448443694940912,0.01042877931543547,0.014762432511493685
rhinusa_tetra_trochanter_mirrored_aligned,32,C.1.32,0.1782889,0.04654659,-0.2427118,0.1904070565786991,0.04471661164550497,-0.24694069636136334,-236.50599326155387,0.2020096296482572,-0.03989244177105645,-0.010146379859679588,0.008070506788425958,0.012964648243548331
rhinusa_tetra_trochanter_mirrored_aligned,33,C.1.33,0.1930466,0.05330002,-0.2207578,0.20057324803722082,0.05280659464401938,-0.22273529415912374,-243.8871441241095,0.20585390825921768,-0.046328048657094494,-0.006302101248719105,0.004592156602119056,0.007797716486734622
rhinusa_tetra_trochanter_mirrored_aligned,34,C.1.34,0.2076684,0.05815494,-0.1982188,0.20773939673628022,0.05885649149564172,-0.19844473177641045,-250.8826148887326,0.2116545470318937,-0.05426772879225525,-0.0005014624760430741,-0.0005447894917417916,0.0007404459502161882
rhinusa_tetra_trochanter_mirrored_aligned,35,C.1.35,0.2241282,0.06231266,-0.1585468,0.21392842297726566,0.06485442866180112,-0.15887723090287795,-261.77167157544045,0.21883831993236827,-0.06620671847453273,0.006682310424431487,-0.008121080668034604,0.010516901816846553
rhinusa_tetra_trochanter_mirrored_aligned,36,C.1.36,0.2345088,0.06503029,-0.1167504,0.21406207152879483,0.06642142976144681,-0.1196322799649393,-272.33205819774025,0.2277124137440843,-0.0759661050459256,0.015556404236147514,-0.013649450332704299,0.0206956325620501
rhinusa_tetra_trochanter_mirrored_aligned,37,C.1.37,0.2282799,0.06279409,-0.07410933,0.20829403508842514,0.06351250610202308,-0.0799321599274074,-283.1474926489437,0.22823029174013112,-0.07989650576049755,0.016074282232194342,-0.013246649276048642,0.02082921665168608
rynchites_cupreus_trochanter_aligned,1,C.1.01,0.1595109,0.1691908,-0.07977366,0.15357935858795468,0.15937853283957926,-0.08223775717116265,70.79146374923333,0.28282066499814107,0.11206745841001195,0.010766901063164025,0.004648589755533657,0.01172755495485789
rynchites_cupreus_trochanter_aligned,2,C.1.02,0.131359,0.1564247,-0.01781759,0.12801250345256276,0.14651697142052222,-0.021755515519357532,56.79271797499434,0.2816137823178322,0.10420746608364863,0.00956001838285514,0.005785795594565266,0.011174496952553048
rynchites_cupreus_trochanter_aligned,3,C.1.03,0.09302852,0.1327753,0.03477104,0.0916650290648934,0.1250282740631704,0.030283313518010502,42.77237543081668,0.27966681267101134,0.09431535438018641,0.0076130487360343,0.004904762615656927,0.009056224785923677
rynchites_cupreus_trochanter_aligned,4,C.1.04,0.04822676,0.09956965,0.07581031,0.04699266270018487,0.09574557600349667,0.07079478921151836,28.746804509794924,0.27827847281343326,0.08199458511621222,0.00622470887845622,0.0015984324303217558,0.006426662186223535
rynchites_cupreus_trochanter_aligned,5,C.1.05,0.006749209,0.06554773,0.0991262,0.004884137839937415,0.06584609928691884,0.09431028529007848,16.883077658846414,0.2767681672839848,0.07064162007876616,0.004714403349007745,-0.002129542255879563,0.005173059941341496
rynchites_cupreus_trochanter_aligned,6,C.1.06,-0.03612727,0.02782341,0.111774,-0.03926327204378083,0.03217736243236902,0.10697588906021488,4.977072787744925,0.27576532542855925,0.05895153704378331,0.003711561493582205,-0.006167462239184984,0.007198144149182845
rynchites_cupreus_trochanter_aligned,7,C.1.07,-0.07949936,-0.01132929,0.1090307,-0.08382618761101615,-0.004494195487940309,0.10814401569294521,-7.091834018091463,0.2713824897693993,0.04925192382322771,-0.0006712741655777177,-0.008110212957700019,0.008137945884842035
rynchites_cupreus_trochanter_aligned,8,C.1.08,-0.1167614,-0.04255326,0.09633823,-0.12120740872217106,-0.037848989024858365,0.0994439657852069,-17.7189778107784,0.26760546892706505,0.04489672117647573,-0.004448295007911995,-0.005635195227787667,0.007179328222939518
rynchites_cupreus_trochanter_aligned,9,C.1.09,-0.1520345,-0.07244771,0.07667562,-0.1558478299107659,-0.07169230267200667,0.08166349013182422,-28.501390311967544,0.2659504450763305,0.04194646527914138,-0.006103318858646567,-0.0016554372839710399,0.006323841687730028
rynchites_cupreus_trochanter_aligned,10,C.1.10,-0.1823298,-0.1028539,0.05055773,-0.18586975058894184,-0.10459208334548487,0.055498287126637486,-39.297720460601255,0.2657568705964484,0.037220411600602674,-0.00629689333852862,0.0005574679537268584,0.006321521670945941
rynchites_cupreus_trochanter_aligned,11,C.1.11,-0.2134108,-0.1417371,0.008163557,-0.21585031770134785,-0.14409975813711018,0.010896286527535937,-53.25216349342054,0.2678713449441263,0.028922463019512592,-0.004182418990850756,0.0012282435196980688,0.004359037824877086
rynchites_cupreus_trochanter_aligned,12,C.1.12,-0.233744,-0.1748626,-0.04441474,-0.2339596112552203,-0.17829895576284438,-0.04298313159381943,-67.12995899294675,0.26987695846762727,0.02180230630911243,-0.002176805467349774,0.00302754846834434,0.0037288780847405394
rynchites_cupreus_trochanter_aligned,13,C.1.13,-0.2406945,-0.2025164,-0.1032546,-0.23907926404221216,-0.20563249166572262,-0.10252922468519013,-80.87810220139816,0.2717798691513147,0.013512162429274019,-0.000273894783662354,0.0035735368283165295,0.003584017831408236
rynchites_cupreus_trochanter_aligned,14,C.1.14,-0.2321624,-0.2229846,-0.158189,-0.23237235508661064,-0.22361482380491934,-0.15812882002856796,-93.17685943549417,0.271542693972356,0.002462628277746327,-0.0005110699626210691,0.00042859340282918034,0.0006669968602941501
rynchites_cupreus_trochanter_aligned,15,C.1.15,-0.2119064,-0.238117,-0.2117637,-0.21523024775699082,-0.23489526307918554,-0.21293335772216712,-105.41296959206785,0.2708893550984483,-0.010460605250884922,-0.0011644088365287408,-0.004630313590571479,0.004774479226640023
rynchites_cupreus_trochanter_aligned,16,C.1.16,-0.1841486,-0.2422379,-0.2639374,-0.1876743666873137,-0.23938520326199375,-0.26554534676317415,-117.86748827187427,0.2703767790790382,-0.01834521692473572,-0.0016769848559388678,-0.004510224384502017,0.004811902140069429
rynchites_cupreus_trochanter_aligned,17,C.1.17,-0.1597684,-0.2405179,-0.3051938,-0.1588150478609865,-0.23793474470448106,-0.3038456290156748,-127.89309078587054,0.2747783949377263,-0.021684126371241765,0.002724631002749278,-0.0014055328112724476,0.003065801132608838
rynchites_cupreus_trochanter_aligned,18,C.1.18,-0.1310275,-0.2358832,-0.343298,-0.12575127367348599,-0.23238020569192863,-0.33644114146628024,-137.66366914887985,0.28132151712516035,-0.025447074378140914,0.009267753190183303,0.0011112124586565124,0.009334133185380698
rynchites_cupreus_trochanter_aligned,19,C.1.19,-0.09424469,-0.2257222,-0.3723352,-0.08897684157971875,-0.2231367589062889,-0.36319720854060716,-147.36040896434346,0.28266601495594906,-0.03048449854221196,0.010612251020972019,0.002306024459524594,0.010859908864260597
rynchites_cupreus_trochanter_aligned,20,C.1.20,-0.03480351,-0.2077527,-0.396686,-0.03339243480756676,-0.20500491821565361,-0.3895722344818486,-160.77674449273925,0.2798063754612429,-0.04162342689529845,0.007752611526265829,-0.00021002929114292976,0.007755456000798812
rynchites_cupreus_trochanter_aligned,21,C.1.21,0.0261264,-0.182147,-0.4056876,0.026163185838739434,-0.18149591045224311,-0.4023420577204127,-174.43431523456755,0.275460438047175,-0.05007953461678578,0.0034066741121979716,0.00011178298133495855,0.003408507582745866
rynchites_cupreus_trochanter_aligned,22,C.1.22,0.08599484,-0.1533417,-0.399759,0.08656806767537126,-0.1541732220287192,-0.3999381017209571,-188.31295795837437,0.2716829377979917,-0.05815498479536285,-0.00037082613698535827,0.0009563389852113555,0.001025717445745478
rynchites_cupreus_trochanter_aligned,23,C.1.23,0.1383494,-0.1287719,-0.3813081,0.13897198295052227,-0.12786062676050294,-0.38417903853965996,-201.01072642187933,0.26913959831789025,-0.06825621204018083,-0.0029141656170867947,-0.0009838471944354221,0.003075762758375454
rynchites_cupreus_trochanter_aligned,24,C.1.24,0.1877894,-0.1080203,-0.3528441,0.18591538179897607,-0.10212858488642718,-0.3563887842250702,-213.6239262844171,0.26926681099647015,-0.0819381629539069,-0.0027869529385068925,-0.006559110516775943,0.007126642789752615
rynchites_cupreus_trochanter_aligned,25,C.1.25,0.227698,-0.08708185,-0.3121752,0.22614691922318716,-0.0780902593955437,-0.3172193676177538,-226.39718567047404,0.26726945730268026,-0.09285190524051407,-0.004784306632296786,-0.009263292620796483,0.010425841938680134
rynchites_cupreus_trochanter_aligned,26,C.1.26,0.2580935,-0.0558352,-0.2395068,0.2677338147085126,-0.05004233760831901,-0.24504464994960795,-244.8185863988503,0.25954952230191203,-0.09632533606442148,-0.012504241633065016,-0.0008970204091395223,0.012536375250944335
rynchites_cupreus_trochanter_aligned,27,C.1.27,0.2641477,-0.02557858,-0.160583,0.2869407395870483,-0.03302378375820453,-0.15899195458264098,-263.6424839554526,0.2564890216063995,-0.08921758765827947,-0.015564742328577519,0.018309121616915947,0.02403092045965018
rynchites_cupreus_trochanter_aligned,28,C.1.28,0.2554119,0.001448806,-0.08074376,0.28170206644560175,-0.030508120577060344,-0.07169023536527742,-281.9795462589671,0.2664492098363714,-0.07732443129573616,-0.005604554098605663,0.04198777547877951,0.042360173704797256
s_capitatum_trochanter_aligned,1,C.1.01,0.1589184,0.1112315,-0.01107591,0.18049904543187176,0.10963279939979513,0.0023577497804692926,61.0953719022177,0.22995368095889646,0.09053777094012976,-0.020383890017384942,0.015272208213674117,0.025470440042579978
s_capitatum_trochanter_aligned,2,C.1.02,0.1408495,0.1038239,0.02909118,0.15489103502311052,0.10124145849158031,0.04083206173485346,50.37540097625327,0.23627019418420803,0.08289051436666768,-0.014067376792073372,0.01199128533774835,0.018484642649006344
s_capitatum_trochanter_aligned,3,C.1.03,0.1169131,0.09082096,0.06448431,0.12492830467314991,0.08857474804394151,0.073237104124621,39.89727185417113,0.24129964478608265,0.07464490494785117,-0.009037926190198747,0.008013505429744418,0.012078922927646495
s_capitatum_trochanter_aligned,4,C.1.04,0.08896583,0.07342176,0.09466612,0.09195559193936595,0.07221757833938752,0.09893338494175402,29.654094392362218,0.2463390517950079,0.0660103414729661,-0.003998519181273502,0.0035510736919906094,0.005347735970385935
s_capitatum_trochanter_aligned,5,C.1.05,0.0547461,0.05058682,0.1233014,0.05333756484210751,0.050487894749087575,0.11922187065310404,18.53063462654573,0.2543289347304681,0.05628380018723427,0.003991363754186683,-0.0016447895215612603,0.004316980100541668
s_capitatum_trochanter_aligned,6,C.1.06,0.01718837,0.02288904,0.1415964,0.014042691494329938,0.025787650156137487,0.13074987169892788,7.615982200487946,0.25986408112794246,0.046760608743863306,0.00952651015166106,-0.006722351866315514,0.011659520156689845
s_capitatum_trochanter_aligned,7,C.1.07,-0.02177233,-0.008472659,0.144895,-0.025202444228215846,-0.0015476015163530324,0.13359491502124088,-3.318772590267114,0.2593096024029175,0.03868909155310914,0.008972031426636107,-0.01034005209740522,0.013689924225414877
s_capitatum_trochanter_aligned,8,C.1.08,-0.05665438,-0.03895185,0.1381224,-0.060641187198220634,-0.028843852022404873,0.12826505884759137,-13.59843362909016,0.2573221964703563,0.031940662164237896,0.006984625494074914,-0.012901489683495429,0.014670836013868462
s_capitatum_trochanter_aligned,9,C.1.09,-0.08907013,-0.06962662,0.1239843,-0.09370908094614636,-0.05715384554843527,0.11524034511022851,-23.96707005303833,0.2559265621705929,0.025708859501963947,0.005588991194311499,-0.01491006012545305,0.01592315030120349
s_capitatum_trochanter_aligned,10,C.1.10,-0.1193204,-0.09890598,0.1035086,-0.1231227011926613,-0.08562300438596449,0.0948370113611226,-34.40438496925373,0.2563570551840333,0.02120667207064492,0.006019484207751891,-0.015161042012912865,0.016312307778014845
s_capitatum_trochanter_aligned,11,C.1.11,-0.1415083,-0.1175871,0.07934413,-0.14338622523628358,-0.10810351948094046,0.07341972946254299,-42.86126134329433,0.25497038397467087,0.022574222097191475,0.004632812998389468,-0.010348935602501847,0.011338581233239772
s_capitatum_trochanter_aligned,12,C.1.12,-0.1604431,-0.1346028,0.05146515,-0.15999525136982315,-0.12968344115649402,0.04803576599008218,-51.35262501432477,0.25400333826787524,0.02469763871598486,0.0036657672915938466,-0.004766915635722225,0.006013429513531505
s_capitatum_trochanter_aligned,13,C.1.13,-0.1754004,-0.1520178,0.02149545,-0.17248717537469724,-0.14991269964480594,0.01925742759492624,-59.86717607764066,0.25447230769537754,0.025084902629341984,0.004134736719096144,-0.0009116039558264928,0.004234037022573233
s_capitatum_trochanter_aligned,14,C.1.14,-0.1834928,-0.1658681,-0.0119043,-0.180401120813685,-0.1680517483066744,-0.011642952340371396,-68.2367228763894,0.2520294210235741,0.025983509980366266,0.00169185004729272,0.0033959897136187967,0.003794087863707009
s_capitatum_trochanter_aligned,15,C.1.15,-0.1851297,-0.1755217,-0.04763933,-0.1837890476076963,-0.1842349206772586,-0.044682813988622144,-76.66372316845182,0.24701922976095114,0.02784116523664021,-0.003318341215330256,0.008686032576025182,0.009298309003960354
s_capitatum_trochanter_aligned,16,C.1.16,-0.1795098,-0.180248,-0.08395672,-0.18243694877703143,-0.19816282871734642,-0.07925466539950585,-85.17081460208287,0.2387469994372735,0.03043045083114595,-0.011590571539007888,0.014740327567591758,0.018751496084333245
s_capitatum_trochanter_aligned,17,C.1.17,-0.1681498,-0.1857256,-0.1237732,-0.17466511031990628,-0.21116431764668425,-0.12058468249159507,-95.2147130304724,0.2318215999560183,0.03049103835596193,-0.01851597102026309,0.018891878814733667,0.026452679788138807
s_capitatum_trochanter_aligned,18,C.1.18,-0.1531246,-0.1918124,-0.1622653,-0.15984031843014176,-0.22037569149145872,-0.1624682972842683,-105.56892854127761,0.22938096280820514,0.027920162183477263,-0.020956608168076263,0.0205383611041904,0.029342864596974928
s_capitatum_trochanter_aligned,19,C.1.19,-0.1359142,-0.2000532,-0.1994175,-0.13886625480377954,-0.22511188926518064,-0.20167637881557318,-115.77268614379372,0.23348958696717886,0.02214398385137536,-0.016847984009102535,0.018918258471272365,0.02533288512500783
s_capitatum_trochanter_aligned,20,C.1.20,-0.1142525,-0.2113579,-0.2314235,-0.11516052404892183,-0.22565696961846343,-0.23405450320053905,-124.92792910013044,0.24059543640124662,0.010327272059083443,-0.009742134575034783,0.01083055360497531,0.014567432082159553
s_capitatum_trochanter_aligned,21,C.1.21,-0.08697306,-0.2223247,-0.2589381,-0.08917115983184867,-0.22303107215919665,-0.261287102125394,-133.5353096811793,0.24722594111870708,-0.005089035430821665,-0.0031116298575743218,-0.001079895880452785,0.003293693289176592
s_capitatum_trochanter_aligned,22,C.1.22,-0.0545812,-0.2240309,-0.2827972,-0.05905062547112206,-0.21723709706743333,-0.2855350182910621,-142.45448509548055,0.24961433840332609,-0.016192088110505938,-0.0007232325729553124,-0.008550093915785753,0.008580627676536272
s_capitatum_trochanter_aligned,23,C.1.23,-0.02282834,-0.2148852,-0.3045365,-0.02594920879470896,-0.2084036747659475,-0.3053491540251749,-151.482769630717,0.25152705263207187,-0.01846040544888334,0.0011894816557904697,-0.007141115553512521,0.007239502604328578
s_capitatum_trochanter_aligned,24,C.1.24,0.00904203,-0.1990902,-0.3218387,0.00880094578420694,-0.19695165149736366,-0.3198239431665296,-160.45865675709092,0.25293768014150636,-0.016364556014334796,0.002600109165224962,-0.0013893123205964855,0.002948008886561941
s_capitatum_trochanter_aligned,25,C.1.25,0.04316592,-0.1818704,-0.3320106,0.04453467898488271,-0.18321100915740451,-0.328704130037747,-169.4238516116088,0.25310955003797886,-0.015996327326580306,0.0027719790616974604,0.0026305151138905003,0.0038214496834179596
s_capitatum_trochanter_aligned,26,C.1.26,0.08167561,-0.1649316,-0.3338986,0.08266121102173506,-0.16656631405990543,-0.33176622999318994,-178.94072233224296,0.25191215463389743,-0.020113292421288724,0.0015745836576160355,0.002389850954099319,0.002861940124747677
s_capitatum_trochanter_aligned,27,C.1.27,0.1203232,-0.1485517,-0.3304802,0.11985174651082356,-0.14842005566869534,-0.32819671003980333,-188.41669214196253,0.2526601977914911,-0.026119208144503327,0.0023226268152097274,0.00024357688315841387,0.002335364001765099
s_capitatum_trochanter_aligned,28,C.1.28,0.1575291,-0.1315464,-0.3204728,0.15513984643043646,-0.12938262918979787,-0.31815808132465717,-197.84653673877418,0.2535133737399062,-0.03258326889754316,0.00317580276362478,-0.002379629402089566,0.003968420250519822
s_capitatum_trochanter_aligned,29,C.1.29,0.1868809,-0.1162751,-0.3045245,0.18382071376027337,-0.11244247647274756,-0.30429863049966177,-206.07529063758167,0.25196043832823733,-0.03818896736940131,0.0016228673519559367,-0.004633687679656414,0.004909659861400191
s_capitatum_trochanter_aligned,30,C.1.30,0.2145847,-0.1019962,-0.2850869,0.2099521954690752,-0.09561962931372267,-0.28595934904127207,-214.30577462972326,0.2517408790880102,-0.044712279946702474,0.0014033081117287849,-0.007804655381200571,0.007929812058034322
s_capitatum_trochanter_aligned,31,C.1.31,0.2385712,-0.08739236,-0.2614109,0.23315278987937016,-0.07922559127856188,-0.263355164337454,-222.5860925646876,0.2511780097501747,-0.05023662730358853,0.0008404387738932817,-0.009956360081176034,0.00999176878228772
s_capitatum_trochanter_aligned,32,C.1.32,0.2636316,-0.06802891,-0.229048,0.25693648360711596,-0.06024778052746402,-0.2302525140880981,-232.8459516443206,0.25267827507102014,-0.05452609562285848,0.0023407040947387436,-0.010066902101040456,0.01033544452701768
s_capitatum_trochanter_aligned,33,C.1.33,0.2804258,-0.04691766,-0.1926807,0.2745686244075105,-0.04343484620530565,-0.19252080699059632,-243.09471682847283,0.2540447409569807,-0.05435364964263072,0.0037071699806993097,-0.0057200484576991105,0.0068163086508919255
s_capitatum_trochanter_aligned,34,C.1.34,0.2915891,-0.02885526,-0.1526876,0.28552299383904,-0.02950665937827611,-0.1516168634030358,-253.26647015024778,0.2561519472027483,-0.05491240134011977,0.005814376226466911,-0.002135760066868412,0.006194226502650163
s_capitatum_trochanter_aligned,35,C.1.35,0.2938523,-0.01978375,-0.1200772,0.2892736557635319,-0.021230435380054466,-0.11957889174848049,-260.8609436809242,0.25508172359724535,-0.0567633590135276,0.004744152620963948,-0.0008934252378008591,0.004827545209165647
s_capitatum_trochanter_aligned,36,C.1.36,0.2895247,-0.01435649,-0.08687067,0.28918183366216005,-0.01496734066175004,-0.0867606092673875,-268.48033797651397,0.25094159247409215,-0.05860193728192365,0.0006040214978107472,0.00037143943198033084,0.00070909041838644
s_capitatum_trochanter_aligned,37,C.1.37,0.2802214,-0.01034087,-0.0544951,0.2851567507833473,-0.01085419483774297,-0.053267400662875664,-276.23067938171187,0.2463080550423942,-0.05898509004405226,-0.004029515933887201,0.0031450654595182584,0.005111598126428368
s_capitatum_trochanter_aligned,38,C.1.38,0.2653436,-0.006664014,-0.02033577,0.27600478404777623,-0.009099014418014972,-0.016151633825724016,-284.95972668272145,0.24207162000361634,-0.057392733773889114,-0.008265950972665054,0.008292835605429158,0.011708845710025222
s_capitatum_trochanter_aligned,39,C.1.39,0.2476103,-0.003156892,0.01245203,0.2619720324486245,-0.010539426232617194,0.020018826117161242,-293.8158873105935,0.2408360490705899,-0.054201745164250685,-0.009501521905691507,0.01509101241057037,0.017833047246624028
s_capitatum_trochanter_aligned,40,C.1.40,0.2207801,-0.003839016,0.03855544,0.24373369643956047,-0.015199017992849645,0.053537842691510226,-302.5850179704843,0.2335855617849534,-0.04837450359183103,-0.016752009191327993,0.024489994145609466,0.029671360353012523
s_melanogtammum_trochanter_aligned,1,C.1.01,0.019153,-0.01825538,-0.32285,0.01567870057428282,-0.008484178703874235,-0.34860715515206603,174.4964307155657,0.22077722224862587,0.09098330080719981,-0.02340141028127668,-0.014944971383174601,0.027766493707282323
s_melanogtammum_trochanter_aligned,2,C.1.02,0.04904466,-0.002320885,-0.3135831,0.049396574027380805,0.009459838725713586,-0.3411928999736695,165.4076341668205,0.21816517622320403,0.08686034731763609,-0.026013456306698518,-0.014983672465379903,0.030020165715237097
s_melanogtammum_trochanter_aligned,3,C.1.03,0.07613805,0.01500033,-0.2994677,0.08170154811312458,0.027862639411088304,-0.32769020336663124,156.16744613860445,0.2156072799536333,0.0844034322667977,-0.02857135257626925,-0.013288303988219638,0.0315103349858554
s_melanogtammum_trochanter_aligned,4,C.1.04,0.1012143,0.03262506,-0.282327,0.11153932583503694,0.04605285687596994,-0.3082647512444636,146.82739208193286,0.21515628033423914,0.08266028292908632,-0.029022352195663403,-0.010834292782043045,0.0309786834300001
s_melanogtammum_trochanter_aligned,5,C.1.05,0.1214461,0.05044305,-0.2626063,0.13666128926779553,0.06247254933884548,-0.28480596381492346,137.92955466508508,0.21540188268489235,0.08309812122183188,-0.02877674984501019,-0.0063980138051937694,0.029479415060237293
s_melanogtammum_trochanter_aligned,6,C.1.06,0.1379936,0.06827502,-0.239717,0.15792248824927643,0.07746781923646379,-0.2571799922396364,129.0653990890794,0.21613966124729783,0.08484925483838743,-0.028038971282604713,-0.000663575187108747,0.028046822326525295
s_melanogtammum_trochanter_aligned,7,C.1.07,0.1520855,0.0835127,-0.2135474,0.1749089564358335,0.0906185450429257,-0.22607484115811477,120.23547331500679,0.21742392020128654,0.08508402373250581,-0.02675471232861601,0.00353911678748953,0.02698777462894059
s_melanogtammum_trochanter_aligned,8,C.1.08,0.166709,0.0983387,-0.1779728,0.1894315715664002,0.10365572476418139,-0.18444173757878102,109.49024705891645,0.22075693287391443,0.08286911748507635,-0.023421699655988115,0.006152816392185395,0.024216382147861443
s_melanogtammum_trochanter_aligned,9,C.1.09,0.1761007,0.1103818,-0.1396848,0.19674121869401545,0.11273399930147221,-0.14092040790086552,98.96187259364942,0.22520611410867888,0.08053699162902565,-0.01897251842122366,0.008551849224165223,0.02081082844089896
s_melanogtammum_trochanter_aligned,10,C.1.10,0.1803855,0.1180142,-0.09940338,0.19711332508177462,0.11764129387454231,-0.09725460406069414,88.69421770445692,0.23019681621691068,0.0768096416887422,-0.013981816312991863,0.009438497845099366,0.01686939326064194
s_melanogtammum_trochanter_aligned,11,C.1.11,0.1787103,0.1193379,-0.06178651,0.19182951020124353,0.11849341195805149,-0.058246444482518006,79.49649068401177,0.2333272320099514,0.07146022832274024,-0.010851400519951149,0.00822228721105478,0.013614657550796924
s_melanogtammum_trochanter_aligned,12,C.1.12,0.1724655,0.1161787,-0.02476472,0.1816485560925375,0.1159525900394082,-0.020986633796820656,70.45429652745398,0.23604804850013678,0.06487964442399613,-0.00813058402976577,0.005705013900643937,0.009932450869328428
s_melanogtammum_trochanter_aligned,13,C.1.13,0.1602307,0.1098163,0.01029837,0.16689026189755224,0.11006741407264531,0.01416247552469882,61.443900428632844,0.23760174345257606,0.059136676850380904,-0.006576889077326481,0.004011067752526871,0.007703514422055559
s_melanogtammum_trochanter_aligned,14,C.1.14,0.1474763,0.1023642,0.03509416,0.15278242138234271,0.10335902832718687,0.0391303429171387,54.56706661919522,0.23801192801648527,0.054756956548788295,-0.006166704513417276,0.0027216053184708575,0.00674057713147251
s_melanogtammum_trochanter_aligned,15,C.1.15,0.1328675,0.09278177,0.05806817,0.13653668323503323,0.0948373662803724,0.06200249366949895,47.72105846524658,0.23850140307832188,0.04992659744012471,-0.005677229451580668,0.000967651885036107,0.0057591044804300474
s_melanogtammum_trochanter_aligned,16,C.1.16,0.1179902,0.08207104,0.08036137,0.11863854683472544,0.08473006435789365,0.08228377226906183,40.97887051798497,0.24118851450867268,0.04443066489580016,-0.002990118021229865,-0.0014985288976795,0.003344606798723033
s_melanogtammum_trochanter_aligned,17,C.1.17,0.09652197,0.06849124,0.1067855,0.0940323109563957,0.06986661753441954,0.10408863322038694,32.55173187827915,0.24674267206428138,0.03917767136673344,0.002564039534378837,-0.002964600682842371,0.003919586195323067
s_melanogtammum_trochanter_aligned,18,C.1.18,0.0708939,0.05355123,0.128316,0.06777113123473391,0.05295640862275749,0.12137303384187946,24.21418570421531,0.2513997721055862,0.035912584382851505,0.007221139575683627,-0.0024830262852916503,0.007636116572247533
s_melanogtammum_trochanter_aligned,19,C.1.19,0.04181203,0.03399143,0.1390492,0.04015692055538604,0.03411409223099777,0.13405678941543903,15.863214743530262,0.2490706929077413,0.03270736960957367,0.004892060377838764,-0.001935546951375842,0.005261045213776464
s_melanogtammum_trochanter_aligned,20,C.1.20,0.004199569,0.002693672,0.1452385,0.0018895338517234891,0.00623343120376417,0.14340178175014415,4.583516361744055,0.24516076576440865,0.025071345124977287,0.0009821332345061051,-0.004502788674359271,0.004608653983134289
s_melanogtammum_trochanter_aligned,21,C.1.21,-0.0321962,-0.03057425,0.1441671,-0.03646894995876391,-0.023945452005994374,0.14347188786217657,-6.824433466334179,0.24331950339717667,0.01657735805024074,-0.0008591291327258721,-0.00787036035422321,0.007917112792680613
s_melanogtammum_trochanter_aligned,22,C.1.22,-0.06920561,-0.06204417,0.1356518,-0.07327591083981767,-0.05546358025082698,0.13398136217191076,-18.366310001505116,0.244318130496576,0.011346424043155438,0.00013949796667345193,-0.007914696028802815,0.007915925271947238
s_melanogtammum_trochanter_aligned,23,C.1.23,-0.09376185,-0.07915772,0.1256326,-0.0949759168496137,-0.07559194700566912,0.12307696084936538,-25.731938771783625,0.24616906802921298,0.011857538987077244,0.001990435499310439,-0.004093672355449549,0.004551921224130184
s_melanogtammum_trochanter_aligned,24,C.1.24,-0.1170419,-0.09675442,0.1136051,-0.11453026388240073,-0.09509120641910548,0.10885888658672711,-32.984769668254565,0.24971072132981975,0.011693426532722408,0.005532088799917206,-0.0009985643079256706,0.00562148887459831
s_melanogtammum_trochanter_aligned,25,C.1.25,-0.1371941,-0.1146008,0.09712303,-0.13181261922206053,-0.11385291737312772,0.09157801719170275,-40.179263138433065,0.2518633099946386,0.010560149982212483,0.007684677464736028,0.001101164426445342,0.007763171441562405
s_melanogtammum_trochanter_aligned,26,C.1.26,-0.1614891,-0.1416608,0.06312969,-0.15401134438089026,-0.14156578707876144,0.058718340234929445,-51.48684457163649,0.25234242576314775,0.007333741827531869,0.008163793233245203,0.0029560689012501267,0.008682503285580583
s_melanogtammum_trochanter_aligned,27,C.1.27,-0.1774085,-0.1638041,0.02148446,-0.16935643163817865,-0.16639845905169814,0.019919135496705112,-62.835469027899705,0.2503006562610674,0.005322548208401927,0.006122023731164855,0.006044631504752172,0.008603298471701869
s_melanogtammum_trochanter_aligned,28,C.1.28,-0.1808895,-0.1760343,-0.02664465,-0.17707783602254393,-0.18757361491559127,-0.023470527007774994,-74.26388521932735,0.24117031555818805,0.006336961188398088,-0.0030083169717144975,0.012194656894135613,0.012560239956624824
s_melanogtammum_trochanter_aligned,29,C.1.29,-0.1810624,-0.1837045,-0.05446254,-0.17780108881704795,-0.1981640913313091,-0.05090561028472774,-81.13252717391313,0.23920698770454535,0.005465808424303688,-0.0049716448253571965,0.014410080805824866,0.015243611156806138
s_melanogtammum_trochanter_aligned,30,C.1.30,-0.1772399,-0.19052,-0.08224036,-0.17551327275459713,-0.20704830199886226,-0.07902307202551832,-88.03837804861821,0.23686338226378284,0.0032169009335492977,-0.007315250266119705,0.015264470644766603,0.016926811587564455
s_melanogtammum_trochanter_aligned,31,C.1.31,-0.1693304,-0.1949567,-0.1096353,-0.17016155136000452,-0.21411789181913665,-0.10746894941140098,-94.99554612197048,0.23326097102138926,0.0007427249297912012,-0.010917661508513282,0.01591665249263287,0.019301169896814796
s_melanogtammum_trochanter_aligned,32,C.1.32,-0.1581121,-0.2001103,-0.1382153,-0.1609054213960879,-0.21959929953148155,-0.13812402305895496,-102.5821553286079,0.23115287107813787,-0.0038196155560491873,-0.013025761451764678,0.01476352319880384,0.01968837420001706
s_melanogtammum_trochanter_aligned,33,C.1.33,-0.1443547,-0.2052233,-0.1656715,-0.1482228286563017,-0.22271048629760304,-0.16783923132832257,-110.16180025653405,0.23079768958462915,-0.009889074571597191,-0.013380942945273394,0.012100145822092631,0.01804059763479495
s_melanogtammum_trochanter_aligned,34,C.1.34,-0.1287572,-0.2095167,-0.192271,-0.13241452930389003,-0.22345552115783404,-0.1959285775491948,-117.69065211999062,0.2323220817949812,-0.016402144210538663,-0.01185655073492134,0.008970332831382833,0.014867570966218676
s_melanogtammum_trochanter_aligned,35,C.1.35,-0.1102982,-0.214644,-0.2217983,-0.1117549008115662,-0.22163817253973772,-0.2244292397248471,-125.92285529311327,0.2380695634210133,-0.024528503472644663,-0.0061090691088892535,0.004543296735701061,0.007613295646815335
s_melanogtammum_trochanter_aligned,36,C.1.36,-0.08883195,-0.2174892,-0.249547,-0.08867217319619339,-0.21733488025081033,-0.24934279898463352,-133.9180545323658,0.2444803158209557,-0.032669955058339174,0.00030168329105315084,-5.334660313274195e-06,0.00030173045371874476
s_melanogtammum_trochanter_aligned,37,C.1.37,-0.06371838,-0.2152454,-0.2741063,-0.06309598019373742,-0.2106918468492746,-0.27097905500924757,-141.89404129332274,0.24895000465656325,-0.039101156430187814,0.004771372126660706,-0.0028523493959240745,0.005558946757030792
s_melanogtammum_trochanter_aligned,38,C.1.38,-0.03868923,-0.2078167,-0.2923861,-0.03796623358456537,-0.20275315749563333,-0.2875262130105092,-149.16036514308365,0.25061664302198783,-0.04240073409420811,0.006438010492085283,-0.0028866432000994673,0.0070555430734197296
s_melanogtammum_trochanter_aligned,39,C.1.39,-0.01230076,-0.1978518,-0.3072255,-0.011563730242431264,-0.19322334505572103,-0.30073491844807165,-156.40427829522923,0.25187618535915374,-0.04496956248493576,0.007697552829251192,-0.002200258475243585,0.00800583892649575
s_melanogtammum_trochanter_aligned,40,C.1.40,0.01561625,-0.1866877,-0.3178009,0.015655670758347964,-0.1823329983105103,-0.31040110387814446,-163.61249598393087,0.25248891521935907,-0.04816744972775948,0.008310282689456522,-0.0021589731510559262,0.00858614951218889
s_melanogtammum_trochanter_aligned,41,C.1.41,0.04639364,-0.1719442,-0.3225487,0.04576751947740305,-0.16918822505493086,-0.3167743089564872,-171.42842371796885,0.2504317983728818,-0.0510136985135368,0.006253165842979275,-0.0014929613760122356,0.006428920339377884
s_melanogtammum_trochanter_aligned,42,C.1.42,0.0771758,-0.1564618,-0.3225569,0.07621533888647562,-0.15483390440376754,-0.31874522639530023,-179.30309530174864,0.24828548427426925,-0.054170770393616965,0.004106851744366702,-0.001111374842878199,0.0042545722806870195
s_melanogtammum_trochanter_aligned,43,C.1.43,0.1079992,-0.1412726,-0.3200123,0.1063456230548255,-0.13963252946868193,-0.31618147461461354,-187.20715112921863,0.24841099441888667,-0.05808993487301776,0.004232361888984126,-0.0014786764471333943,0.004483232226266228
s_melanogtammum_trochanter_aligned,44,C.1.44,0.1340789,-0.1261974,-0.3149622,0.13229988214140534,-0.12574833302349517,-0.31011892985168565,-194.224323200532,0.24934549355341634,-0.060121481769758046,0.005166861023513797,-0.000356901364291393,0.005179172850961727
s_melanogtammum_trochanter_aligned,45,C.1.45,0.1593294,-0.1110412,-0.3068613,0.15698627428645676,-0.1118371620792582,-0.3006433693150895,-201.20083219489348,0.2508390769867598,-0.06224775885133111,0.006660444456857234,0.0006518706777857207,0.006692268355605308
s_melanogtammum_trochanter_aligned,46,C.1.46,0.1830248,-0.09711508,-0.2935382,0.18010614687509224,-0.09813098184208552,-0.28793186965598394,-208.14300664274793,0.2505667857889829,-0.06560328033539693,0.006388153259080348,0.00041596932702192926,0.0064016820088568915
s_melanogtammum_trochanter_aligned,47,C.1.47,0.2190758,-0.07731101,-0.2637313,0.21441541992754154,-0.07635385254756608,-0.2601490340979331,-219.64930339736156,0.2495723396376011,-0.07371490308173453,0.005393707107698542,-0.0025250436507100594,0.005955495092906109
s_melanogtammum_trochanter_aligned,48,C.1.48,0.2495536,-0.05875643,-0.2275738,0.24271019307825156,-0.056600244446000786,-0.22483977644124728,-231.1895840451713,0.25015270319096045,-0.08119929936423617,0.005974070661057901,-0.004823558748104104,0.007678296637908956
s_melanogtammum_trochanter_aligned,49,C.1.49,0.2737764,-0.04131754,-0.1864694,0.26376917897711494,-0.03997596034575414,-0.1836569217272672,-242.6782871941925,0.2529229212747193,-0.08731700441823283,0.00874428874481678,-0.005778560110565938,0.010481142237568998
s_melanogtammum_trochanter_aligned,50,C.1.50,0.2838242,-0.03298685,-0.1581452,0.27280443770711715,-0.031689469172642995,-0.15625912649866522,-249.68686606055547,0.2534025774673213,-0.09113728231041361,0.009223944937418765,-0.006449377570490021,0.011255026932676528
s_melanogtammum_trochanter_aligned,51,C.1.51,0.2911996,-0.02716626,-0.1284072,0.27878122324269483,-0.02504647147464137,-0.12779770119739065,-256.65233093313714,0.25383849716441836,-0.09592774363354922,0.009659864634515819,-0.008109752691163574,0.012612734575380617
s_melanogtammum_trochanter_aligned,52,C.1.52,0.2941025,-0.020946,-0.09798515,0.28171038139022936,-0.020097472499320104,-0.09829594838788809,-263.67058055826044,0.25429173292496526,-0.09819027334089851,0.010113100395062719,-0.007218476196215435,0.012425023066213903
s_melanogtammum_trochanter_aligned,53,C.1.53,0.2903516,-0.0121639,-0.06299148,0.281189828903789,-0.016693098029004233,-0.06352562246692864,-271.83087387957863,0.2543524061146744,-0.0957484562504457,0.010173773584771867,-0.0011096502269088311,0.010234109271464674
s_melanogtammum_trochanter_aligned,54,C.1.54,0.2785071,-0.003872448,-0.02972298,0.27657874938813776,-0.0159312475871059,-0.029326241470008257,-279.89216129553125,0.25233552773450535,-0.08916431139506072,0.008156895204602804,0.009097013006837037,0.012218452644481419
s_melanogtammum_trochanter_aligned,55,C.1.55,0.2622585,0.00378348,0.001789694,0.26808082774451586,-0.017812353772212047,0.0038837785041710288,-287.91002208196693,0.2510411913680343,-0.08047344185215032,0.006862558838131777,0.02139088620850859,0.022464744080273488
scolytus_carpini_trochanter_aligned,1,C.1.01,0.07457399,0.2047543,-0.2759094,0.10067124767334439,0.2019946013445339,-0.28965121587787857,128.43934572001143,0.1983180716948423,0.0974434798358194,-0.023622959537433735,0.017873893841359786,0.029622969101010588
scolytus_carpini_trochanter_aligned,2,C.1.02,0.1008304,0.2144584,-0.2524786,0.11778769320719783,0.2132409819329771,-0.25872272300626487,118.89561895821112,0.20778561818531588,0.08733132034184023,-0.014155413046960164,0.0112980198819132,0.01811134925349731
scolytus_carpini_trochanter_aligned,3,C.1.03,0.1215851,0.2209246,-0.2231512,0.13047226768050407,0.22111868475565088,-0.22535283718254379,109.49024911006437,0.21449223289467242,0.07787575958221896,-0.007448798337603618,0.00532747856711265,0.009157872272385738
scolytus_carpini_trochanter_aligned,4,C.1.04,0.1370538,0.2241793,-0.1902462,0.13861983762521432,0.22548408350208987,-0.19061005623940042,100.24135444147582,0.2198709650219287,0.06907486139074613,-0.002070066210347332,-4.6379722310883886e-05,0.0020705857127545873
scolytus_carpini_trochanter_aligned,5,C.1.05,0.1457124,0.2232456,-0.1437123,0.14255488909314848,0.22584728195249498,-0.14393650700977506,88.18200921906646,0.2227584591008694,0.06063777097541108,0.0008174278685933456,-0.00401505972205938,0.004097425153929807
scolytus_carpini_trochanter_aligned,6,C.1.06,0.1458557,0.2182862,-0.09663118,0.13894998974892825,0.22010754953635997,-0.09796245657167829,76.21815289937176,0.2262904116317702,0.0544007528924839,0.004349380399494146,-0.00581904937735986,0.007264877529295017
scolytus_carpini_trochanter_aligned,7,C.1.07,0.1348767,0.2060913,-0.05222428,0.12815736963370522,0.20840543833189132,-0.05434989192342324,64.26563674599312,0.22612781890976424,0.04966776813320362,0.004186787677488202,-0.006123207638417285,0.007417739739269553
scolytus_carpini_trochanter_aligned,8,C.1.08,0.1197045,0.1896192,-0.01571353,0.11271635074727242,0.19300315862917133,-0.018520770388144425,53.47060746537183,0.22605918056731258,0.04463514254684787,0.004118149335036542,-0.00715589621455677,0.008256270621725624
scolytus_carpini_trochanter_aligned,9,C.1.09,0.09905995,0.1689842,0.01563268,0.09246417931265404,0.17340185601070712,0.012696383584496096,42.64641457714488,0.22541577396546691,0.04006227286176067,0.003474742733190872,-0.007718022749825745,0.008464142734423257
scolytus_carpini_trochanter_aligned,10,C.1.10,0.07268226,0.1453053,0.03967583,0.06802568144773577,0.1500134522206541,0.03828386985281662,31.730225816043564,0.2231953796223072,0.03708605995488476,0.0012543483900311625,-0.006649404809005879,0.006766681180431374
scolytus_carpini_trochanter_aligned,11,C.1.11,0.03896707,0.1177486,0.05850145,0.03704576782688149,0.12037994664577967,0.05880652194390626,19.49276993054457,0.22144988964097134,0.03596574728971506,-0.0004911415913047001,-0.003235310810252269,0.003272377744338907
scolytus_carpini_trochanter_aligned,12,C.1.12,0.003541162,0.0893667,0.07228412,0.003901279457710582,0.08841854049232314,0.06979799500640829,7.304833917598971,0.22449095370058647,0.03552607336514821,0.0025499224683104282,0.0008410730792939302,0.002685052796335162
scolytus_carpini_trochanter_aligned,13,C.1.13,-0.03275418,0.05882031,0.07213342,-0.029811526402018087,0.055390560038849,0.07088466552691508,-4.849428683835075,0.22341434336773106,0.03463238966742993,0.0014733121354550127,0.0044509700155473736,0.00468847338989791
scolytus_carpini_trochanter_aligned,14,C.1.14,-0.06676372,0.02712695,0.06249651,-0.0626493098898514,0.02242656993195661,0.062025692227569346,-17.0442551145894,0.22275217266190106,0.03187454454823409,0.0008111414296250175,0.006211735851960778,0.006264472261363215
scolytus_carpini_trochanter_aligned,15,C.1.15,-0.09741583,-0.003536892,0.04315315,-0.09295242182393819,-0.009101943295342092,0.04355982036170969,-29.26602806232361,0.22187428290441472,0.028279332697713808,-6.674832786132678e-05,0.0071451195868050075,0.007145431355000002
scolytus_carpini_trochanter_aligned,16,C.1.16,-0.1229892,-0.03183959,0.0148876,-0.1192156111420136,-0.03793324017393422,0.016248230467959368,-41.52478829493989,0.22058562580517693,0.02376036671527476,-0.00135540542709911,0.007168454276197706,0.007295468496385073
scolytus_carpini_trochanter_aligned,17,C.1.17,-0.1462679,-0.06126077,-0.02948035,-0.1439340693489434,-0.0679093252022673,-0.027603275768466162,-56.624194502424146,0.219108825877656,0.017716581962437212,-0.002832205354620032,0.006719529171404547,0.007292013402078697
scolytus_carpini_trochanter_aligned,18,C.1.18,-0.1566586,-0.0817221,-0.08286079,-0.15851454400711867,-0.09030725025733191,-0.08037038815418503,-71.86914615105816,0.21474573450756063,0.010967795415777222,-0.0071952967247154165,0.0056195319640931,0.00912970067703013
scolytus_carpini_trochanter_aligned,19,C.1.19,-0.1563073,-0.09551841,-0.1393019,-0.16135406402645278,-0.10365191011803732,-0.13875183019905302,-87.32289224444057,0.21289201416437942,0.002790943910860418,-0.009049017067896625,0.0031688354642739713,0.009587816648993901
scolytus_carpini_trochanter_aligned,20,C.1.20,-0.1468351,-0.1042226,-0.1930631,-0.15260688532270816,-0.10702095184793764,-0.19446943216698243,-101.88144876387997,0.21555355136195029,-0.007296207632637506,-0.006387479870325757,-0.0015238602122103404,0.006566738082196895
scolytus_carpini_trochanter_aligned,21,C.1.21,-0.1303934,-0.1090089,-0.2456229,-0.1340865000626797,-0.10188904283612787,-0.2452195308764841,-115.86158788842494,0.22373262243555475,-0.018780905869284645,0.0017915912032787085,-0.007828426516040557,0.00803081943245595
scolytus_carpini_trochanter_aligned,22,C.1.22,-0.1052872,-0.106032,-0.2947812,-0.10777404075921904,-0.08972861131569006,-0.2886118177700704,-129.30245005223426,0.23272696267754583,-0.029850757762105207,0.010785931445269792,-0.013917967506439703,0.017608127005799626
scolytus_carpini_trochanter_aligned,23,C.1.23,-0.0704903,-0.08748638,-0.3306039,-0.07534982531418215,-0.07191662734811634,-0.323471284879109,-142.39340378069085,0.2318447022546471,-0.0355761379855907,0.009903671022371052,-0.014792690176686149,0.01780186457601503
scolytus_carpini_trochanter_aligned,24,C.1.24,-0.0312859,-0.05845887,-0.3520128,-0.037181864431082366,-0.04898875947133824,-0.3494804460428519,-155.67427704584546,0.22530506370970718,-0.036637980404525976,0.003364032477431139,-0.010933503192148931,0.011439327190090448
scolytus_carpini_trochanter_aligned,25,C.1.25,0.0102725,-0.02807653,-0.3657233,0.005537163882368183,-0.021876007301394773,-0.3649122194660356,-169.29994169874365,0.22315204215852433,-0.038503179664229,0.0012110109262482849,-0.007749915744829108,0.00784396210568632
scolytus_carpini_trochanter_aligned,26,C.1.26,0.0482339,4.113253e-05,-0.3687003,0.04498176535368457,0.004029683558192364,-0.3683336171685489,-181.4818336266434,0.22255862085591968,-0.0403893822980904,0.0006175896236436385,-0.005122300110097832,0.005159396802063257
scolytus_carpini_trochanter_aligned,27,C.1.27,0.08589751,0.02810562,-0.3628327,0.08388493949603795,0.03012565796272379,-0.36177928287517047,-193.66025337841154,0.2231671235193846,-0.042561228307258066,0.001226092287108571,-0.0027816144137245624,0.00303984885202331
scolytus_carpini_trochanter_aligned,28,C.1.28,0.1206532,0.05589259,-0.3466954,0.12061549432739352,0.05507396642742255,-0.34554799217230414,-205.83208902788718,0.22318288508521517,-0.04362194102778284,0.0012418538529391232,0.0006677649304389269,0.0014100038987122946
scolytus_carpini_trochanter_aligned,29,C.1.29,0.148145,0.07831454,-0.3239547,0.15030334286822017,0.07531687776989536,-0.32349564904311545,-216.68257176936214,0.22228916375169774,-0.04460425540893447,0.0003481325194217011,0.003705935011914062,0.0037222507389494076
scolytus_carpini_trochanter_aligned,30,C.1.30,0.1708892,0.09757838,-0.2941673,0.17623189108567458,0.0928963943768695,-0.29492175456377245,-227.59516722939497,0.2203118234453334,-0.045398100626700896,-0.0016292077869426436,0.006955589197753815,0.007143846240012765
scolytus_carpini_trochanter_aligned,31,C.1.31,0.1911848,0.1135802,-0.2608849,0.19742472515137058,0.10697273112101555,-0.2608633842660256,-238.53650921506812,0.22113123738075352,-0.04735576881128811,-0.0008097938515225223,0.009052072012876403,0.00908822170769749
scolytus_carpini_trochanter_aligned,32,C.1.32,0.2039496,0.1232746,-0.2327707,0.20992510613010823,0.11492482368949755,-0.23201145250654498,-246.87870926410056,0.22260333457463546,-0.049224520821966045,0.0006623033423594216,0.010274397743196722,0.010295722155473431
scolytus_carpini_trochanter_aligned,33,C.1.33,0.2140838,0.1293195,-0.2026362,0.21893959498278956,0.12018836141708308,-0.2016228381717133,-255.1431098857708,0.22397942572608967,-0.052371552271510954,0.002038394493813628,0.010189616617809413,0.01039150320840767
scolytus_carpini_trochanter_aligned,34,C.1.34,0.2205707,0.1292483,-0.1709307,0.22440980028624852,0.12267787401048652,-0.17043163759772087,-263.3130696200278,0.223099163290963,-0.05805072151772489,0.0011581320586869503,0.007537704034224061,0.007626155779481319
scolytus_carpini_trochanter_aligned,35,C.1.35,0.2253664,0.1212753,-0.1338085,0.22637729525646672,0.12206407304478178,-0.13374152774352932,-272.7673529481563,0.22065733907901103,-0.06906526564941787,-0.0012836921532650147,2.63035074436025e-05,0.0012839616111309613
scolytus_carpini_trochanter_aligned,36,C.1.36,0.2286338,0.1079031,-0.09809957,0.22377607602772742,0.11777816832698251,-0.09809608389039648,-282.02783117222054,0.2194463143160073,-0.08324161640870131,-0.0024947169162687355,-0.010718715236165624,0.011005201897572122
scolytus_carpini_trochanter_aligned,37,C.1.37,0.2263961,0.09024018,-0.06422272,0.21673469970001874,0.10979953748779168,-0.06336562679865829,-291.372840998301,0.21678188895213277,-0.09719944162005875,-0.005159142280143275,-0.02121388650815157,0.021832217703373527
sibinia_pellucens_trochanter_aligned,1,C.1.01,-0.03441485,0.01602572,-0.327924,-0.042425882933115014,0.024960819218181572,-0.36751225219885364,-178.67765117992417,0.21383314019334793,0.1185663332183187,-0.03641033450575876,-0.019634915330425887,0.041367165226230365
sibinia_pellucens_trochanter_aligned,2,C.1.02,-0.001967036,0.03756414,-0.3260375,-0.0018678265971228472,0.04632587501532341,-0.36440190745515255,-189.1397181734564,0.2137889798977649,0.11799798524050073,-0.036454494801341775,-0.014821451047325658,0.0393523265178735
sibinia_pellucens_trochanter_aligned,3,C.1.03,0.03020889,0.05834967,-0.3187544,0.03657581785425699,0.06829632987157191,-0.3533179823756704,-199.53291470678505,0.21560804530857,0.11587554904557906,-0.03463542939053668,-0.011597502768913387,0.0365255395516864
sibinia_pellucens_trochanter_aligned,4,C.1.04,0.05986589,0.07837021,-0.3032652,0.0718301600164783,0.09002988978878454,-0.3347144732575318,-209.870539553172,0.2158702469737728,0.11284773593835974,-0.03437322772533388,-0.009307518142524973,0.03561107521868857
sibinia_pellucens_trochanter_aligned,5,C.1.05,0.08949681,0.1005193,-0.2745968,0.10886621631509927,0.11485430802007288,-0.3030895083890517,-222.32447119540277,0.2135605386557156,0.10890314798227908,-0.036682936043391096,-0.006845654863851532,0.03731622686283407
sibinia_pellucens_trochanter_aligned,6,C.1.06,0.1143532,0.120011,-0.2400611,0.13862428419726314,0.13697452874529403,-0.2625194251525902,-234.84666903799254,0.21342886846463974,0.1042172472297113,-0.036814606234466946,-0.005089987432564666,0.0371648113712759
sibinia_pellucens_trochanter_aligned,7,C.1.07,0.131521,0.1365276,-0.1997754,0.15966016477324063,0.1549714401411073,-0.21494188365448774,-247.38808178900825,0.21343771945082204,0.10014535033886181,-0.03680575524828464,-0.0027104317610879415,0.03690542046540253
sibinia_pellucens_trochanter_aligned,8,C.1.08,0.1402811,0.1502455,-0.1549341,0.171213670924916,0.167894349830333,-0.16153955212389853,-260.18106378240213,0.2140423340671686,0.09746456592769241,-0.03620114063193808,0.0011896466140655353,0.036220682518689776
sibinia_pellucens_trochanter_aligned,9,C.1.09,0.1410361,0.1598073,-0.1082044,0.1723993125112786,0.17440866240889052,-0.1061387700759165,-272.8939174590076,0.216050759317286,0.09539000139262004,-0.03419271538182067,0.005654725901797113,0.03465714515372916
sibinia_pellucens_trochanter_aligned,10,C.1.10,0.1357288,0.1628061,-0.06089157,0.1636924246947834,0.17410462057957524,-0.05206677862722676,-285.3721419938329,0.21981562801783835,0.09116769461929132,-0.030427846681268328,0.007851366917421505,0.03142447797706045
sibinia_pellucens_trochanter_aligned,11,C.1.11,0.1205884,0.1578889,-0.01234442,0.14454969222848751,0.16633510243109806,0.001886184489227699,-298.5376238192626,0.2225747630880798,0.08562318367919299,-0.02766871161102688,0.009079337127825859,0.029120301593474104
sibinia_pellucens_trochanter_aligned,12,C.1.12,0.09636781,0.1459537,0.03102806,0.11664934747342992,0.15120321728966946,0.04956075068610864,-311.5887911104981,0.22433483032597512,0.08037061440770425,-0.025908644373131562,0.0105404442446348,0.027970677827461723
sibinia_pellucens_trochanter_aligned,13,C.1.13,0.06579497,0.1252126,0.06631756,0.08180401785686889,0.12937614027885677,0.0887716349992449,-324.5353458084227,0.22416464244700204,0.07305487517758895,-0.02607883225210464,0.009884567434920062,0.02788924819726943
sibinia_pellucens_trochanter_aligned,14,C.1.14,0.02803999,0.09609954,0.1040547,0.03539292429438794,0.09692977682943285,0.12146815114051626,-339.4456754291291,0.23260822667206046,0.062354542550301956,-0.01763524802704622,0.0068542865112455635,0.01892044440687586
sibinia_pellucens_trochanter_aligned,15,C.1.15,-0.01173223,0.05954872,0.1319763,-0.01149954581870195,0.06076948253011992,0.13827254368028138,-353.4768273836386,0.24383860888924794,0.048688396735000326,-0.006404865809858745,0.000405932903761807,0.006417716694016223
sibinia_pellucens_trochanter_aligned,16,C.1.16,-0.05756208,0.02080652,0.1417644,-0.05788525132237607,0.021468004215282867,0.14064608302777093,-367.34519115595947,0.2511966846031466,0.04020818587907371,0.0009532099040399089,-0.0009402259302372405,0.0013388927966981941
sibinia_pellucens_trochanter_aligned,17,C.1.17,-0.08255292,-0.0009561548,0.139303,-0.08189772379772392,-0.0005322762163686243,0.13599169735739233,-374.83105123394466,0.2535816149850561,0.03664147115558864,0.0033381402859494202,-0.0006561247895030499,0.0034020112151606626
sibinia_pellucens_trochanter_aligned,18,C.1.18,-0.1044886,-0.02476141,0.1317955,-0.10430653320724156,-0.022361542944530764,0.1274256142442578,-382.21149612017956,0.2544156492834661,0.030765797424515164,0.004172174584359423,-0.002735209490480889,0.004988828692107055
sibinia_pellucens_trochanter_aligned,19,C.1.19,-0.1243213,-0.04870984,0.1200754,-0.12496451452869146,-0.04392262320015439,0.11512772906852124,-389.5596297702365,0.25475038909826375,0.02447715322018233,0.004506914399157069,-0.005243885950658595,0.006914522200762949
sibinia_pellucens_trochanter_aligned,20,C.1.20,-0.1543411,-0.08387067,0.09327219,-0.15400191394905613,-0.07772951083509666,0.08777826475559487,-401.47053127061724,0.2559856984155827,0.01767455716521974,0.005742223716476036,-0.005919371963889749,0.008246944746810366
sibinia_pellucens_trochanter_aligned,21,C.1.21,-0.1794846,-0.111518,0.05507054,-0.1764845018266027,-0.10927442861257589,0.052063483150680545,-413.4729527264611,0.25498101429265846,0.016624560202601873,0.004737539593551776,-0.0007951799262172254,0.004803810208108672
sibinia_pellucens_trochanter_aligned,22,C.1.22,-0.19453,-0.1328124,0.008422017,-0.1911150391054292,-0.13732803767390767,0.009430204611494797,-425.5673636046145,0.250598886480757,0.016937835730102505,0.0003554117816503277,0.005739605059487779,0.005750598557840188
sibinia_pellucens_trochanter_aligned,23,C.1.23,-0.198137,-0.1450866,-0.02342784,-0.19591205848460208,-0.1530643659700064,-0.020950129399306364,-433.42940410907215,0.2475146856451065,0.015356821772416132,-0.0027287890540001747,0.00820291867195398,0.008644892390303227
sibinia_pellucens_trochanter_aligned,24,C.1.24,-0.1982764,-0.1574332,-0.05545508,-0.19681998134004547,-0.16664779903856844,-0.053005931498242814,-441.3548525630588,0.24625923963389526,0.011860703512349389,-0.003984235065211422,0.008783745788867623,0.009645118928157894
sibinia_pellucens_trochanter_aligned,25,C.1.25,-0.1950014,-0.1684309,-0.08780423,-0.19371883453407668,-0.1777582244188844,-0.085910205852905,-449.289593795732,0.24610952057638186,0.007663663593581326,-0.0041339541227248255,0.008668431563465294,0.009603711910468535
sibinia_pellucens_trochanter_aligned,26,C.1.26,-0.1899933,-0.1777239,-0.1180303,-0.1872773989178259,-0.18569939887868497,-0.116560546346707,-456.64170349158934,0.24804602422279318,0.0034785736569125664,-0.002197450476313506,0.008265354696416672,0.008552477819522713
sibinia_pellucens_trochanter_aligned,27,C.1.27,-0.1809491,-0.1840205,-0.1480903,-0.17751865485679538,-0.1912777826438561,-0.14672691007600613,-463.96683744902276,0.2490193017327103,-0.000505300216041771,-0.0012241729663963752,0.008049617250934551,0.008142170308842657
sibinia_pellucens_trochanter_aligned,28,C.1.28,-0.167834,-0.1890716,-0.1768571,-0.1647000636770257,-0.19446480172827357,-0.17572192495754135,-471.2166456589166,0.24981577555826115,-0.0059586530856868,-0.0004276991408455333,0.006325652344244938,0.006340094962643047
sibinia_pellucens_trochanter_aligned,29,C.1.29,-0.140504,-0.1920689,-0.216512,-0.13992712861365197,-0.19489309064676902,-0.21662793354416562,-482.1075469587709,0.2489694982823106,-0.01529842267854278,-0.0012739764167960799,0.0025882925031369595,0.002884835175941177
sibinia_pellucens_trochanter_aligned,30,C.1.30,-0.108653,-0.1911014,-0.2527487,-0.10926523188294554,-0.19023788521600218,-0.2529917951836286,-492.9912103946679,0.2502068791697603,-0.024570870112216526,-3.659552934637267e-05,-0.001085468422485506,0.0010860851389192562
sibinia_pellucens_trochanter_aligned,31,C.1.31,-0.07342264,-0.1827578,-0.2846474,-0.07351310056239056,-0.18077682699892755,-0.28362287347083526,-503.92692883136596,0.25193736656390053,-0.030564420900324567,0.0016938918647938506,-0.0014535549881836815,0.0022320599797694346
sibinia_pellucens_trochanter_aligned,32,C.1.32,-0.05423341,-0.1751575,-0.2992411,-0.05320958071747397,-0.17407517761693642,-0.29690273897806624,-509.6525128331874,0.2530120237996379,-0.03190545549726787,0.0027685491005312035,0.00015071923395908797,0.0027726486271320455
sibinia_pellucens_trochanter_aligned,33,C.1.33,-0.03412049,-0.1664132,-0.3118106,-0.03214817002376977,-0.16632207552497397,-0.30805820892972186,-515.3537958250178,0.25410107241599755,-0.033228946355599476,0.0038575977168908704,0.0017600364648287627,0.004240140151326218
sibinia_pellucens_trochanter_aligned,34,C.1.34,-0.01246604,-0.1570368,-0.3208756,-0.01052321101488276,-0.15762771538809778,-0.3170029052158593,-521.0327808613658,0.2539482552070257,-0.035587363033212895,0.0037047805079190033,0.0023229575417034,0.004372817210038977
sibinia_pellucens_trochanter_aligned,35,C.1.35,0.02188615,-0.1427864,-0.3285966,0.02262504944760145,-0.14303881487559847,-0.32615262871423795,-529.5344568988326,0.2525603614719924,-0.04118154230454289,0.002316886772885718,0.0011021420009898074,0.0025656736559271564
sibinia_pellucens_trochanter_aligned,36,C.1.36,0.05641174,-0.1271408,-0.3310256,0.056275801343265944,-0.1268331041555602,-0.33003579598581834,-538.0809296133257,0.251281439561499,-0.046804578856884,0.0010379648623923265,-0.00012448687484756184,0.0010454032894391826
sibinia_pellucens_trochanter_aligned,37,C.1.37,0.09043615,-0.1104102,-0.3287754,0.08972098844900057,-0.10943654160466668,-0.3284639258255416,-546.668638081072,0.25079474379763445,-0.05221690137643017,0.0005512690985277624,-0.0011191895537369604,0.0012475908288319133
sibinia_pellucens_trochanter_aligned,38,C.1.38,0.1276214,-0.08892047,-0.3209961,0.1269769460805767,-0.08857481948682969,-0.3198481780284872,-556.585817574788,0.2515441723277064,-0.05660010855195925,0.0013006976285996896,-0.0004008811084997794,0.001361073100239961
sibinia_pellucens_trochanter_aligned,39,C.1.39,0.1618923,-0.06571355,-0.3071451,0.16172434198828942,-0.06763838900454923,-0.304201747162789,-566.4848454326029,0.2530927282760624,-0.059223001655891276,0.0028492535769557015,0.0020684039899534347,0.0035208721947054206
sibinia_pellucens_trochanter_aligned,40,C.1.40,0.1940366,-0.04440016,-0.2867132,0.1927673748900981,-0.04754711512070203,-0.2822210755755931,-576.2782104739936,0.25514210422591377,-0.0635549063795417,0.004898629526807086,0.002774323253473695,0.005629692776313032
sibinia_pellucens_trochanter_aligned,41,C.1.41,0.2219509,-0.02593936,-0.2572654,0.22002852263168393,-0.028518655273611415,-0.25393667417376997,-586.2158316474555,0.2545406847953175,-0.06972001118974853,0.004297210096210813,0.0017212495083289917,0.004629115950254286
sibinia_pellucens_trochanter_aligned,42,C.1.42,0.2459182,-0.01083875,-0.2228457,0.2422023744964815,-0.011620922902340153,-0.22060184716833792,-596.1093394770598,0.25455323366261257,-0.07746868612350193,0.004309758963505883,-0.0009380867915032384,0.004410672188217097
sibinia_pellucens_trochanter_aligned,43,C.1.43,0.2638226,0.003823951,-0.1847455,0.2589198167816632,0.0026795221166334843,-0.1828446148108055,-606.058259989291,0.25545017352481053,-0.08300882984070948,0.005206698825703848,-0.0013603869287827706,0.005381483555450828
sibinia_pellucens_trochanter_aligned,44,C.1.44,0.2712078,0.01159953,-0.1590771,0.2663236612278905,0.009986022595632194,-0.15761528797981894,-612.2665872151349,0.2554853274159384,-0.08589947938687671,0.005241852716831696,-0.0010573987736721515,0.005347439767918766
sibinia_pellucens_trochanter_aligned,45,C.1.45,0.276414,0.01655637,-0.1322035,0.2712946325909657,0.015878532054093786,-0.13159547345327668,-618.4403649627606,0.2549917440225735,-0.0901371487226989,0.004748269323466836,-0.002119203072604728,0.005199719533889605
sibinia_pellucens_trochanter_aligned,46,C.1.46,0.2790715,0.02081034,-0.1048409,0.2738496099371118,0.02032144237765933,-0.10480699937393004,-624.6452237096668,0.2548836622278473,-0.09365458248175923,0.004640187528740625,-0.0024447833573936974,0.005244836123890646
sibinia_pellucens_trochanter_aligned,47,C.1.47,0.2815391,0.02502608,-0.07595731,0.2738971054140225,0.023286952641908998,-0.07651199771651801,-631.1178220170268,0.2575585707526108,-0.09740673057200326,0.007315096053504111,-0.0028673495445507443,0.007856992025108946
sibinia_pellucens_trochanter_aligned,48,C.1.48,0.2815342,0.02860441,-0.04688325,0.2713404663684816,0.02447349441722936,-0.04854123083097159,-637.5135342465366,0.2610734260707044,-0.10036667857654769,0.010829951371597701,-0.0025372667630794636,0.011123199599854193
sibinia_pellucens_trochanter_aligned,49,C.1.49,0.2772219,0.02947223,-0.01792182,0.26627365610117276,0.02388393647245747,-0.021001799831366713,-643.8854353515154,0.2627484008051164,-0.10315808827816311,0.012504926106009728,-0.0020508944056301355,0.012671990561068444
sibinia_pellucens_trochanter_aligned,50,C.1.50,0.2713254,0.02700105,0.004653811,0.26050384353787515,0.022134728621104313,0.00044600278292071527,-648.9530751536561,0.26251828034161606,-0.10651082584705057,0.012274805642509379,-0.002796777512780887,0.012589393075814784
sibinia_pellucens_trochanter_aligned,51,C.1.51,0.2648198,0.02207249,0.02665139,0.2533405156642754,0.019285513783724367,0.02108635238352817,-653.964710721352,0.26225540545191106,-0.11141306694765836,0.012011930752804378,-0.005120973398981817,0.013057980278865662
sibinia_pellucens_trochanter_aligned,52,C.1.52,0.2597866,0.01554627,0.04861851,0.24507014977286212,0.015463905669334699,0.040418174639705554,-658.8256836099415,0.2640744194523414,-0.1184119478246863,0.013830944753234709,-0.009619311743833781,0.016847141929481307
sitona_trochanter_aligned,1,C.1.01,0.1362242,0.1184022,-0.2536674,0.15895688443714218,0.12455636570251513,-0.26830272356052437,27.817364501675307,0.22635251907150325,0.11900136821893217,-0.02736258612971701,0.004486677303724666,0.027727989341709225
sitona_trochanter_aligned,2,C.1.02,0.1535532,0.1304748,-0.2217194,0.1758143336957855,0.1377577322081439,-0.23157382788872705,18.275338003821528,0.22865349041303193,0.11359301162892323,-0.02506161478818833,0.004198141040108141,0.025410803292776434
sitona_trochanter_aligned,3,C.1.03,0.1674864,0.1405633,-0.1875034,0.18691642156709348,0.14779646382624845,-0.19261187605104435,8.907907534687315,0.23266745347746826,0.10796557387429959,-0.021047651723752003,0.0035968432708144574,0.02135277322970392
sitona_trochanter_aligned,4,C.1.04,0.1763045,0.1477985,-0.1509441,0.19235225235334602,0.15447792256658793,-0.15246910611806783,-0.3062168732174705,0.23650779976194672,0.1023195540303447,-0.01720730543927354,0.002894706305838178,0.017449088373823748
sitona_trochanter_aligned,5,C.1.05,0.1783645,0.1508608,-0.1190332,0.19267180589805483,0.15742144928680862,-0.11840018122640521,-7.978480479889505,0.2381551656122552,0.09776388671216245,-0.015559939588965066,0.0024556290193138044,0.01575251833494379
sitona_trochanter_aligned,6,C.1.06,0.1740593,0.1507436,-0.08719943,0.18918492236189854,0.1578586022160685,-0.08427756208716963,-15.674506402452257,0.2369905599214951,0.09404851813666622,-0.016724545279725167,0.0028696002606418223,0.016968942821208772
sitona_trochanter_aligned,7,C.1.07,0.1663412,0.1470065,-0.05624142,0.1819755842564103,0.15570291195885946,-0.05076293572987514,-23.3808389614821,0.23514962412481308,0.0893674623537367,-0.01856548107640718,0.002323414370028674,0.01871030042338417
sitona_trochanter_aligned,8,C.1.08,0.1562922,0.1388248,-0.02754536,0.17151872873461382,0.1510768506315789,-0.019259633937491777,-30.899627839009593,0.2324894525937322,0.08271851574704615,-0.02122565260748807,-0.00029128981093846516,0.021227651268280294
sitona_trochanter_aligned,9,C.1.09,0.1466629,0.1295592,0.0009645343,0.15792184656779304,0.14399369236894702,0.010487372333844752,-38.407436473800175,0.23347021133989865,0.0749880645297512,-0.02024489386132161,-0.003993390104694168,0.020634991930806465
sitona_trochanter_aligned,10,C.1.10,0.1368423,0.1202214,0.02938545,0.14184972075212252,0.13475638873023338,0.03742560969126006,-45.74337179550788,0.23818203779211167,0.067318218617369,-0.015533067409108592,-0.00772710454839652,0.01734889990281117
sitona_trochanter_aligned,11,C.1.11,0.1204443,0.1075736,0.06271152,0.11887659054520358,0.1204851561579616,0.06689976750256026,-54.72036231542315,0.2451702942022808,0.05956595469439721,-0.008544810998939473,-0.01066272092338342,0.013664092084641269
sitona_trochanter_aligned,12,C.1.12,0.09748182,0.0916926,0.0902796,0.09291615096503963,0.10322891802898647,0.09183088233152448,-63.67800548643502,0.2491602317726162,0.05377802955251887,-0.004554873428604056,-0.011644379430618489,0.012503537270501264
sitona_trochanter_aligned,13,C.1.13,0.07166401,0.07355426,0.1136018,0.06509507907453257,0.08362961614169756,0.11141997959353647,-72.48967436333216,0.2536027746729351,0.048471070899440714,-0.00011233052828513168,-0.012223394660407607,0.01222391079694489
sitona_trochanter_aligned,14,C.1.14,0.03677413,0.04933412,0.1339095,0.03013180965112454,0.05750761512037947,0.12771226639086902,-82.94790817640902,0.25798068634862226,0.04363154490233502,0.004265581147401998,-0.011451504878443859,0.01222015329306856
sitona_trochanter_aligned,15,C.1.15,-0.0009760364,0.0233309,0.1446384,-0.005441776938363185,0.029209063442286548,0.1359472659947269,-93.31849872501633,0.26089600949238595,0.040660551952430686,0.007180904291165691,-0.008858107465421063,0.011403133530211284
sitona_trochanter_aligned,16,C.1.16,-0.03901049,-0.004412368,0.1445823,-0.04051988401565695,-0.0005822115619467973,0.136073465905037,-103.64980672846588,0.261368672336457,0.038428136509146574,0.0076535671352367385,-0.005547209784791847,0.009452440229383428
sitona_trochanter_aligned,17,C.1.17,-0.07230246,-0.03212876,0.1376181,-0.07166259875917237,-0.02893473734984386,0.1290022422580428,-113.23479575492753,0.26206685457133516,0.03494756878752022,0.008351749370114903,-0.0038849054281479924,0.009211091560008926
sitona_trochanter_aligned,18,C.1.18,-0.1029563,-0.06042434,0.1240254,-0.10036474104494317,-0.057160429774158535,0.11531223092563173,-122.77803294388235,0.2629258699220474,0.030805044301854396,0.009210764720827158,-0.0029069599852735257,0.009658602543764565
sitona_trochanter_aligned,19,C.1.19,-0.1288054,-0.08384967,0.09741477,-0.1260130275512002,-0.08485190198825768,0.09527858288009991,-132.36897981930937,0.25681926979895775,0.03049706739556555,0.003104164597737491,0.0019311318992972734,0.0036558320889135626
sitona_trochanter_aligned,20,C.1.20,-0.1573687,-0.1112438,0.06378178,-0.15165888486640608,-0.11655143495757017,0.06343940396663765,-143.98647479242516,0.2562649441299623,0.029707369872011252,0.002549838928742054,0.00737485731986267,0.007803217224379952
sitona_trochanter_aligned,21,C.1.21,-0.179951,-0.1335763,0.02268926,-0.17028371330181313,-0.1452606369513631,0.024511830162475726,-155.62606413988004,0.25566329761444273,0.031236705726537063,0.0019481924132224715,0.0151494709615927,0.015274224173262498
sitona_trochanter_aligned,22,C.1.22,-0.1913348,-0.1515921,-0.02467322,-0.180968908062433,-0.17008965448605778,-0.02009790473053924,-167.33981251924504,0.2521167261978603,0.031435241546454364,-0.001598379003359962,0.02163307495485957,0.021692043413218447
sitona_trochanter_aligned,23,C.1.23,-0.1900913,-0.1614237,-0.06332219,-0.1833054335482996,-0.18598731431352855,-0.057177279327600125,-176.4088524892896,0.24574462193969823,0.029909123989263,-0.007970483261522027,0.02497299452195653,0.02621410038158608
sitona_trochanter_aligned,24,C.1.24,-0.1819424,-0.1685283,-0.1017289,-0.18018938461490805,-0.1988892649913216,-0.09627968228482883,-185.67633167090162,0.238492127349912,0.02684885970751092,-0.015222977851308273,0.026885240880277387,0.030895877263025888
sitona_trochanter_aligned,25,C.1.25,-0.1693275,-0.1760883,-0.1388188,-0.17121714103551514,-0.20837961237131675,-0.13660604611226673,-195.19006640371188,0.23421073238102177,0.02075830904933386,-0.019504372820198485,0.025899330465543706,0.03242215103401894
sitona_trochanter_aligned,26,C.1.26,-0.1546063,-0.1900914,-0.1765343,-0.15588178077584705,-0.2140581694104838,-0.17750048179138195,-205.07600694849884,0.23876958157223424,0.008358823674262217,-0.014945523628986018,0.018804194157003316,0.024020124779835263
sitona_trochanter_aligned,27,C.1.27,-0.1369762,-0.2054931,-0.2124124,-0.13651400151754403,-0.21547958241029583,-0.21341425606136483,-214.238766389031,0.24799474162491575,-0.007101873963674489,-0.00572036357630451,0.008259819277134003,0.010047247082461234
sitona_trochanter_aligned,28,C.1.28,-0.1125186,-0.2130802,-0.2467564,-0.112403689707574,-0.21323800337310056,-0.2467124232972814,-223.4787861371595,0.2537266343344024,-0.020119702250499492,1.1529133182142104e-05,0.00019976813894466644,0.0002001005503474227
sitona_trochanter_aligned,29,C.1.29,-0.08754668,-0.2118131,-0.2761979,-0.08670484230545558,-0.20807202105134698,-0.2739314057291374,-231.95817943623712,0.25759205096072935,-0.027062449211155307,0.0038769457595090873,-0.0021933194618405927,0.004454364004419011
sitona_trochanter_aligned,30,C.1.30,-0.05910622,-0.20303,-0.3008153,-0.057851214719387895,-0.20004993576076813,-0.29750461082220514,-240.51040300002364,0.2581975606074568,-0.03060855219855732,0.004482455406236541,-0.0011506856596754272,0.004627794718468063
sitona_trochanter_aligned,31,C.1.31,-0.02761003,-0.1914878,-0.3199667,-0.0266744577064092,-0.18947968630815626,-0.31662010088241005,-249.05241816080795,0.2576948809465745,-0.0345597074743906,0.0039797757453542415,-0.0005185815137944293,0.004013420208470437
sitona_trochanter_aligned,32,C.1.32,0.008155759,-0.1788485,-0.3331558,0.007395457573930168,-0.17618696914138615,-0.33127121271612814,-257.89333643258624,0.2562013100491523,-0.041028033100868305,0.0024862048479320498,-0.0022432698131272777,0.0033486525648936893
sitona_trochanter_aligned,33,C.1.33,0.04491154,-0.1639921,-0.339574,0.04279448241113955,-0.16079782144178897,-0.34037793514190345,-266.79323967217357,0.2536394437963554,-0.04747488458122779,-7.56614048648685e-05,-0.003914835297454996,0.0039155663772161625
sitona_trochanter_aligned,34,C.1.34,0.08102787,-0.146437,-0.3401517,0.07906668326378799,-0.14358390368677007,-0.343586319912602,-275.8322088791763,0.2509861505420332,-0.052451712846853814,-0.002728954659187044,-0.004041761051695587,0.004876784384294894
sitona_trochanter_aligned,35,C.1.35,0.119026,-0.1259309,-0.3369492,0.11796645462103167,-0.12363289408753778,-0.3400404027455062,-285.6772820873099,0.2511178313870836,-0.05672769382716532,-0.002597273814136658,-0.0030353205320080043,0.003994871962607745
sitona_trochanter_aligned,36,C.1.36,0.1552873,-0.1039927,-0.3280945,0.1551339631123762,-0.10316318551404476,-0.3292577877846378,-295.50409883350574,0.25266496765457075,-0.05994584378064354,-0.00105013754664951,-0.0009808445781673556,0.001436956837696693
sitona_trochanter_aligned,37,C.1.37,0.1909966,-0.08386523,-0.31416,0.18901184029070586,-0.08324502204302105,-0.3119241887195849,-305.14466379554835,0.2565382533104154,-0.06530071095810225,0.0028231481091951505,-0.0011630201411483533,0.0030533229595260266
sitona_trochanter_aligned,38,C.1.38,0.2233326,-0.06817853,-0.2953427,0.21685998219394104,-0.0658452913334458,-0.29073175382997174,-313.9147546720942,0.2606370736423747,-0.07339150757429438,0.006921968441154447,-0.004548182210617392,0.00828248806345735
sitona_trochanter_aligned,39,C.1.39,0.250787,-0.0540971,-0.2690029,0.2411445764530391,-0.049727951905062975,-0.26500888382106214,-322.6380862342466,0.2616704628583158,-0.08156938132031688,0.007955357657095541,-0.00804551034551486,0.011314501852582586
sitona_trochanter_aligned,40,C.1.40,0.2713723,-0.04009686,-0.2369717,0.26173112277173605,-0.0351027924013366,-0.2348630532406769,-331.46290055895366,0.2602691310806777,-0.08716864573256199,0.006554025879457415,-0.008909778081064834,0.01106071429349927
sitona_trochanter_aligned,41,C.1.41,0.2852305,-0.02829747,-0.2074183,0.27595031992174324,-0.024175342059743754,-0.2060401467811086,-339.07877158741786,0.2599461196945846,-0.09048076668501123,0.0062310144933643286,-0.008135566711602796,0.010247584463445793
sitona_trochanter_aligned,42,C.1.42,0.2948492,-0.01767129,-0.1758068,0.28669108838063484,-0.015053476692429152,-0.17501648135050463,-346.72333227502594,0.25946057877583795,-0.09285175753694062,0.005745473574617688,-0.0064048316666737454,0.008604204511461575
sitona_trochanter_aligned,43,C.1.43,0.3026044,-0.007805049,-0.1434464,0.293721057100956,-0.008027481423819122,-0.14256744967816093,-354.3371183382253,0.261457719204535,-0.09498048068024104,0.007742614003314718,-0.0044483411862287865,0.008929491078075105
sitona_trochanter_aligned,44,C.1.44,0.3061632,0.002097607,-0.1010573,0.29723814030797613,-0.002408274910676189,-0.10066160255718393,-363.8595044781509,0.2636661940284875,-0.09668644318293797,0.009951088827267252,-0.0010450214912799765,0.010005810250319548
sitona_trochanter_aligned,45,C.1.45,0.3031646,0.009040157,-0.05804116,0.29492215813679873,-0.0005570595349861374,-0.058674983916644184,-373.3063608535616,0.2659415971380701,-0.09739973383573892,0.012226491936849826,0.0033104441942311026,0.012666733827035856
sitona_trochanter_aligned,46,C.1.46,0.2875341,0.01320288,-0.01747149,0.28700855776084544,-0.0025605195178544926,-0.017572718812944296,-382.7113561929894,0.26315350968319084,-0.09311971268531971,0.009438404481970586,0.012636760942263537,0.015772482565442923
sitona_trochanter_aligned,47,C.1.47,0.2733867,0.01335872,0.005218602,0.27951968007584416,-0.005710119403639108,0.006779301378283656,-388.46896467731233,0.2594542858527889,-0.08959135272770882,0.005739180651568643,0.019254393493707212,0.02009153710799291
sitona_trochanter_aligned,48,C.1.48,0.2580874,0.01146493,0.02706719,0.2699285744433805,-0.010420138883485919,0.030672554196911284,-394.3393045421334,0.2561067726851839,-0.08696655754312034,0.002391667483963633,0.025028947837893775,0.025142957328561404
sitona_trochanter_aligned,49,C.1.49,0.241327,0.01179728,0.04789963,0.2584880721537789,-0.016617064945196353,0.05336513529936035,-400.2061231481972,0.255231140933907,-0.08153607271248335,0.0015160357326867158,0.033607302479764144,0.033641479520216504
t_plicicollis_trochanter_aligned,1,C.1.01,0.09550202,0.2190703,-0.07817613,0.11267670462069584,0.23820675974735386,-0.0835172931098402,-7.596369547128612,0.21774689138639614,0.14164296088830947,-0.02472635659254019,-0.008849248358302489,0.02626217635399585
t_plicicollis_trochanter_aligned,2,C.1.02,0.09919713,0.2293907,-0.05010653,0.1118988386970738,0.24270518407149694,-0.051320972481154144,-15.183844098238371,0.2247398809924497,0.14014876559689016,-0.017733366986486615,-0.005060776203121719,0.01844136004896325
t_plicicollis_trochanter_aligned,3,C.1.03,0.09824252,0.2357629,-0.02066982,0.1075789387535152,0.2449931362477183,-0.01967038729701394,-22.656243631789888,0.2295888962188969,0.13729437096438882,-0.012884351760039436,-0.002712622675760203,0.013166808347412098
t_plicicollis_trochanter_aligned,4,C.1.04,0.09327075,0.2382891,0.008944452,0.09999260890138,0.24505955672094876,0.010939944175308428,-30.014303178136934,0.23287293722693903,0.13319927000405424,-0.009600310751997299,-0.0016847830089071452,0.00974702315181506
t_plicicollis_trochanter_aligned,5,C.1.05,0.08210161,0.2365884,0.04845698,0.0850013428057637,0.24164720475750195,0.05012564877012136,-39.84077700705589,0.23684040397028028,0.12579407587876226,-0.005632844008656046,-0.002248439404981206,0.0060650153654978394
t_plicicollis_trochanter_aligned,6,C.1.06,0.06672591,0.2305907,0.08609468,0.0654840427920956,0.2344024557437966,0.08555944927810791,-49.43398756080272,0.24138783939280287,0.11746722195672771,-0.0010854085861334573,-0.0038961617188251843,0.004044525675291432
t_plicicollis_trochanter_aligned,7,C.1.07,0.03912763,0.2220044,0.1153084,0.04127143670043172,0.22307976133248117,0.11785327241876688,-59.21991758735334,0.23909622113330184,0.1154580246730483,-0.0033770268456344843,0.0009079507012365938,0.0034969536445329102
t_plicicollis_trochanter_aligned,8,C.1.08,0.0114958,0.2117777,0.1368674,0.0165097522637985,0.20967959157320135,0.14278709440390727,-67.9971860302623,0.23702089601242146,0.1143429623063167,-0.005452351966514862,0.005903932261056761,0.008036451835848004
t_plicicollis_trochanter_aligned,9,C.1.09,-0.01621627,0.1981788,0.156358,-0.01051471972947994,0.19337699888080714,0.16337970110843636,-76.79231488851445,0.23720698443213675,0.11109824565328111,-0.005266263546799571,0.008782694585798587,0.010240569121477843
t_plicicollis_trochanter_aligned,10,C.1.10,-0.04208347,0.18077,0.1753489,-0.03818020599024943,0.17506169631059615,0.1787364290229672,-85.32450569145307,0.24116744870784299,0.10396397551487005,-0.0013057992710933386,0.0075888366753629226,0.007700360629329039
t_plicicollis_trochanter_aligned,11,C.1.11,-0.07367606,0.1517849,0.1955147,-0.07321322543223337,0.14955981497062673,0.19095698081154813,-95.83636764226256,0.24751359760309946,0.08978640909943233,0.005040349624163137,0.0007299993781103184,0.005092938584534791
t_plicicollis_trochanter_aligned,12,C.1.12,-0.1072037,0.1193573,0.2038468,-0.10811700260721754,0.12139945541222033,0.19547610960900677,-106.3604474177979,0.24984127255243005,0.07717009615806643,0.0073680245734937255,-0.004559077964486884,0.008664466400297104
t_plicicollis_trochanter_aligned,13,C.1.13,-0.1424009,0.08793703,0.1995007,-0.14229932195329192,0.09064504467761919,0.19202823214533854,-117.1270595060097,0.24912784275253497,0.06988591830863408,0.006654594773598643,-0.0043471606632279345,0.007948675199850782
t_plicicollis_trochanter_aligned,14,C.1.14,-0.1696314,0.06177746,0.189326,-0.16854653575519585,0.06424163497165664,0.18310149157351768,-126.06252230418109,0.2483971084605803,0.06471015700198199,0.005923860481643978,-0.0033017375525560603,0.00678185770065568
t_plicicollis_trochanter_aligned,15,C.1.15,-0.1941932,0.03595226,0.1732291,-0.19223321194609116,0.03743880942032521,0.16884857633897707,-135.04930921515503,0.2472575360549944,0.06022169323718239,0.004784288076058074,-0.0015332832421325626,0.0050239794879474095
t_plicicollis_trochanter_aligned,16,C.1.16,-0.2147344,0.01176186,0.1503759,-0.21271660034286471,0.010674526224602937,0.14949999459331353,-144.11973293206316,0.24430883930857925,0.057068208591103356,0.0018355913296429216,0.0016283810817670527,0.002453776778135507
t_plicicollis_trochanter_aligned,17,C.1.17,-0.2266276,-0.008245176,0.1291475,-0.22635273132992415,-0.010376267680561851,0.13057710914567644,-151.45035451078863,0.24130466164546624,0.05263714049012261,-0.0011685863334700841,0.0023011503269838294,0.002580869397344805
t_plicicollis_trochanter_aligned,18,C.1.18,-0.2343612,-0.02788935,0.1057653,-0.23714734398195542,-0.030728120470722056,0.10893930069312123,-158.82457289608558,0.23774775167153547,0.04708996790412216,-0.0047254963074008505,0.0018881687218849908,0.005088761781962677
t_plicicollis_trochanter_aligned,19,C.1.19,-0.2403161,-0.04756075,0.08189054,-0.244858442820129,-0.050196867850239926,0.0847932749508721,-166.281884393036,0.23652368567973972,0.0407911483584315,-0.0059495622991966035,0.0007813925127132934,0.0060006554484444054
t_plicicollis_trochanter_aligned,20,C.1.20,-0.246582,-0.06895737,0.05019261,-0.24969787137953786,-0.07248037350430173,0.052216507880027505,-175.5633849623517,0.23774064993862218,0.035501844890692934,-0.0047325980403141454,0.001954197165779273,0.005120192454774064
t_plicicollis_trochanter_aligned,21,C.1.21,-0.2479951,-0.08528154,0.01507584,-0.24905481940200364,-0.09227962360584742,0.01751678975792463,-184.88970131479243,0.2379142285166667,0.03299317189366879,-0.004559019462269637,0.005938834618742324,0.007486949651635547
t_plicicollis_trochanter_aligned,22,C.1.22,-0.2439779,-0.1012167,-0.02001948,-0.2429159945497651,-0.10894591206103706,-0.017826953597354377,-194.12228011341776,0.2394225870580864,0.028134219507918654,-0.0030506609208499347,0.0075079292912237855,0.008104044317254032
t_plicicollis_trochanter_aligned,23,C.1.23,-0.2352475,-0.1145699,-0.04656587,-0.23441385359056993,-0.11968545276661588,-0.045345421586454146,-201.29404933845208,0.24055229256461727,0.02059926443354807,-0.0019209554143190533,0.0049662129505601855,0.00532478551437648
t_plicicollis_trochanter_aligned,24,C.1.24,-0.2222992,-0.1270145,-0.07180026,-0.2229993305284126,-0.12823252330663706,-0.07191120308312599,-208.32845291056427,0.24121011381461915,0.01136040274716494,-0.00126313416431717,0.0006249511844574113,0.001409280632102728
t_plicicollis_trochanter_aligned,25,C.1.25,-0.2064254,-0.1358814,-0.09687307,-0.2084708404095334,-0.13481444496896816,-0.09795861960435454,-215.45438846458433,0.24117678542741708,0.0035787144773357384,-0.0012964625515192452,-0.002195409370304039,0.0025496347681012227
t_plicicollis_trochanter_aligned,26,C.1.26,-0.1849111,-0.1436282,-0.1315665,-0.18442464596858651,-0.14032679299935075,-0.13103882896274227,-225.08719772247605,0.24492911417068564,-0.0032527251155386816,0.002455866191749312,-0.0023201473402346606,0.003378514826395624
t_plicicollis_trochanter_aligned,27,C.1.27,-0.1580556,-0.1435064,-0.1632728,-0.15576134508044115,-0.1419532830494932,-0.1608573948186909,-234.74964680352423,0.24610720841545258,-0.007108289335485655,0.0036339604365162592,0.000551626353250765,0.003675589760537252
t_plicicollis_trochanter_aligned,28,C.1.28,-0.1265468,-0.1389186,-0.1899685,-0.12333806688815038,-0.13978992741391616,-0.18635861183862582,-244.39196359750323,0.24606998696621354,-0.011034084080759966,0.0035967389872772204,0.0033391527129425624,0.0049077970804579365
t_plicicollis_trochanter_aligned,29,C.1.29,-0.09960156,-0.1337297,-0.2048741,-0.09709143193979475,-0.1358269760757976,-0.2021788052802185,-251.60155291752443,0.24447156245479867,-0.015655072242682845,0.0019983144758623506,0.0037377349690398917,0.004238386891639886
t_plicicollis_trochanter_aligned,30,C.1.30,-0.07135506,-0.1294758,-0.2174953,-0.06979089209339764,-0.13005495759030933,-0.2148154576928853,-258.7483153680972,0.2448970439408768,-0.022346554072467807,0.002423795961940478,0.002022081274415231,0.0031565169959085586
t_plicicollis_trochanter_aligned,31,C.1.31,-0.04210345,-0.1224826,-0.2259002,-0.041479861808432605,-0.1225660598013068,-0.22423279110303707,-265.9253795708281,0.24403462770286255,-0.028506390357578758,0.0015613797239262261,0.0008591702732750897,0.0017821560539884266
t_plicicollis_trochanter_aligned,32,C.1.32,-0.01249071,-0.1136535,-0.231442,-0.01234348278865648,-0.11345075580089707,-0.23024844572850864,-273.1852056007267,0.24366636498702474,-0.03416747217752387,0.0011931170080884124,0.0002526354409723774,0.0012195707691746206
t_plicicollis_trochanter_aligned,33,C.1.33,0.01702316,-0.1031092,-0.2332654,0.016983242136366844,-0.10295514392727984,-0.2326163077834931,-280.4735662947113,0.24314020848261447,-0.03945196440837847,0.000666960503678149,4.2557037517169085e-05,0.0006683168521808
t_plicicollis_trochanter_aligned,34,C.1.34,0.04665148,-0.09280057,-0.23206,0.04575048016945092,-0.09143437139923752,-0.23126641962991148,-287.7104528260282,0.24371000678790136,-0.04586670007115258,0.0012367588089650383,-0.0013336029257661707,0.0018188098073093396
t_plicicollis_trochanter_aligned,35,C.1.35,0.07733523,-0.08030663,-0.2251469,0.07592855938582205,-0.07805593386852709,-0.22566858642982734,-295.5230732856169,0.24275080022161402,-0.05266314669641322,0.00027755224267769774,-0.0026906275804484004,0.0027049051783907163
t_plicicollis_trochanter_aligned,36,C.1.36,0.1066832,-0.06736384,-0.2143501,0.10477468506627027,-0.06398443222357066,-0.21581304637282533,-303.3573114033589,0.2421856856329744,-0.059564666066181646,-0.000287562345961917,-0.004137674003423704,0.004147654549431923
t_plicicollis_trochanter_aligned,37,C.1.37,0.13439,-0.053905,-0.2003299,0.13177644001105862,-0.04956787455404478,-0.20182603388522916,-311.21007967067067,0.24251870250806656,-0.06617430039065451,4.545452913023995e-05,-0.005279934037283033,0.005280129690857835
t_plicicollis_trochanter_aligned,38,C.1.38,0.1530774,-0.03969701,-0.1839907,0.15310710306258346,-0.03719660412471072,-0.18669151497926084,-317.95990533135966,0.24011350843734394,-0.06841853531785315,-0.0023597395415923816,-0.002824702225218253,0.0036806675162676227
t_plicicollis_trochanter_aligned,39,C.1.39,0.1702154,-0.02622207,-0.1654761,0.1725845216211888,-0.024975183522424678,-0.16870913240569982,-324.7700058502155,0.23835298648554323,-0.07113739180469598,-0.00412026149339309,-0.0008021264902196096,0.0041976138078972675
t_plicicollis_trochanter_aligned,40,C.1.40,0.1860695,-0.01321594,-0.1455372,0.18985818623124465,-0.013177394450942057,-0.14811321287040027,-331.618644920471,0.2380201934095601,-0.07402567210302731,-0.004453054569376225,0.0010778573323034497,0.004581645056815595
t_plicicollis_trochanter_aligned,41,C.1.41,0.2016674,0.002030754,-0.121233,0.20648932817731597,-0.0005840500216996447,-0.12183872018972214,-339.4469587341852,0.239060977246493,-0.0762166554261324,-0.0034122707324433232,0.0043372222465350285,0.005518612902471724
t_plicicollis_trochanter_aligned,42,C.1.42,0.2139358,0.01651161,-0.09465782,0.21949752570261372,0.010702004841504145,-0.0932362036896949,-347.2374133657349,0.240455027304455,-0.07806382359953223,-0.002018220674481319,0.007914043412286657,0.008167331132166802
t_plicicollis_trochanter_aligned,43,C.1.43,0.2251554,0.02840957,-0.06639117,0.22863629524459392,0.020280328011696935,-0.06329350296773503,-354.8763879419347,0.24372329770721096,-0.0820101575712525,0.0012500497282746381,0.009286233021405849,0.009369991891725804
t_plicicollis_trochanter_aligned,44,C.1.44,0.2354291,0.03833938,-0.02986961,0.23462624527126566,0.029275946967451075,-0.026595578714877433,-363.8051148818274,0.247900031852891,-0.08950915540655012,0.005426783873954677,0.008003729861277011,0.009670040067492554
t_plicicollis_trochanter_aligned,45,C.1.45,0.2391158,0.0433901,0.008845814,0.235519943966374,0.03550484351570882,0.01056587495066462,-372.60154489287345,0.24960622277423503,-0.09842318052296989,0.007132974795298702,0.005214089631110657,0.008835499992169201
t_plicicollis_trochanter_aligned,46,C.1.46,0.2373456,0.04500625,0.0479897,0.2315356881740668,0.03884122941040072,0.04764385794947143,-381.33949841657915,0.25068372402199374,-0.10760664645338679,0.008210476043057413,0.0021142951935798145,0.008478334802260118
t_plicicollis_trochanter_aligned,47,C.1.47,0.2327893,0.04404315,0.07637036,0.22564661280510628,0.03936812198973613,0.07435298305578943,-387.72105334833464,0.25124145550259597,-0.11441343229235743,0.008768207523659644,-0.00024942697913522317,0.008771754499293906
t_plicicollis_trochanter_aligned,48,C.1.48,0.2240409,0.04000744,0.1034691,0.21735358596158655,0.03822307133715307,0.10039044447945455,-394.1013219264372,0.24954727966812845,-0.12131547882955822,0.0070740316891921284,-0.0027093054548723936,0.007575107945600281
t_plicicollis_trochanter_aligned,49,C.1.49,0.213395,0.03363231,0.1294147,0.2067780562265691,0.03537299606445672,0.1254705348485312,-400.48560575506053,0.24780910385553603,-0.12887342294507004,0.00533585587659971,-0.005822285949861584,0.007897491476272729
t_plicicollis_trochanter_aligned,50,C.1.50,0.2036744,0.02616023,0.1513022,0.19590695178957568,0.03152163911420319,0.1461635761802841,-406.0113195804167,0.24708101823611495,-0.13660667398705337,0.004607770257178623,-0.009708340095458972,0.01074632095891597
t_plicicollis_trochanter_aligned,51,C.1.51,0.1932043,0.01660016,0.1719999,0.1837181008842496,0.026459013333732934,0.16550257710338695,-411.47250917755207,0.2463511371929386,-0.14534171813584482,0.0038778892140022836,-0.014641111391779524,0.015145962087057152
t_plicicollis_trochanter_aligned,52,C.1.52,0.1806132,0.004750134,0.1901772,0.1702267295333831,0.020167919234486117,0.18356254994371948,-416.9315168294509,0.24385089261593915,-0.1541849211259517,0.0013776446370028228,-0.019683560676661917,0.019731712182618488
t_pseudonastus_trochanter_aligned,1,C.1.01,0.05208942,0.1964841,-0.002934732,0.0654333122522773,0.209469957932048,0.004003212269031678,-38.00602677847029,0.22569294601710158,0.16006856973746802,-0.01984135479854715,-0.0010712969289974517,0.019870255090257652
t_pseudonastus_trochanter_aligned,2,C.1.02,0.04486693,0.1923205,0.04497662,0.04433305678138767,0.2015346214747729,0.04553826639182247,-48.86860600602272,0.23996521646766023,0.14522007137308562,-0.005569084347988501,-0.007381449814220784,0.00924664814053557
t_pseudonastus_trochanter_aligned,3,C.1.03,0.02092955,0.1809567,0.08575657,0.017012629805610857,0.1877183412135176,0.08360678232465163,-60.09859020314596,0.2448832471313093,0.1356960312355259,-0.000651053684339431,-0.008078352050928569,0.008104544574412129
t_pseudonastus_trochanter_aligned,4,C.1.04,-0.01158506,0.1646339,0.118025,-0.014773596352652574,0.16840549797569634,0.1154562126742372,-71.35504554289058,0.24657512137158527,0.12945770193674605,0.0010408205559365447,-0.0054687362578390505,0.005566900725490207
t_pseudonastus_trochanter_aligned,5,C.1.05,-0.04515713,0.143895,0.138033,-0.04638107187883598,0.14645029694269124,0.13802233312180084,-81.60788817525355,0.24456518771835606,0.12420494024245725,-0.0009691130972926676,-0.0026624255435677537,0.0028333178378689328
t_pseudonastus_trochanter_aligned,6,C.1.06,-0.07995967,0.1194187,0.1501634,-0.07965825580083533,0.1205847549217295,0.15389744821921153,-91.95871653052599,0.24163454730836,0.1191620555470517,-0.003899753507288717,0.00043078217898785394,0.003923474315366987
t_pseudonastus_trochanter_aligned,7,C.1.07,-0.1145912,0.09259552,0.1563898,-0.11343931844944899,0.09131417416823197,0.16245229256466934,-102.4182049285503,0.240329672632089,0.1140642522253426,-0.00520462818355974,0.0035544816520353766,0.0063025783885454515
t_pseudonastus_trochanter_aligned,8,C.1.08,-0.1416799,0.06748261,0.1596352,-0.1405909077592199,0.0652665206492882,0.16369470430012686,-111.06678024489396,0.2424559574604415,0.10733114345749999,-0.003078343355207236,0.003619438279763522,0.004751476746608991
t_pseudonastus_trochanter_aligned,9,C.1.09,-0.1670059,0.04043753,0.1581694,-0.16593303409865978,0.03844561195982869,0.15976864307589117,-119.5914856371547,0.24471453408787772,0.09965757692779144,-0.0008197667277710097,0.0026465713005403737,0.002770623961638312
t_pseudonastus_trochanter_aligned,10,C.1.10,-0.190289,0.01246291,0.1510769,-0.1890734292894947,0.011153458399128038,0.1509406990085295,-128.0579242643492,0.24628635449035152,0.09198252555602963,0.0007520536747027962,0.0016264198805068897,0.0017918778857227132
t_pseudonastus_trochanter_aligned,11,C.1.11,-0.2156525,-0.01993018,0.134839,-0.21332530983930806,-0.02173087760974791,0.1342375409507581,-138.20234791842907,0.24727623868820875,0.08482882959468471,0.0017419378725600232,0.002446575435548456,0.003003344621199534
t_pseudonastus_trochanter_aligned,12,C.1.12,-0.2377155,-0.05117137,0.1126223,-0.2329089348490347,-0.05394481309967142,0.11150165434419995,-148.31971975042262,0.24916405166966382,0.07877429635493778,0.003629750854015096,0.004344630087962566,0.005661351593343473
t_pseudonastus_trochanter_aligned,13,C.1.13,-0.2526244,-0.08094802,0.0835122,-0.24711920098339657,-0.08467287511700919,0.08358177584923021,-158.40430140871575,0.24870486143265094,0.072345296201842,0.003170560617002216,0.00584244366920483,0.006647300403465857
t_pseudonastus_trochanter_aligned,14,C.1.14,-0.2580397,-0.105858,0.05644514,-0.2544820666108355,-0.10861481324088626,0.057057286171780394,-166.78509038768087,0.24718034359470673,0.06414871915255704,0.001646042779057999,0.004233443123742202,0.00454219082739257
t_pseudonastus_trochanter_aligned,15,C.1.15,-0.2582795,-0.1300207,0.02818652,-0.25755202747056444,-0.130551445896903,0.028350182231493604,-175.11451026786057,0.24586885281195542,0.05421999738315042,0.0003345519963066923,0.0008519200525562382,0.0009152556004637332
t_pseudonastus_trochanter_aligned,16,C.1.16,-0.2549901,-0.1525144,-0.0012362,-0.25624113895843154,-0.150327041581241,-0.002121233477655582,-183.4647246575597,0.2457004234792338,0.044138952316367976,0.00016612266358506655,-0.0026655811457998893,0.0026707526250479424
t_pseudonastus_trochanter_aligned,17,C.1.17,-0.2469714,-0.1729818,-0.0368378,-0.24930441009805612,-0.1698261160316486,-0.03815309927574451,-193.01268544979106,0.24532820802865665,0.035165659383300386,-0.00020609278699207367,-0.004133862040957058,0.004138996208081839
t_pseudonastus_trochanter_aligned,18,C.1.18,-0.2345654,-0.1886056,-0.07361573,-0.23650176698772227,-0.1857799858029786,-0.07478038680246417,-202.65266358883034,0.24547673344390075,0.02810462295463251,-5.7567371747974105e-05,-0.003617557762743462,0.003618015777892012
t_pseudonastus_trochanter_aligned,19,C.1.19,-0.218069,-0.198963,-0.1106474,-0.2180095009014613,-0.19775487747020282,-0.11074389079868353,-212.34395626179258,0.2462833853145003,0.023149893614782147,0.0007490844988515821,-0.0009546114798918658,0.0012134292991192583
t_pseudonastus_trochanter_aligned,20,C.1.20,-0.2050584,-0.2036005,-0.1330558,-0.20374209559295994,-0.2030970666904101,-0.13233035681116762,-218.41092683842277,0.24703093073443882,0.019857651879528062,0.0014966299187900989,0.0005219857235628464,0.001585045806726418
t_pseudonastus_trochanter_aligned,21,C.1.21,-0.1892937,-0.2071056,-0.1538427,-0.18768826516501044,-0.20673419411788163,-0.15273700151388409,-224.4312315681982,0.24730336837746628,0.015502581213664175,0.00176906756181755,0.0008990731019188417,0.00198442245524211
t_pseudonastus_trochanter_aligned,22,C.1.22,-0.1709432,-0.2096866,-0.1725379,-0.1700762694012918,-0.20870356588560948,-0.17171217974068248,-230.39310352099582,0.2470822568808491,0.009857524823559359,0.001547956065200362,-5.975533356006811e-05,0.0015491089954162234
t_pseudonastus_trochanter_aligned,23,C.1.23,-0.1368127,-0.2091627,-0.1997595,-0.1373109305211964,-0.208429359470573,-0.20007080958860912,-240.35139827399766,0.24551840977729875,0.0011502199239297915,-1.5891038349979958e-05,-0.0009395121708695234,0.0009396465528654207
t_pseudonastus_trochanter_aligned,24,C.1.24,-0.1002198,-0.2041981,-0.223049,-0.10077746735731422,-0.20381742786536472,-0.22364753303311652,-250.39958628236138,0.2450872192896297,-0.006592225026631956,-0.00044708152601902196,-0.000783749996061071,0.0009023003641987864
t_pseudonastus_trochanter_aligned,25,C.1.25,-0.06110568,-0.1949214,-0.2400829,-0.061629880040951726,-0.19515209824160518,-0.2414085319113361,-260.47736563666007,0.24418548116259525,-0.01424568689521748,-0.0013488196530534735,-0.0005157449655621752,0.001444059322176947
t_pseudonastus_trochanter_aligned,26,C.1.26,-0.02030264,-0.182626,-0.2494221,-0.02105929647842958,-0.1829039205050481,-0.25264867009473735,-270.55319101344804,0.2424357754065289,-0.022858038364886108,-0.00309852540911984,-0.001208165426904469,0.0033257365213932655
t_pseudonastus_trochanter_aligned,27,C.1.27,0.02017488,-0.1664713,-0.2513945,0.020299217549323893,-0.1674462790293231,-0.2569553496655763,-280.7483367371387,0.23996670655223004,-0.030607514779981287,-0.005567594263418685,-0.0009439211062792754,0.005647042848866273
t_pseudonastus_trochanter_aligned,28,C.1.28,0.05929576,-0.1473808,-0.2484955,0.06132474970034212,-0.1493419694156476,-0.25384882948280574,-291.0789211471121,0.2395496150450195,-0.03688674667164049,-0.005984685770629217,0.0008970270114497811,0.0060515387491482655
t_pseudonastus_trochanter_aligned,29,C.1.29,0.0887604,-0.1318306,-0.2436682,0.09146085451527328,-0.13427517027318442,-0.24636729089317289,-299.0066086198309,0.2417386653429879,-0.041535959389402466,-0.003795635472660819,0.002479238072046442,0.004533593503966317
t_pseudonastus_trochanter_aligned,30,C.1.30,0.1173939,-0.1160763,-0.2355896,0.11940684940822092,-0.11887027350583651,-0.234796748614894,-306.80323931888694,0.2451580402365861,-0.046630019157300626,-0.00037626057906262056,0.0035135871366569886,0.003533676073190341
t_pseudonastus_trochanter_aligned,31,C.1.31,0.1430851,-0.09940682,-0.2216111,0.1451297557289494,-0.10331343407157517,-0.21928745038304173,-314.57290037324805,0.2464496584663826,-0.051351457110983684,0.0009153576507338612,0.00489935898539673,0.004984134638685541
t_pseudonastus_trochanter_aligned,32,C.1.32,0.1659426,-0.08479191,-0.203525,0.1673851107902597,-0.0885732419397004,-0.2009462658078921,-322.0116915269828,0.24700682607143512,-0.05753058351151306,0.0014725252557863944,0.004567367734574429,0.00479887264383631
t_pseudonastus_trochanter_aligned,33,C.1.33,0.1853453,-0.07095161,-0.1812725,0.18698131963482625,-0.07432241232064186,-0.17948224568178384,-329.44632224216946,0.24624270146285315,-0.06385011142636769,0.0007084006472044269,0.0040917047275326884,0.004152574990806702
t_pseudonastus_trochanter_aligned,34,C.1.34,0.2030237,-0.05869291,-0.1567706,0.20356165683818744,-0.06094836344935324,-0.15537021561005376,-336.8359167800181,0.24654853947072836,-0.07123853588897491,0.00101423865507963,0.002511745252229891,0.0027087901841148895
t_pseudonastus_trochanter_aligned,35,C.1.35,0.2159156,-0.04756424,-0.1301765,0.21672147276475376,-0.048962254108038866,-0.12956945104232262,-344.0349422949359,0.2456496698933028,-0.07768875703005605,0.00011536907765408166,0.001720195562192245,0.001724059974671631
t_pseudonastus_trochanter_aligned,36,C.1.36,0.2270874,-0.03838473,-0.1021004,0.22671086031461793,-0.03833113359055923,-0.10205172122828576,-351.18799506037834,0.24584585575232756,-0.08525500048280289,0.00031155493667883727,-0.00022351253660407342,0.0003834375211011225
t_pseudonastus_trochanter_aligned,37,C.1.37,0.2350358,-0.02999724,-0.07270992,0.23353070026180567,-0.02918228213533801,-0.07296210948965692,-358.36457376861006,0.24637661012185696,-0.09218367267734792,0.0008423093062082387,-0.0015111572103706857,0.001730052334983098
t_pseudonastus_trochanter_aligned,38,C.1.38,0.2395034,-0.02251801,-0.04370815,0.2370070128597274,-0.022015052837561097,-0.04398054892436374,-365.2672189800359,0.24736699050153058,-0.09788717844418404,0.0018326896858818498,-0.0017889562181963863,0.0025610770850096653
t_pseudonastus_trochanter_aligned,39,C.1.39,0.2414749,-0.01628171,-0.01414044,0.237456244510343,-0.01664236677821873,-0.014585126850798385,-372.13063828020034,0.2490907071680434,-0.1034499777026714,0.003556406352394681,-0.0019568815774453473,0.004059237816573251
t_pseudonastus_trochanter_aligned,40,C.1.40,0.2386166,-0.01209673,0.01571443,0.2349300620121637,-0.013150238634504208,0.015068698252421372,-379.01237224190055,0.24919860558414267,-0.10820247472942744,0.0036643047684939423,-0.0013001087770483477,0.003888111658448868
t_pseudonastus_trochanter_aligned,41,C.1.41,0.2335531,-0.01108375,0.04257555,0.23017980629373708,-0.01172349782848961,0.0415394307930494,-385.19663481819214,0.2487497292589409,-0.11335178015275994,0.003215428443292173,-0.001588379882096826,0.003586353401964486
t_pseudonastus_trochanter_aligned,42,C.1.42,0.2261431,-0.01238134,0.06887477,0.2231757975911287,-0.011980113079380378,0.0675197531745587,-391.3757700528487,0.24788104657962573,-0.11892143052302338,0.002346745763977004,-0.002301026193681471,0.003286630071175087
t_pseudonastus_trochanter_aligned,43,C.1.43,0.2165851,-0.01498594,0.09437156,0.2139665422701314,-0.013976488885024702,0.09289225005010504,-397.59093297513493,0.24729450900289476,-0.1241450191381821,0.0017602081872460373,-0.002639291799629106,0.003172411396089368
t_pseudonastus_trochanter_aligned,44,C.1.44,0.2059127,-0.01812008,0.1154207,0.20419637911138244,-0.017185604645051533,0.11432706768051328,-403.0496089432519,0.2465705898804784,-0.12778165666912825,0.0010362890648296652,-0.0019852300133867077,0.0022394269874092695
t_pseudonastus_trochanter_aligned,45,C.1.45,0.1931962,-0.02249701,0.1350655,0.19289109820018457,-0.02179168380625271,0.13490324717233315,-408.5429619905273,0.24537339579712886,-0.13088315355434246,-0.00016090501851986905,-0.0007687702536763972,0.0007854286268799677
t_pseudonastus_trochanter_aligned,46,C.1.46,0.1804003,-0.02841298,0.1542497,0.18026817391112201,-0.02774984437143871,0.15425508114122813,-414.0215378974768,0.24520647400416465,-0.1350121337091088,-0.00032782681148407766,-0.0005914090831080421,0.0006761916310562367
xylocleptes_bispinus_trochanter_aligned,1,C.1.01,0.06194311,0.2055582,-0.045698,0.08029715109467683,0.18652445523768604,-0.03846266820314266,67.03175163511358,0.2208032842039151,0.12447431464063564,-0.001947651683229551,0.027344303672125692,0.027413578576913566
xylocleptes_bispinus_trochanter_aligned,2,C.1.02,0.05011488,0.1852995,-0.005497554,0.061411201753826965,0.17495719657129588,-0.00034893822251702566,55.77256201152122,0.2203183356192831,0.10733839775836014,-0.0024326002678615455,0.015973754278137534,0.016157919723823237
xylocleptes_bispinus_trochanter_aligned,3,C.1.03,0.03296756,0.1609448,0.03026878,0.03764506153787086,0.15775816252001168,0.03327990303863537,44.37356633481028,0.22051217960697542,0.09153505848430354,-0.0022387562801692296,0.006007371416639228,0.006410970364886371
xylocleptes_bispinus_trochanter_aligned,4,C.1.04,0.0116595,0.1322543,0.06008863,0.010150074097324054,0.13543028115696332,0.06076331205901092,32.9221149996922,0.2210415437869233,0.07651769840861476,-0.0017093921002213353,-0.0031461718633137986,0.003580561233355243
xylocleptes_bispinus_trochanter_aligned,5,C.1.05,-0.005014594,0.1125539,0.07333417,-0.00869307382521646,0.11888787528192499,0.07449123157949242,25.627317462728506,0.2196529778337545,0.06919115334982802,-0.0030979580533901374,-0.006737351415410502,0.00741547356514058
xylocleptes_bispinus_trochanter_aligned,6,C.1.06,-0.02416666,0.09353736,0.08397362,-0.028657859659139414,0.10032965971262056,0.08524344147012863,18.14959486739515,0.21947040464552894,0.06453926114067818,-0.003280531241615703,-0.007560209726132108,0.008241277590902943
xylocleptes_bispinus_trochanter_aligned,7,C.1.07,-0.04397219,0.07379521,0.09169304,-0.048942932305800574,0.08037494484762372,0.09247960506497943,10.656943950537714,0.2200083128785443,0.06044627864508248,-0.0027426230086003422,-0.007816514144415738,0.008283711386640392
xylocleptes_bispinus_trochanter_aligned,8,C.1.08,-0.07086091,0.04690352,0.09237511,-0.07556241215017884,0.05237239052943156,0.09643661790856867,0.7404254644926805,0.21710196805110535,0.05713535058879447,-0.005648967836039298,-0.006049601326912421,0.008276987001752941
xylocleptes_bispinus_trochanter_aligned,9,C.1.09,-0.09661712,0.02001414,0.08461981,-0.1014833543087946,0.022772195858648425,0.09383781583154255,-9.327914606423919,0.2123719044327174,0.055107992035786375,-0.010379031454427257,-0.002921377422702539,0.01078233462557469
xylocleptes_bispinus_trochanter_aligned,10,C.1.10,-0.1214078,-0.007382751,0.07558987,-0.1257752603174861,-0.00771700517521744,0.08448259578001144,-19.564906932202817,0.21284554939018813,0.0523997086405979,-0.00990538649695652,-0.0003877184840286475,0.009912971667312786
xylocleptes_bispinus_trochanter_aligned,11,C.1.11,-0.1463867,-0.04018612,0.06223308,-0.1493107066506961,-0.04110092651999427,0.06652154359186718,-30.962374113398035,0.21748232150762306,0.04681229886313655,-0.005268614379521586,-0.00013895452856024117,0.0052704464555774905
xylocleptes_bispinus_trochanter_aligned,12,C.1.12,-0.1651199,-0.07301991,0.04103455,-0.16775241734817997,-0.07210320972939774,0.04199115178245054,-42.1042445901504,0.2206870402474924,0.03914217582494339,-0.002063895639652258,-0.002103784383771955,0.0029471297807830543
xylocleptes_bispinus_trochanter_aligned,13,C.1.13,-0.1890509,-0.1045408,0.02336746,-0.17978317665191737,-0.09775474528359443,0.014859818563707619,-52.120610539953915,0.23699043559897523,0.03486885477349994,0.014239499711830583,-0.0012481367857505171,0.014294096595418866
xylocleptes_bispinus_trochanter_aligned,14,C.1.14,-0.201005,-0.1257106,0.001561331,-0.185727853055412,-0.11536475737021933,-0.008358746102807388,-59.710624496631056,0.2436941907326057,0.0317660392189053,0.020943254845461057,-0.0004644186585798962,0.0209484034764553
xylocleptes_bispinus_trochanter_aligned,15,C.1.15,-0.2046881,-0.1418309,-0.02660151,-0.1887851377518005,-0.13124485648938453,-0.033640515622638756,-67.36966719035931,0.24310609040273568,0.028737308430459383,0.02035515451559103,0.0004287310092105053,0.02035966909436013
xylocleptes_bispinus_trochanter_aligned,16,C.1.16,-0.2010592,-0.1514752,-0.05759156,-0.18879389626273058,-0.14496132678147652,-0.060242197121055156,-75.00781180431032,0.23671505863574852,0.02661039893404453,0.013964122748603869,0.0022130009227095213,0.01413839089932048
xylocleptes_bispinus_trochanter_aligned,17,C.1.17,-0.1953209,-0.1606545,-0.08728906,-0.18573546567613664,-0.1563406262609798,-0.08766646256389143,-82.62518548233774,0.23291495766208237,0.023203356319282574,0.01016402177493772,0.002706501776672179,0.010518198063762524
xylocleptes_bispinus_trochanter_aligned,18,C.1.18,-0.1874472,-0.1688311,-0.1167895,-0.17950695647446083,-0.1653914089361519,-0.11591340942092597,-90.3601090634431,0.23104383590145328,0.01915800455403405,0.00829290001430863,0.0026218859462238783,0.008697498293321232
xylocleptes_bispinus_trochanter_aligned,19,C.1.19,-0.1740118,-0.1715854,-0.1452683,-0.17016050230876031,-0.1718268958666163,-0.14413568574278124,-98.12309562560489,0.22558026818303936,0.01541907295268069,0.0028293322958947154,0.002858060176973842,0.004021645088243869
xylocleptes_bispinus_trochanter_aligned,20,C.1.20,-0.1621041,-0.1740843,-0.1682806,-0.15995116260519154,-0.17514539270180632,-0.16745989766454056,-104.67443232509495,0.22375330689031028,0.01153654935210113,0.0010023710031656363,0.002330206394985776,0.0025366532027890315
xylocleptes_bispinus_trochanter_aligned,21,C.1.21,-0.1479343,-0.1745428,-0.1901122,-0.14763683259500196,-0.17652020379989714,-0.19014986589728172,-111.27090556727497,0.22161616738053236,0.007475476418371455,-0.0011347685066122881,0.0016469158451793847,0.002000007841160113
xylocleptes_bispinus_trochanter_aligned,22,C.1.22,-0.1330007,-0.1739158,-0.2114239,-0.13325534065614394,-0.17592021993437162,-0.2119535420557339,-117.93725942098882,0.22104491866301976,0.003620220111449614,-0.0017060172241248894,0.0012052249065045502,0.002088794351837867
xylocleptes_bispinus_trochanter_aligned,23,C.1.23,-0.1209015,-0.1724481,-0.2290024,-0.12007281739474948,-0.17395493756556335,-0.22883488234901025,-123.42437527475838,0.22233993275079958,0.001283486247045076,-0.00041100313634506724,0.0016782171774073912,0.0017278126265978043
xylocleptes_bispinus_trochanter_aligned,24,C.1.24,-0.1079221,-0.1695658,-0.2457587,-0.10586732848472351,-0.17072108750876944,-0.24449956099581233,-128.88182529533515,0.22383622422214164,-0.0007470634185874948,0.0010852883349969922,0.0024422029951862365,0.002672490643534064
xylocleptes_bispinus_trochanter_aligned,25,C.1.25,-0.09287964,-0.1659944,-0.260541,-0.09085297595049366,-0.16631443273920424,-0.2587450016950843,-134.2801570034039,0.22467665554213986,-0.004022985400402187,0.0019257196549952171,0.0019305444427283837,0.0027267926277926183
xylocleptes_bispinus_trochanter_aligned,26,C.1.26,-0.06377776,-0.1567191,-0.2802805,-0.06356782249825971,-0.15627423348999608,-0.2796756030944483,-143.42546724522128,0.22352855744072733,-0.010692902104076196,0.0007776215535826858,-5.643537994722254e-05,0.0007796667446454647
xylocleptes_bispinus_trochanter_aligned,27,C.1.27,-0.03354845,-0.1414897,-0.2935793,-0.03403238851521706,-0.14307626258235748,-0.2963221086290038,-152.7134177130188,0.21955375169550562,-0.015163555753815127,-0.0031971841916390298,0.00022888803882847866,0.003205366826056766
xylocleptes_bispinus_trochanter_aligned,28,C.1.28,-0.003024414,-0.1238142,-0.3024372,-0.0027114402594838986,-0.1269414072173211,-0.30804089356593556,-162.1929031609836,0.21643871143434573,-0.019048757841894064,-0.006312224452798915,0.0011977401975019702,0.006424854793940894
xylocleptes_bispinus_trochanter_aligned,29,C.1.29,0.02161467,-0.1103072,-0.3058371,0.022117328884659466,-0.11279062594751178,-0.31326500357664144,-169.60666073679826,0.2149133549467915,-0.023635166825719894,-0.00783758094035314,0.00040761125891871253,0.00784817315908518
xylocleptes_bispinus_trochanter_aligned,30,C.1.30,0.04647277,-0.09677564,-0.3056094,0.04684438416476962,-0.09759360528308322,-0.31491367588215446,-177.02521551315573,0.2135021038402484,-0.029196438839155764,-0.00924883204689625,-0.0013549242603676176,0.009347551229227286
xylocleptes_bispinus_trochanter_aligned,31,C.1.31,0.07017633,-0.08157197,-0.3027683,0.07142964735648127,-0.0814230880007019,-0.3128838717041872,-184.55261975420288,0.21270186220115384,-0.03340884543171067,-0.010049073685990811,-0.0017128570290166323,0.010194006138330745
xylocleptes_bispinus_trochanter_aligned,32,C.1.32,0.09150456,-0.06592137,-0.2987539,0.09398140258080481,-0.06564878172888122,-0.30751381763700125,-191.70788168320183,0.21367192322296044,-0.03607874947906335,-0.009079012664184205,-0.0007188460101206419,0.009107426120627314
xylocleptes_bispinus_trochanter_aligned,33,C.1.33,0.1130687,-0.05091647,-0.2936753,0.11497832458782228,-0.050106759601839905,-0.2990756873096941,-198.71295292871804,0.2170060689140775,-0.03962734101611911,-0.005744866973067142,-0.0006804289468940197,0.005785022047495516
xylocleptes_bispinus_trochanter_aligned,34,C.1.34,0.1338539,-0.03609414,-0.2856621,0.13427648343784773,-0.03501951102837572,-0.28784134115902305,-205.58947790739964,0.22051853673528612,-0.0435163770777679,-0.0022323991518585218,-0.0010482796595179032,0.0024662717242383645
xylocleptes_bispinus_trochanter_aligned,35,C.1.35,0.1531814,-0.02054187,-0.2720491,0.15296557648324396,-0.019556260605642098,-0.27297434494339434,-212.84955869161695,0.22191737149360444,-0.04727162065253183,-0.0008335643935402093,-0.0010859347474550729,0.001368971830940401
xylocleptes_bispinus_trochanter_aligned,36,C.1.36,0.1711435,-0.005864603,-0.2558407,0.16950266523042806,-0.005006848711902365,-0.25544004884724303,-220.0337588797602,0.22381059650455776,-0.05143468078651532,0.0010596606174131107,-0.0015702617240114102,0.001894360711689186
xylocleptes_bispinus_trochanter_aligned,37,C.1.37,0.1863849,0.008220926,-0.2366038,0.18382520256002552,0.00847907642265057,-0.23543079846676107,-227.1941558206942,0.22513655520174528,-0.05504867423681034,0.002385619314600629,-0.0015177106798438362,0.0028274768295969157
xylocleptes_bispinus_trochanter_aligned,38,C.1.38,0.1978028,0.01884454,-0.219059,0.1938438614902387,0.018619846853003108,-0.21731198604045876,-233.07591851471258,0.22664549986117916,-0.05844227475394057,0.0038945639740345095,-0.0018995026615836168,0.004333098072881626
xylocleptes_bispinus_trochanter_aligned,39,C.1.39,0.2066109,0.02828374,-0.1994539,0.20219033711850548,0.02777026970513062,-0.19788260339989583,-238.95432806781687,0.2270185161807382,-0.061568244324872415,0.004267580293593559,-0.002015380702545115,0.00471953397471182
xylocleptes_bispinus_trochanter_aligned,40,C.1.40,0.2115501,0.03662641,-0.178075,0.20883799394630967,0.03586241103624857,-0.1772002886285297,-244.86885165023844,0.22555285837503705,-0.06350533294413627,0.0028019224878924054,-0.0009238852841664352,0.002950310771165709
xylocleptes_bispinus_trochanter_aligned,41,C.1.41,0.217886,0.04610361,-0.1461804,0.2152419278371119,0.0453555892353992,-0.14575892603971086,-253.4099279288724,0.22534478818408377,-0.06795509281112783,0.00259385229693912,-0.001000111607621571,0.0027799807492203017
xylocleptes_bispinus_trochanter_aligned,42,C.1.42,0.2201652,0.05407324,-0.1133393,0.21780418563420165,0.052024720567010685,-0.11295890171221165,-261.97844862769864,0.2258969793273185,-0.07120864915057014,0.003146043440173857,0.00013391875422203377,0.0031488924338874146
xylocleptes_bispinus_trochanter_aligned,43,C.1.43,0.2219193,0.05948942,-0.07995155,0.2165661805565146,0.055572520418801785,-0.08028097631416194,-270.3741545226041,0.22937194405003178,-0.07616008655062273,0.006621008162887132,-0.0005184232911982255,0.006641273356960589
xylocleptes_bispinus_trochanter_aligned,44,C.1.44,0.2177273,0.06157898,-0.05411893,0.21308497831611967,0.05619189553430376,-0.05490927790918407,-276.9103706101206,0.22984794577250228,-0.07807813441647966,0.007097009885357636,0.0009104560186295066,0.007155171519587983
xylocleptes_bispinus_trochanter_aligned,45,C.1.45,0.2102467,0.060605,-0.02897263,0.20747393090483648,0.05488825369631223,-0.029936207039363318,-283.44963774410473,0.22875727845587399,-0.08005196145789094,0.006006342568729339,0.002285118468193643,0.006426345576345076
xylocleptes_bispinus_trochanter_aligned,46,C.1.46,0.203114,0.0593744,-0.003736506,0.1998802471888459,0.05166782380276086,-0.005814871986668163,-289.95411199103677,0.23074153275470724,-0.08245552041882533,0.007990596867562594,0.0032122329931277204,0.00861208912529585
xylosandrus_germanus_trochanter_aligned,1,C.1.01,-0.04174536,0.06311458,-0.378045,-0.036189743231985566,0.05621285843649672,-0.380318058852111,175.50033400461626,0.23005218697393168,0.10722736060489232,-0.0037030836918935106,0.008363767448295178,0.009146881149240409
xylosandrus_germanus_trochanter_aligned,2,C.1.02,-0.007305785,0.08351852,-0.3745779,-0.0029530146831640985,0.07721795135004199,-0.372422998752575,165.71050204106655,0.2346674878667632,0.10266085351297399,0.0009122172009380092,0.007902862387035971,0.00795533620471915
xylosandrus_germanus_trochanter_aligned,3,C.1.03,0.02421814,0.1031305,-0.3592133,0.02806154873961786,0.0979168595579005,-0.3581284424680189,155.96207907768303,0.23377199891534492,0.09723713445258621,1.672824951973184e-05,0.006567379494869332,0.0065674007997047505
xylosandrus_germanus_trochanter_aligned,4,C.1.04,0.0533334,0.1199792,-0.3372387,0.05609567167324869,0.11765174498812397,-0.3378748360500927,146.24156441218727,0.232291323846169,0.08995606690277039,-0.0014639468196561978,0.003362844095789293,0.00366767783527486
xylosandrus_germanus_trochanter_aligned,5,C.1.05,0.09126531,0.1414158,-0.2970893,0.09067193354773843,0.14374980178367658,-0.29825075364945064,131.88983491601408,0.23255516193991807,0.0781852587913545,-0.0012001087259071175,-0.002389220284136197,0.002673693048972927
xylosandrus_germanus_trochanter_aligned,6,C.1.06,0.1176294,0.1591959,-0.2470966,0.11558361131750117,0.16465984026894956,-0.24882316645590322,117.4250836067716,0.23196960716250614,0.06869178019366821,-0.001785663503319046,-0.005816556728482376,0.006084482420283507
xylosandrus_germanus_trochanter_aligned,7,C.1.07,0.1290758,0.1712456,-0.1902278,0.12927333823032588,0.17866340687061275,-0.19214190013955848,102.76358580715393,0.22909340017411023,0.06227744606494271,-0.004661870491714959,-0.006082238320296647,0.0076633321385940045
xylosandrus_germanus_trochanter_aligned,8,C.1.08,0.127652,0.1774636,-0.136814,0.13100835705321462,0.184095802677764,-0.13713798918220982,89.24937386904406,0.22711078968437035,0.05934447514329598,-0.006644480981454842,-0.0033476986878864744,0.007440175671164788
xylosandrus_germanus_trochanter_aligned,9,C.1.09,0.1168751,0.1782068,-0.08411437,0.12229537001693563,0.18174360636107667,-0.0822319034298086,75.65067557889212,0.22704914663407236,0.05766739643432024,-0.00670612403175283,0.0006781645455779106,0.006740326897126877
xylosandrus_germanus_trochanter_aligned,10,C.1.10,0.1003948,0.1702667,-0.03352594,0.10399914903623646,0.17157096551626624,-0.03128178638738158,62.189404462440805,0.22955483384797695,0.0527878750362494,-0.004200436817848235,0.0014439516917934931,0.004441696291842589
xylosandrus_germanus_trochanter_aligned,11,C.1.11,0.0742444,0.1487726,0.01549461,0.07451873484898114,0.1519810794901713,0.017153140919650117,47.52273012026208,0.23081464912458047,0.04307813654042024,-0.00294062154124472,-0.002114963359214116,0.0036221989260186815
xylosandrus_germanus_trochanter_aligned,12,C.1.12,0.04148634,0.1195449,0.05576292,0.037680178667020545,0.12483801435591976,0.054824068098232454,33.033044832932944,0.23359548592200632,0.032531682526188196,-0.00015978474381886376,-0.006584818555329156,0.00658675690844625
xylosandrus_germanus_trochanter_aligned,13,C.1.13,0.0003528595,0.08530666,0.08192861,-0.004320165132295502,0.09131572455078482,0.08006344853186406,18.51875940135784,0.2343843098301401,0.02521746981596282,0.0006290391643149207,-0.007812115783929239,0.007837400289111066
xylosandrus_germanus_trochanter_aligned,14,C.1.14,-0.02844312,0.06232685,0.09017019,-0.032339587050472775,0.06754479910026429,0.08886034024631986,9.296539818447288,0.23398902781216827,0.02252346298935461,0.00023375714634307765,-0.006638562514740545,0.0066426767696151495
xylosandrus_germanus_trochanter_aligned,15,C.1.15,-0.05801604,0.03886966,0.09081435,-0.060621792318222525,0.04234048735693232,0.0917540728779506,0.022722502212197515,0.23212071610673224,0.0211439166092053,-0.0016345545590929489,-0.004128910045792247,0.00444068314259142
xylosandrus_germanus_trochanter_aligned,16,C.1.16,-0.08725393,0.0151974,0.08765519,-0.08833314113795279,0.016292971674531007,0.08859268787801322,-9.292441320708164,0.23256237514134498,0.020016889576958564,-0.0011928955244802086,-0.00134939857465111,0.0018010764130362027
xylosandrus_germanus_trochanter_aligned,17,C.1.17,-0.1178735,-0.01288471,0.07673835,-0.11794815400988215,-0.013401076569629076,0.0777656833944188,-19.868078619929143,0.23273391751844785,0.017464486977414397,-0.0010213531473773352,0.0005333472668462548,0.0011522246129596664
xylosandrus_germanus_trochanter_aligned,18,C.1.18,-0.1454148,-0.04059992,0.05888289,-0.14450202081849858,-0.04231461880662771,0.05966933811143632,-30.422690707212418,0.2332117462186018,0.014528775012666532,-0.0005435244472233869,0.0020239663136735206,0.0020956761351923303
xylosandrus_germanus_trochanter_aligned,19,C.1.19,-0.1706876,-0.06741074,0.03679654,-0.16683732926504502,-0.06934674215368312,0.0352439263441765,-40.856604362789454,0.2366614438648417,0.011669922446102016,0.0029061731990165096,0.0035408269617540635,0.004580753020603277
xylosandrus_germanus_trochanter_aligned,20,C.1.20,-0.1912311,-0.09023188,0.01487373,-0.18215697290922045,-0.09055103417572236,0.009955942452616995,-49.736737612896796,0.2429122371614329,0.009177443536985928,0.00915696649560771,0.004772445998333955,0.01032600001010534
xylosandrus_germanus_trochanter_aligned,21,C.1.21,-0.2062962,-0.1103664,-0.01325167,-0.19354129901681363,-0.10945409131280646,-0.018514747547652713,-58.52808785010189,0.24626301976530823,0.0066152511662810045,0.012507749099483045,0.005897118276633436,0.013828224452337464
xylosandrus_germanus_trochanter_aligned,22,C.1.22,-0.2124535,-0.1247802,-0.04756928,-0.20084593039690996,-0.1259104892964657,-0.04973754959102977,-67.32461436088126,0.2430665591393745,0.0043785549742288744,0.009311288473549312,0.007349457528689947,0.011862319292771928
xylosandrus_germanus_trochanter_aligned,23,C.1.23,-0.2116364,-0.1336891,-0.08184244,-0.20379165400977425,-0.13893287240456992,-0.08113327457762143,-75.65038364788668,0.2370345801131205,0.0024136463761944343,0.00327930944729532,0.008876160984754,0.00946256330379825
xylosandrus_germanus_trochanter_aligned,24,C.1.24,-0.2072006,-0.140349,-0.1163474,-0.20268522874057354,-0.14949592875049536,-0.11454217510073508,-84.20590480070442,0.23194532255278866,0.00014941389956045527,-0.0018099481130365302,0.010199892545617076,0.01035923356788615
xylosandrus_germanus_trochanter_aligned,25,C.1.25,-0.1966227,-0.1457126,-0.1497254,-0.19727167955883151,-0.15710922475820713,-0.14879993227292138,-92.87197935901992,0.22644240552333084,-0.004871025557232922,-0.007312865142494351,0.008813780361951143,0.011452542113479652
xylosandrus_germanus_trochanter_aligned,26,C.1.26,-0.1763434,-0.1537264,-0.1848139,-0.18576242101532414,-0.16189712143000595,-0.1878070459573328,-102.8692881541588,0.22094069290757035,-0.017403957513912337,-0.012814577758254841,0.0004734608467590236,0.012823321266184264
xylosandrus_germanus_trochanter_aligned,27,C.1.27,-0.1506694,-0.1592772,-0.2166983,-0.16868707907209707,-0.16234999140853323,-0.22547384924250075,-112.96656527375781,0.21587284313122226,-0.03166746936625248,-0.017882427534602924,-0.009555514437363842,0.020275331580346476
xylosandrus_germanus_trochanter_aligned,28,C.1.28,-0.127799,-0.1642042,-0.2507467,-0.14596039335159114,-0.1583350868130608,-0.26105525124360734,-123.3212784937985,0.2202625611564006,-0.04343961520026715,-0.013492709509424577,-0.016985161668606034,0.021692139747254105
xylosandrus_germanus_trochanter_aligned,29,C.1.29,-0.1087947,-0.1612927,-0.2850828,-0.12039962665776288,-0.15065241990332068,-0.2906044401862785,-133.0416223458007,0.22955427784811508,-0.046678051656521106,-0.004200992817710109,-0.01614713760888041,0.016684675412322877
xylosandrus_germanus_trochanter_aligned,30,C.1.30,-0.08860056,-0.1489638,-0.3165295,-0.09236089686521931,-0.13989010702121787,-0.31484275892045305,-142.46230450509412,0.23774986409161603,-0.0436118934976183,0.003994593425790838,-0.009130189288573742,0.009965798165855001
xylosandrus_germanus_trochanter_aligned,31,C.1.31,-0.06188628,-0.1303696,-0.3386466,-0.06177336777125429,-0.1262250377678205,-0.33408885395972526,-151.89327984416042,0.23939551474839335,-0.04091689995799294,0.005640244082568163,-0.0024800888944761703,0.006161427938022905
xylosandrus_germanus_trochanter_aligned,32,C.1.32,-0.03275776,-0.1146147,-0.3518251,-0.032618166740139315,-0.11177428853022416,-0.34670516287541187,-160.41058064568847,0.23945711200380815,-0.04334672446920251,0.00570184133798296,-0.0013379779938537243,0.005856720904701584
xylosandrus_germanus_trochanter_aligned,33,C.1.33,-0.001836773,-0.09784766,-0.3575806,-0.002659994898427753,-0.09573318353808236,-0.35448873922746416,-168.918671334384,0.23721404779625663,-0.04723367449782698,0.0034587771304314396,-0.0016568550934843481,0.003835141201937795
xylosandrus_germanus_trochanter_aligned,34,C.1.34,0.02892305,-0.07984224,-0.3575327,0.02781868502004564,-0.07832611820908775,-0.3572738522119991,-177.5116188510342,0.23431637843799877,-0.050988905903059135,0.0005611077721735802,-0.001808426813334692,0.0018934755005495857
xylosandrus_germanus_trochanter_aligned,35,C.1.35,0.06255541,-0.05837375,-0.352658,0.06215222578445628,-0.057504854389486264,-0.35411109965527476,-187.34435888626246,0.23246014478604732,-0.05446669539351574,-0.0012951258797778697,-0.0011626197389184095,0.0017404125090889249
xylosandrus_germanus_trochanter_aligned,36,C.1.36,0.09469512,-0.03652709,-0.3423851,0.09522586391873535,-0.036255797042653096,-0.344157814004564,-197.24411778795633,0.23189500285884396,-0.05764867092405761,-0.0018602678069812306,-0.0001928927273573225,0.0018702416736769624
xylosandrus_germanus_trochanter_aligned,37,C.1.37,0.1255361,-0.01571492,-0.3271737,0.12578232218573648,-0.015524388769637264,-0.3277609283734798,-207.10726933101367,0.23309856706514145,-0.061694622745502053,-0.0006567036006837335,-0.00010249418501145192,0.000664653802450654
xylosandrus_germanus_trochanter_aligned,38,C.1.38,0.1560117,0.007435394,-0.3024036,0.15643885069305585,0.0065178977050470155,-0.3019914678333048,-218.2709135024327,0.23407265025414478,-0.06522822359714152,0.000317379588319594,0.0010456482609240356,0.0010927534436712609
xylosandrus_germanus_trochanter_aligned,39,C.1.39,0.1831862,0.02884064,-0.2727118,0.18161792195720677,0.025878536147997955,-0.2699454226774527,-229.28898064659646,0.2376726296868388,-0.06901288992034389,0.003917359021013617,0.0018816739995918515,0.004345848448836741
xylosandrus_germanus_trochanter_aligned,40,C.1.40,0.2062254,0.04614306,-0.2373838,0.20056796415711284,0.041697150248739226,-0.23334975763113747,-240.06780293875403,0.24195848053733912,-0.0745468563731386,0.008203209871513933,0.0008680665126674986,0.0082490115569393
xylosandrus_germanus_trochanter_aligned,41,C.1.41,0.2236903,0.06261523,-0.181273,0.21611193061504297,0.05680155669966065,-0.17876124957932799,-254.42574428776163,0.24361447846013856,-0.08085714165112504,0.009859207794313374,0.0005791300564024219,0.00987620220295629
xylosandrus_germanus_trochanter_aligned,42,C.1.42,0.2275926,0.07294905,-0.1212497,0.21993575710092356,0.06396602971717646,-0.1207917407178866,-268.7349722137888,0.24525173199587896,-0.08472370650481305,0.011496461330053775,0.002713484876207949,0.011812350455638807
xylosandrus_germanus_trochanter_aligned,43,C.1.43,0.2227342,0.07692824,-0.06054236,0.21235210303985863,0.06262617572731319,-0.0639042804125814,-282.76676887259055,0.2511166316795075,-0.08860767485505401,0.017361361013682297,0.004714088709704841,0.017989983007506493
